date,provider,specialty,total_appointments,attended_appointments,no_show_appointments,avg_wait_time_min,avg_visit_duration_min,total_scheduled_minutes,capacity_minutes,utilization_rate,no_show_rate,capacity_gap_minutes,utilization_status
2016-04-29,BH-01,Behavioral Health,4,4,0,19.5,30.5,122,480,0.2542,0.0,-358,Underused
2016-04-29,BH-02,Behavioral Health,1,1,0,16.0,26.0,26,480,0.0542,0.0,-454,Underused
2016-04-29,BH-03,Behavioral Health,4,4,0,15.5,27.5,110,480,0.2292,0.0,-370,Underused
2016-04-29,BH-04,Behavioral Health,7,5,2,16.57,26.86,188,480,0.3917,0.2857,-292,Underused
2016-04-29,BH-05,Behavioral Health,5,4,1,16.2,28.4,142,480,0.2958,0.2,-338,Underused
2016-04-29,BH-06,Behavioral Health,1,1,0,16.0,26.0,26,480,0.0542,0.0,-454,Underused
2016-04-29,BH-07,Behavioral Health,2,1,1,16.0,26.0,52,480,0.1083,0.5,-428,Underused
2016-04-29,BH-08,Behavioral Health,3,3,0,18.0,28.67,86,480,0.1792,0.0,-394,Underused
2016-04-29,BH-09,Behavioral Health,6,6,0,12.83,27.33,164,480,0.3417,0.0,-316,Underused
2016-04-29,BH-10,Behavioral Health,3,3,0,17.67,28.0,84,480,0.175,0.0,-396,Underused
2016-04-29,BH-11,Behavioral Health,4,4,0,15.5,27.0,108,480,0.225,0.0,-372,Underused
2016-04-29,BH-12,Behavioral Health,5,4,1,20.2,28.8,144,480,0.3,0.2,-336,Underused
2016-04-29,BH-13,Behavioral Health,4,2,2,15.5,28.5,114,480,0.2375,0.5,-366,Underused
2016-04-29,BH-14,Behavioral Health,2,1,1,18.5,29.0,58,480,0.1208,0.5,-422,Underused
2016-04-29,BH-15,Behavioral Health,4,3,1,17.5,28.0,112,480,0.2333,0.25,-368,Underused
2016-04-29,BH-16,Behavioral Health,1,1,0,13.0,28.0,28,480,0.0583,0.0,-452,Underused
2016-04-29,BH-17,Behavioral Health,4,4,0,16.75,29.5,118,480,0.2458,0.0,-362,Underused
2016-04-29,BH-18,Behavioral Health,5,5,0,18.2,29.2,146,480,0.3042,0.0,-334,Underused
2016-04-29,BH-20,Behavioral Health,2,1,1,19.0,31.0,62,480,0.1292,0.5,-418,Underused
2016-04-29,BH-21,Behavioral Health,8,6,2,15.12,28.25,226,480,0.4708,0.25,-254,Underused
2016-04-29,BH-22,Behavioral Health,2,2,0,17.5,29.0,58,480,0.1208,0.0,-422,Underused
2016-04-29,BH-24,Behavioral Health,9,8,1,16.56,27.56,248,480,0.5167,0.1111,-232,Underused
2016-04-29,CHR-01,Chronic Care,15,11,4,15.13,25.47,382,510,0.749,0.2667,-128,Balanced
2016-04-29,CHR-02,Chronic Care,16,12,4,16.5,27.25,436,510,0.8549,0.25,-74,Balanced
2016-04-29,CHR-03,Chronic Care,12,12,0,15.33,24.5,294,510,0.5765,0.0,-216,Underused
2016-04-29,CHR-04,Chronic Care,22,19,3,23.32,25.73,566,510,1.1098,0.1364,56,Overloaded
2016-04-29,CHR-05,Chronic Care,13,12,1,15.77,25.54,332,510,0.651,0.0769,-178,Balanced
2016-04-29,CHR-06,Chronic Care,14,13,1,16.0,25.43,356,510,0.698,0.0714,-154,Balanced
2016-04-29,CHR-07,Chronic Care,17,15,2,14.29,24.82,422,510,0.8275,0.1176,-88,Balanced
2016-04-29,CHR-08,Chronic Care,16,14,2,16.19,25.75,412,510,0.8078,0.125,-98,Balanced
2016-04-29,CHR-09,Chronic Care,15,11,4,14.6,26.13,392,510,0.7686,0.2667,-118,Balanced
2016-04-29,CHR-10,Chronic Care,15,13,2,15.67,25.6,384,510,0.7529,0.1333,-126,Balanced
2016-04-29,CHR-11,Chronic Care,12,11,1,15.58,25.0,300,510,0.5882,0.0833,-210,Underused
2016-04-29,CHR-12,Chronic Care,12,12,0,14.33,25.17,302,510,0.5922,0.0,-208,Underused
2016-04-29,CHR-13,Chronic Care,14,9,5,16.07,25.14,352,510,0.6902,0.3571,-158,Balanced
2016-04-29,CHR-14,Chronic Care,15,12,3,16.6,25.6,384,510,0.7529,0.2,-126,Balanced
2016-04-29,CHR-15,Chronic Care,18,14,4,15.22,25.67,462,510,0.9059,0.2222,-48,Overloaded
2016-04-29,CHR-16,Chronic Care,15,13,2,17.87,25.47,382,510,0.749,0.1333,-128,Balanced
2016-04-29,CHR-17,Chronic Care,13,11,2,16.38,26.46,344,510,0.6745,0.1538,-166,Balanced
2016-04-29,CHR-18,Chronic Care,17,15,2,16.29,26.35,448,510,0.8784,0.1176,-62,Balanced
2016-04-29,CHR-19,Chronic Care,19,16,3,16.63,25.47,484,510,0.949,0.1579,-26,Overloaded
2016-04-29,CHR-20,Chronic Care,18,16,2,17.39,25.11,452,510,0.8863,0.1111,-58,Balanced
2016-04-29,CHR-21,Chronic Care,16,12,4,16.31,25.5,408,510,0.8,0.25,-102,Balanced
2016-04-29,CHR-22,Chronic Care,13,10,3,15.08,24.62,320,510,0.6275,0.2308,-190,Balanced
2016-04-29,CHR-23,Chronic Care,8,6,2,16.5,25.5,204,510,0.4,0.25,-306,Underused
2016-04-29,CHR-24,Chronic Care,14,12,2,16.36,25.29,354,510,0.6941,0.1429,-156,Balanced
2016-04-29,FM-01,Family Medicine,28,24,4,11.86,17.29,484,540,0.8963,0.1429,-56,Balanced
2016-04-29,FM-02,Family Medicine,24,16,8,14.25,17.5,420,540,0.7778,0.3333,-120,Balanced
2016-04-29,FM-03,Family Medicine,34,29,5,21.12,17.29,588,540,1.0889,0.1471,48,Overloaded
2016-04-29,FM-04,Family Medicine,32,25,7,15.19,17.31,554,540,1.0259,0.2188,14,Overloaded
2016-04-29,FM-05,Family Medicine,20,16,4,11.25,17.4,348,540,0.6444,0.2,-192,Balanced
2016-04-29,FM-06,Family Medicine,33,24,9,18.88,17.3,571,540,1.0574,0.2727,31,Overloaded
2016-04-29,FM-07,Family Medicine,32,25,7,15.31,17.56,562,540,1.0407,0.2188,22,Overloaded
2016-04-29,FM-08,Family Medicine,37,31,6,36.27,17.49,647,540,1.1981,0.1622,107,Overloaded
2016-04-29,FM-09,Family Medicine,34,27,7,22.5,17.41,592,540,1.0963,0.2059,52,Overloaded
2016-04-29,FM-10,Family Medicine,40,36,4,49.12,17.45,698,540,1.2926,0.1,158,Overloaded
2016-04-29,FM-11,Family Medicine,45,36,9,67.44,17.49,787,540,1.4574,0.2,247,Overloaded
2016-04-29,FM-12,Family Medicine,25,16,9,12.2,17.56,439,540,0.813,0.36,-101,Balanced
2016-04-29,FM-13,Family Medicine,32,28,4,13.47,17.25,552,540,1.0222,0.125,12,Overloaded
2016-04-29,FM-14,Family Medicine,29,19,10,13.62,17.28,501,540,0.9278,0.3448,-39,Overloaded
2016-04-29,FM-15,Family Medicine,31,28,3,14.0,17.26,535,540,0.9907,0.0968,-5,Overloaded
2016-04-29,FM-16,Family Medicine,30,27,3,13.33,17.2,516,540,0.9556,0.1,-24,Overloaded
2016-04-29,FM-17,Family Medicine,26,21,5,12.12,17.38,452,540,0.837,0.1923,-88,Balanced
2016-04-29,FM-18,Family Medicine,29,25,4,13.59,17.48,507,540,0.9389,0.1379,-33,Overloaded
2016-04-29,FM-19,Family Medicine,35,32,3,26.71,17.4,609,540,1.1278,0.0857,69,Overloaded
2016-04-29,FM-20,Family Medicine,23,20,3,10.48,17.43,401,540,0.7426,0.1304,-139,Balanced
2016-04-29,FM-21,Family Medicine,28,22,6,10.93,17.36,486,540,0.9,0.2143,-54,Overloaded
2016-04-29,FM-22,Family Medicine,27,21,6,13.0,17.44,471,540,0.8722,0.2222,-69,Balanced
2016-04-29,FM-23,Family Medicine,36,32,4,31.17,17.39,626,540,1.1593,0.1111,86,Overloaded
2016-04-29,FM-24,Family Medicine,23,17,6,11.65,17.61,405,540,0.75,0.2609,-135,Balanced
2016-04-29,GER-01,Geriatrics,20,19,1,32.1,32.2,644,480,1.3417,0.05,164,Overloaded
2016-04-29,GER-02,Geriatrics,16,15,1,19.31,32.12,514,480,1.0708,0.0625,34,Overloaded
2016-04-29,GER-03,Geriatrics,15,11,4,16.2,33.53,503,480,1.0479,0.2667,23,Overloaded
2016-04-29,GER-04,Geriatrics,14,11,3,17.43,33.29,466,480,0.9708,0.2143,-14,Overloaded
2016-04-29,GER-05,Geriatrics,17,14,3,19.59,31.82,541,480,1.1271,0.1765,61,Overloaded
2016-04-29,GER-06,Geriatrics,11,9,2,13.82,31.18,343,480,0.7146,0.1818,-137,Balanced
2016-04-29,GER-07,Geriatrics,16,14,2,20.06,33.62,538,480,1.1208,0.125,58,Overloaded
2016-04-29,GER-08,Geriatrics,13,12,1,13.54,33.0,429,480,0.8938,0.0769,-51,Balanced
2016-04-29,GER-09,Geriatrics,12,8,4,14.83,34.0,408,480,0.85,0.3333,-72,Balanced
2016-04-29,GER-10,Geriatrics,12,8,4,13.0,32.67,392,480,0.8167,0.3333,-88,Balanced
2016-04-29,GER-11,Geriatrics,19,15,4,32.89,33.63,639,480,1.3312,0.2105,159,Overloaded
2016-04-29,GER-12,Geriatrics,16,16,0,22.81,34.25,548,480,1.1417,0.0,68,Overloaded
2016-04-29,GER-13,Geriatrics,19,19,0,31.47,33.63,639,480,1.3312,0.0,159,Overloaded
2016-04-29,GER-14,Geriatrics,12,10,2,15.92,33.67,404,480,0.8417,0.1667,-76,Balanced
2016-04-29,GER-15,Geriatrics,18,15,3,21.78,31.33,564,480,1.175,0.1667,84,Overloaded
2016-04-29,GER-16,Geriatrics,15,13,2,19.67,33.8,507,480,1.0562,0.1333,27,Overloaded
2016-04-29,GER-17,Geriatrics,20,18,2,35.25,33.1,662,480,1.3792,0.1,182,Overloaded
2016-04-29,GER-18,Geriatrics,16,16,0,21.88,33.5,536,480,1.1167,0.0,56,Overloaded
2016-04-29,GER-19,Geriatrics,13,12,1,13.54,33.0,429,480,0.8938,0.0769,-51,Balanced
2016-04-29,GER-20,Geriatrics,26,22,4,59.42,33.15,862,480,1.7958,0.1538,382,Overloaded
2016-04-29,GER-21,Geriatrics,16,14,2,17.0,32.12,514,480,1.0708,0.125,34,Overloaded
2016-04-29,GER-22,Geriatrics,12,10,2,12.25,32.5,390,480,0.8125,0.1667,-90,Balanced
2016-04-29,GER-23,Geriatrics,16,15,1,18.0,32.25,516,480,1.075,0.0625,36,Overloaded
2016-04-29,GER-24,Geriatrics,11,8,3,14.55,31.0,341,480,0.7104,0.2727,-139,Balanced
2016-04-29,PED-01,Pediatrics,36,33,3,14.53,15.39,554,540,1.0259,0.0833,14,Overloaded
2016-04-29,PED-02,Pediatrics,37,29,8,18.54,15.3,566,540,1.0481,0.2162,26,Overloaded
2016-04-29,PED-03,Pediatrics,39,31,8,25.03,15.15,591,540,1.0944,0.2051,51,Overloaded
2016-04-29,PED-04,Pediatrics,34,25,9,11.68,15.18,516,540,0.9556,0.2647,-24,Overloaded
2016-04-29,PED-05,Pediatrics,38,30,8,24.32,15.42,586,540,1.0852,0.2105,46,Overloaded
2016-04-29,PED-06,Pediatrics,41,29,12,34.88,15.29,627,540,1.1611,0.2927,87,Overloaded
2016-04-29,PED-07,Pediatrics,43,34,9,43.33,15.49,666,540,1.2333,0.2093,126,Overloaded
2016-04-29,PED-08,Pediatrics,26,19,7,13.0,15.27,397,540,0.7352,0.2692,-143,Balanced
2016-04-29,PED-09,Pediatrics,44,33,11,44.73,15.27,672,540,1.2444,0.25,132,Overloaded
2016-04-29,PED-10,Pediatrics,46,38,8,54.74,15.3,704,540,1.3037,0.1739,164,Overloaded
2016-04-29,PED-11,Pediatrics,27,20,7,11.74,15.33,414,540,0.7667,0.2593,-126,Balanced
2016-04-29,PED-12,Pediatrics,40,33,7,30.68,15.22,609,540,1.1278,0.175,69,Overloaded
2016-04-29,PED-13,Pediatrics,31,24,7,11.74,15.16,470,540,0.8704,0.2258,-70,Balanced
2016-04-29,PED-14,Pediatrics,25,21,4,11.56,15.28,382,540,0.7074,0.16,-158,Balanced
2016-04-29,PED-15,Pediatrics,31,22,9,12.58,15.45,479,540,0.887,0.2903,-61,Balanced
2016-04-29,PED-16,Pediatrics,41,34,7,35.34,15.2,623,540,1.1537,0.1707,83,Overloaded
2016-04-29,PED-17,Pediatrics,30,24,6,11.97,15.3,459,540,0.85,0.2,-81,Balanced
2016-04-29,PED-18,Pediatrics,39,29,10,25.64,15.28,596,540,1.1037,0.2564,56,Overloaded
2016-04-29,PED-19,Pediatrics,32,28,4,11.19,15.41,493,540,0.913,0.125,-47,Overloaded
2016-04-29,PED-20,Pediatrics,35,26,9,15.14,15.46,541,540,1.0019,0.2571,1,Overloaded
2016-04-29,PED-21,Pediatrics,35,24,11,11.74,15.31,536,540,0.9926,0.3143,-4,Overloaded
2016-04-29,PED-22,Pediatrics,35,27,8,13.34,15.31,536,540,0.9926,0.2286,-4,Overloaded
2016-04-29,PED-23,Pediatrics,24,17,7,11.08,15.08,362,540,0.6704,0.2917,-178,Balanced
2016-04-29,PED-24,Pediatrics,31,27,4,12.74,15.1,468,540,0.8667,0.129,-72,Balanced
2016-04-29,REH-01,Rehabilitation,4,4,0,19.75,38.25,153,450,0.34,0.0,-297,Underused
2016-04-29,REH-02,Rehabilitation,5,5,0,21.0,38.6,193,450,0.4289,0.0,-257,Underused
2016-04-29,REH-03,Rehabilitation,6,6,0,17.0,37.33,224,450,0.4978,0.0,-226,Underused
2016-04-29,REH-05,Rehabilitation,3,3,0,17.0,38.0,114,450,0.2533,0.0,-336,Underused
2016-04-29,REH-06,Rehabilitation,3,3,0,18.33,40.0,120,450,0.2667,0.0,-330,Underused
2016-04-29,REH-08,Rehabilitation,1,1,0,16.0,32.0,32,450,0.0711,0.0,-418,Underused
2016-04-29,REH-09,Rehabilitation,2,2,0,19.0,35.0,70,450,0.1556,0.0,-380,Underused
2016-04-29,REH-10,Rehabilitation,3,2,1,18.0,37.67,113,450,0.2511,0.3333,-337,Underused
2016-04-29,REH-12,Rehabilitation,3,3,0,19.0,41.33,124,450,0.2756,0.0,-326,Underused
2016-04-29,REH-13,Rehabilitation,2,1,1,18.5,35.5,71,450,0.1578,0.5,-379,Underused
2016-04-29,REH-14,Rehabilitation,2,2,0,18.5,37.0,74,450,0.1644,0.0,-376,Underused
2016-04-29,REH-15,Rehabilitation,2,2,0,16.0,31.0,62,450,0.1378,0.0,-388,Underused
2016-04-29,REH-16,Rehabilitation,7,6,1,17.29,37.71,264,450,0.5867,0.1429,-186,Underused
2016-04-29,REH-17,Rehabilitation,3,3,0,15.33,36.67,110,450,0.2444,0.0,-340,Underused
2016-04-29,REH-18,Rehabilitation,1,1,0,27.0,40.0,40,450,0.0889,0.0,-410,Underused
2016-04-29,REH-19,Rehabilitation,3,3,0,17.0,35.67,107,450,0.2378,0.0,-343,Underused
2016-04-29,REH-20,Rehabilitation,3,3,0,20.33,35.33,106,450,0.2356,0.0,-344,Underused
2016-04-29,REH-21,Rehabilitation,1,1,0,18.0,34.0,34,450,0.0756,0.0,-416,Underused
2016-04-29,REH-22,Rehabilitation,6,5,1,17.67,35.33,212,450,0.4711,0.1667,-238,Underused
2016-04-29,REH-23,Rehabilitation,4,3,1,16.25,36.5,146,450,0.3244,0.25,-304,Underused
2016-04-29,REH-24,Rehabilitation,1,1,0,17.0,47.0,47,450,0.1044,0.0,-403,Underused
2016-04-29,WH-01,Women's Health,24,17,7,10.92,18.33,440,540,0.8148,0.2917,-100,Balanced
2016-04-29,WH-02,Women's Health,36,28,8,39.36,18.56,668,540,1.237,0.2222,128,Overloaded
2016-04-29,WH-03,Women's Health,33,24,9,27.73,18.67,616,540,1.1407,0.2727,76,Overloaded
2016-04-29,WH-04,Women's Health,30,26,4,16.5,18.67,560,540,1.037,0.1333,20,Overloaded
2016-04-29,WH-05,Women's Health,30,24,6,12.23,18.27,548,540,1.0148,0.2,8,Overloaded
2016-04-29,WH-06,Women's Health,46,38,8,80.13,18.74,862,540,1.5963,0.1739,322,Overloaded
2016-04-29,WH-07,Women's Health,32,24,8,22.12,18.5,592,540,1.0963,0.25,52,Overloaded
2016-04-29,WH-08,Women's Health,39,31,8,50.38,18.51,722,540,1.337,0.2051,182,Overloaded
2016-04-29,WH-09,Women's Health,37,24,13,42.81,18.59,688,540,1.2741,0.3514,148,Overloaded
2016-04-29,WH-10,Women's Health,31,25,6,20.39,18.71,580,540,1.0741,0.1935,40,Overloaded
2016-04-29,WH-11,Women's Health,33,29,4,27.94,18.67,616,540,1.1407,0.1212,76,Overloaded
2016-04-29,WH-12,Women's Health,29,23,6,15.97,18.9,548,540,1.0148,0.2069,8,Overloaded
2016-04-29,WH-13,Women's Health,26,16,10,11.35,18.77,488,540,0.9037,0.3846,-52,Overloaded
2016-04-29,WH-14,Women's Health,26,22,4,11.77,18.62,484,540,0.8963,0.1538,-56,Balanced
2016-04-29,WH-15,Women's Health,38,28,10,47.5,18.63,708,540,1.3111,0.2632,168,Overloaded
2016-04-29,WH-16,Women's Health,31,23,8,21.32,19.03,590,540,1.0926,0.2581,50,Overloaded
2016-04-29,WH-17,Women's Health,27,20,7,11.85,18.89,510,540,0.9444,0.2593,-30,Overloaded
2016-04-29,WH-18,Women's Health,28,21,7,14.07,18.79,526,540,0.9741,0.25,-14,Overloaded
2016-04-29,WH-19,Women's Health,24,19,5,11.04,18.67,448,540,0.8296,0.2083,-92,Balanced
2016-04-29,WH-20,Women's Health,36,28,8,41.19,18.83,678,540,1.2556,0.2222,138,Overloaded
2016-04-29,WH-21,Women's Health,35,27,8,33.63,18.46,646,540,1.1963,0.2286,106,Overloaded
2016-04-29,WH-22,Women's Health,40,26,14,55.22,18.7,748,540,1.3852,0.35,208,Overloaded
2016-04-29,WH-23,Women's Health,27,20,7,11.33,18.67,504,540,0.9333,0.2593,-36,Overloaded
2016-04-29,WH-24,Women's Health,39,27,12,53.08,18.92,738,540,1.3667,0.3077,198,Overloaded
2016-05-02,BH-01,Behavioral Health,8,7,1,15.75,28.0,224,480,0.4667,0.125,-256,Underused
2016-05-02,BH-02,Behavioral Health,5,5,0,16.4,29.6,148,480,0.3083,0.0,-332,Underused
2016-05-02,BH-03,Behavioral Health,4,4,0,17.75,30.5,122,480,0.2542,0.0,-358,Underused
2016-05-02,BH-04,Behavioral Health,8,6,2,15.75,27.0,216,480,0.45,0.25,-264,Underused
2016-05-02,BH-05,Behavioral Health,3,3,0,16.0,28.67,86,480,0.1792,0.0,-394,Underused
2016-05-02,BH-06,Behavioral Health,5,3,2,15.6,27.2,136,480,0.2833,0.4,-344,Underused
2016-05-02,BH-07,Behavioral Health,7,4,3,15.14,28.0,196,480,0.4083,0.4286,-284,Underused
2016-05-02,BH-08,Behavioral Health,7,7,0,16.86,28.29,198,480,0.4125,0.0,-282,Underused
2016-05-02,BH-09,Behavioral Health,5,5,0,16.6,27.2,136,480,0.2833,0.0,-344,Underused
2016-05-02,BH-10,Behavioral Health,1,1,0,24.0,30.0,30,480,0.0625,0.0,-450,Underused
2016-05-02,BH-11,Behavioral Health,8,7,1,16.88,28.5,228,480,0.475,0.125,-252,Underused
2016-05-02,BH-12,Behavioral Health,6,6,0,16.17,28.33,170,480,0.3542,0.0,-310,Underused
2016-05-02,BH-13,Behavioral Health,8,6,2,16.25,29.0,232,480,0.4833,0.25,-248,Underused
2016-05-02,BH-14,Behavioral Health,5,5,0,17.6,28.0,140,480,0.2917,0.0,-340,Underused
2016-05-02,BH-15,Behavioral Health,3,3,0,16.67,26.0,78,480,0.1625,0.0,-402,Underused
2016-05-02,BH-16,Behavioral Health,7,5,2,15.86,28.57,200,480,0.4167,0.2857,-280,Underused
2016-05-02,BH-17,Behavioral Health,5,3,2,14.6,26.8,134,480,0.2792,0.4,-346,Underused
2016-05-02,BH-18,Behavioral Health,10,7,3,17.8,27.6,276,480,0.575,0.3,-204,Underused
2016-05-02,BH-19,Behavioral Health,4,3,1,14.25,28.0,112,480,0.2333,0.25,-368,Underused
2016-05-02,BH-20,Behavioral Health,3,2,1,15.0,26.0,78,480,0.1625,0.3333,-402,Underused
2016-05-02,BH-21,Behavioral Health,2,2,0,15.0,30.0,60,480,0.125,0.0,-420,Underused
2016-05-02,BH-22,Behavioral Health,4,3,1,16.75,27.0,108,480,0.225,0.25,-372,Underused
2016-05-02,BH-23,Behavioral Health,2,1,1,13.5,28.0,56,480,0.1167,0.5,-424,Underused
2016-05-02,BH-24,Behavioral Health,7,6,1,16.14,27.43,192,480,0.4,0.1429,-288,Underused
2016-05-02,CHR-01,Chronic Care,36,28,8,76.42,25.06,902,510,1.7686,0.2222,392,Overloaded
2016-05-02,CHR-02,Chronic Care,23,18,5,28.87,25.48,586,510,1.149,0.2174,76,Overloaded
2016-05-02,CHR-03,Chronic Care,19,15,4,15.89,25.26,480,510,0.9412,0.2105,-30,Overloaded
2016-05-02,CHR-04,Chronic Care,23,20,3,27.78,25.65,590,510,1.1569,0.1304,80,Overloaded
2016-05-02,CHR-05,Chronic Care,22,17,5,24.05,25.91,570,510,1.1176,0.2273,60,Overloaded
2016-05-02,CHR-06,Chronic Care,37,36,1,85.08,25.73,952,510,1.8667,0.027,442,Overloaded
2016-05-02,CHR-07,Chronic Care,15,11,4,13.47,24.27,364,510,0.7137,0.2667,-146,Balanced
2016-05-02,CHR-08,Chronic Care,15,13,2,15.33,25.73,386,510,0.7569,0.1333,-124,Balanced
2016-05-02,CHR-09,Chronic Care,16,13,3,14.75,25.5,408,510,0.8,0.1875,-102,Balanced
2016-05-02,CHR-10,Chronic Care,21,17,4,18.95,24.86,522,510,1.0235,0.1905,12,Overloaded
2016-05-02,CHR-11,Chronic Care,24,17,7,30.04,25.33,608,510,1.1922,0.2917,98,Overloaded
2016-05-02,CHR-12,Chronic Care,17,13,4,16.71,25.53,434,510,0.851,0.2353,-76,Balanced
2016-05-02,CHR-13,Chronic Care,23,18,5,24.74,25.04,576,510,1.1294,0.2174,66,Overloaded
2016-05-02,CHR-14,Chronic Care,22,19,3,23.55,25.0,550,510,1.0784,0.1364,40,Overloaded
2016-05-02,CHR-15,Chronic Care,18,16,2,14.44,25.67,462,510,0.9059,0.1111,-48,Overloaded
2016-05-02,CHR-16,Chronic Care,19,15,4,16.89,25.47,484,510,0.949,0.2105,-26,Overloaded
2016-05-02,CHR-17,Chronic Care,22,18,4,20.73,24.91,548,510,1.0745,0.1818,38,Overloaded
2016-05-02,CHR-18,Chronic Care,25,18,7,36.16,25.68,642,510,1.2588,0.28,132,Overloaded
2016-05-02,CHR-19,Chronic Care,32,22,10,62.59,25.38,812,510,1.5922,0.3125,302,Overloaded
2016-05-02,CHR-20,Chronic Care,20,14,6,16.25,25.1,502,510,0.9843,0.3,-8,Overloaded
2016-05-02,CHR-21,Chronic Care,24,22,2,28.12,25.17,604,510,1.1843,0.0833,94,Overloaded
2016-05-02,CHR-22,Chronic Care,22,20,2,21.68,24.82,546,510,1.0706,0.0909,36,Overloaded
2016-05-02,CHR-23,Chronic Care,20,16,4,17.65,25.3,506,510,0.9922,0.2,-4,Overloaded
2016-05-02,CHR-24,Chronic Care,15,13,2,16.0,25.87,388,510,0.7608,0.1333,-122,Balanced
2016-05-02,FM-01,Family Medicine,50,43,7,84.98,17.28,864,540,1.6,0.14,324,Overloaded
2016-05-02,FM-02,Family Medicine,41,35,6,48.78,17.2,705,540,1.3056,0.1463,165,Overloaded
2016-05-02,FM-03,Family Medicine,51,42,9,87.65,17.16,875,540,1.6204,0.1765,335,Overloaded
2016-05-02,FM-04,Family Medicine,46,33,13,71.5,17.43,802,540,1.4852,0.2826,262,Overloaded
2016-05-02,FM-05,Family Medicine,42,33,9,52.02,17.14,720,540,1.3333,0.2143,180,Overloaded
2016-05-02,FM-06,Family Medicine,38,32,6,37.87,17.26,656,540,1.2148,0.1579,116,Overloaded
2016-05-02,FM-07,Family Medicine,41,32,9,48.78,17.29,709,540,1.313,0.2195,169,Overloaded
2016-05-02,FM-08,Family Medicine,47,38,9,75.19,17.3,813,540,1.5056,0.1915,273,Overloaded
2016-05-02,FM-09,Family Medicine,43,34,9,57.67,17.28,743,540,1.3759,0.2093,203,Overloaded
2016-05-02,FM-10,Family Medicine,42,33,9,52.83,17.14,720,540,1.3333,0.2143,180,Overloaded
2016-05-02,FM-11,Family Medicine,42,38,4,53.5,17.24,724,540,1.3407,0.0952,184,Overloaded
2016-05-02,FM-12,Family Medicine,44,35,9,63.75,17.5,770,540,1.4259,0.2045,230,Overloaded
2016-05-02,FM-13,Family Medicine,31,24,7,12.39,17.19,533,540,0.987,0.2258,-7,Overloaded
2016-05-02,FM-14,Family Medicine,46,37,9,69.76,17.22,792,540,1.4667,0.1957,252,Overloaded
2016-05-02,FM-15,Family Medicine,40,32,8,48.45,17.55,702,540,1.3,0.2,162,Overloaded
2016-05-02,FM-16,Family Medicine,41,30,11,51.59,17.44,715,540,1.3241,0.2683,175,Overloaded
2016-05-02,FM-17,Family Medicine,23,16,7,10.91,17.17,395,540,0.7315,0.3043,-145,Balanced
2016-05-02,FM-18,Family Medicine,51,43,8,88.8,17.24,879,540,1.6278,0.1569,339,Overloaded
2016-05-02,FM-19,Family Medicine,43,31,12,59.12,17.51,753,540,1.3944,0.2791,213,Overloaded
2016-05-02,FM-20,Family Medicine,36,26,10,29.61,17.22,620,540,1.1481,0.2778,80,Overloaded
2016-05-02,FM-21,Family Medicine,40,28,12,44.2,17.25,690,540,1.2778,0.3,150,Overloaded
2016-05-02,FM-22,Family Medicine,49,39,10,83.33,17.49,857,540,1.587,0.2041,317,Overloaded
2016-05-02,FM-23,Family Medicine,46,40,6,69.72,17.26,794,540,1.4704,0.1304,254,Overloaded
2016-05-02,FM-24,Family Medicine,54,45,9,95.0,17.33,936,540,1.7333,0.1667,396,Overloaded
2016-05-02,GER-01,Geriatrics,14,13,1,13.79,32.43,454,480,0.9458,0.0714,-26,Overloaded
2016-05-02,GER-02,Geriatrics,20,18,2,32.75,32.5,650,480,1.3542,0.1,170,Overloaded
2016-05-02,GER-03,Geriatrics,29,27,2,68.93,32.38,939,480,1.9562,0.069,459,Overloaded
2016-05-02,GER-04,Geriatrics,21,18,3,35.1,31.29,657,480,1.3688,0.1429,177,Overloaded
2016-05-02,GER-05,Geriatrics,16,16,0,18.25,32.5,520,480,1.0833,0.0,40,Overloaded
2016-05-02,GER-06,Geriatrics,22,20,2,41.41,32.27,710,480,1.4792,0.0909,230,Overloaded
2016-05-02,GER-07,Geriatrics,30,27,3,74.3,33.13,994,480,2.0708,0.1,514,Overloaded
2016-05-02,GER-08,Geriatrics,21,18,3,37.33,32.43,681,480,1.4188,0.1429,201,Overloaded
2016-05-02,GER-09,Geriatrics,25,22,3,52.32,32.12,803,480,1.6729,0.12,323,Overloaded
2016-05-02,GER-10,Geriatrics,25,21,4,52.6,32.04,801,480,1.6688,0.16,321,Overloaded
2016-05-02,GER-11,Geriatrics,26,18,8,53.96,31.62,822,480,1.7125,0.3077,342,Overloaded
2016-05-02,GER-12,Geriatrics,22,20,2,42.09,32.45,714,480,1.4875,0.0909,234,Overloaded
2016-05-02,GER-13,Geriatrics,23,18,5,43.26,32.22,741,480,1.5438,0.2174,261,Overloaded
2016-05-02,GER-14,Geriatrics,16,12,4,22.44,33.38,534,480,1.1125,0.25,54,Overloaded
2016-05-02,GER-15,Geriatrics,17,15,2,22.12,32.76,557,480,1.1604,0.1176,77,Overloaded
2016-05-02,GER-16,Geriatrics,24,20,4,52.88,33.33,800,480,1.6667,0.1667,320,Overloaded
2016-05-02,GER-17,Geriatrics,31,28,3,78.32,32.87,1019,480,2.1229,0.0968,539,Overloaded
2016-05-02,GER-18,Geriatrics,10,8,2,13.4,33.6,336,480,0.7,0.2,-144,Balanced
2016-05-02,GER-19,Geriatrics,22,16,6,39.86,32.45,714,480,1.4875,0.2727,234,Overloaded
2016-05-02,GER-20,Geriatrics,22,19,3,42.55,33.18,730,480,1.5208,0.1364,250,Overloaded
2016-05-02,GER-21,Geriatrics,22,20,2,40.77,32.27,710,480,1.4792,0.0909,230,Overloaded
2016-05-02,GER-22,Geriatrics,31,26,5,79.45,33.39,1035,480,2.1562,0.1613,555,Overloaded
2016-05-02,GER-23,Geriatrics,19,15,4,27.89,32.68,621,480,1.2938,0.2105,141,Overloaded
2016-05-02,GER-24,Geriatrics,32,27,5,85.22,34.06,1090,480,2.2708,0.1562,610,Overloaded
2016-05-02,PED-01,Pediatrics,40,31,9,27.88,15.12,605,540,1.1204,0.225,65,Overloaded
2016-05-02,PED-02,Pediatrics,52,42,10,77.15,15.15,788,540,1.4593,0.1923,248,Overloaded
2016-05-02,PED-03,Pediatrics,42,32,10,35.9,15.12,635,540,1.1759,0.2381,95,Overloaded
2016-05-02,PED-04,Pediatrics,43,30,13,42.05,15.28,657,540,1.2167,0.3023,117,Overloaded
2016-05-02,PED-05,Pediatrics,42,33,9,38.57,15.45,649,540,1.2019,0.2143,109,Overloaded
2016-05-02,PED-06,Pediatrics,52,42,10,76.98,15.15,788,540,1.4593,0.1923,248,Overloaded
2016-05-02,PED-07,Pediatrics,51,43,8,72.75,15.22,776,540,1.437,0.1569,236,Overloaded
2016-05-02,PED-08,Pediatrics,35,30,5,12.89,15.2,532,540,0.9852,0.1429,-8,Overloaded
2016-05-02,PED-09,Pediatrics,54,45,9,85.26,15.28,825,540,1.5278,0.1667,285,Overloaded
2016-05-02,PED-10,Pediatrics,51,41,10,74.39,15.22,776,540,1.437,0.1961,236,Overloaded
2016-05-02,PED-11,Pediatrics,47,37,10,57.23,15.21,715,540,1.3241,0.2128,175,Overloaded
2016-05-02,PED-12,Pediatrics,40,31,9,30.88,15.28,611,540,1.1315,0.225,71,Overloaded
2016-05-02,PED-13,Pediatrics,48,35,13,60.54,15.15,727,540,1.3463,0.2708,187,Overloaded
2016-05-02,PED-14,Pediatrics,48,38,10,61.23,15.19,729,540,1.35,0.2083,189,Overloaded
2016-05-02,PED-15,Pediatrics,35,33,2,14.6,15.29,535,540,0.9907,0.0571,-5,Overloaded
2016-05-02,PED-16,Pediatrics,45,34,11,50.87,15.33,690,540,1.2778,0.2444,150,Overloaded
2016-05-02,PED-17,Pediatrics,41,29,12,33.41,15.34,629,540,1.1648,0.2927,89,Overloaded
2016-05-02,PED-18,Pediatrics,43,28,15,43.42,15.37,661,540,1.2241,0.3488,121,Overloaded
2016-05-02,PED-19,Pediatrics,55,45,10,88.75,15.22,837,540,1.55,0.1818,297,Overloaded
2016-05-02,PED-20,Pediatrics,47,40,7,57.38,15.13,711,540,1.3167,0.1489,171,Overloaded
2016-05-02,PED-21,Pediatrics,49,37,12,63.98,15.12,741,540,1.3722,0.2449,201,Overloaded
2016-05-02,PED-22,Pediatrics,46,36,10,52.72,15.17,698,540,1.2926,0.2174,158,Overloaded
2016-05-02,PED-23,Pediatrics,57,46,11,93.77,15.28,871,540,1.613,0.193,331,Overloaded
2016-05-02,PED-24,Pediatrics,51,46,5,74.06,15.18,774,540,1.4333,0.098,234,Overloaded
2016-05-02,REH-01,Rehabilitation,1,0,1,17.0,45.0,45,450,0.1,1.0,-405,Underused
2016-05-02,REH-02,Rehabilitation,2,2,0,17.5,37.5,75,450,0.1667,0.0,-375,Underused
2016-05-02,REH-03,Rehabilitation,3,3,0,14.33,32.0,96,450,0.2133,0.0,-354,Underused
2016-05-02,REH-04,Rehabilitation,4,4,0,15.5,34.75,139,450,0.3089,0.0,-311,Underused
2016-05-02,REH-05,Rehabilitation,7,7,0,15.29,36.86,258,450,0.5733,0.0,-192,Underused
2016-05-02,REH-06,Rehabilitation,2,1,1,12.0,32.0,64,450,0.1422,0.5,-386,Underused
2016-05-02,REH-07,Rehabilitation,4,2,2,17.5,38.5,154,450,0.3422,0.5,-296,Underused
2016-05-02,REH-08,Rehabilitation,4,1,3,16.0,34.25,137,450,0.3044,0.75,-313,Underused
2016-05-02,REH-09,Rehabilitation,2,2,0,17.5,36.5,73,450,0.1622,0.0,-377,Underused
2016-05-02,REH-10,Rehabilitation,1,1,0,11.0,30.0,30,450,0.0667,0.0,-420,Underused
2016-05-02,REH-11,Rehabilitation,8,8,0,17.38,37.38,299,450,0.6644,0.0,-151,Balanced
2016-05-02,REH-12,Rehabilitation,10,8,2,19.1,36.9,369,450,0.82,0.2,-81,Balanced
2016-05-02,REH-13,Rehabilitation,4,3,1,19.5,38.0,152,450,0.3378,0.25,-298,Underused
2016-05-02,REH-14,Rehabilitation,3,2,1,18.0,37.67,113,450,0.2511,0.3333,-337,Underused
2016-05-02,REH-15,Rehabilitation,7,5,2,17.86,39.14,274,450,0.6089,0.2857,-176,Balanced
2016-05-02,REH-16,Rehabilitation,2,2,0,23.0,38.0,76,450,0.1689,0.0,-374,Underused
2016-05-02,REH-17,Rehabilitation,8,7,1,19.88,39.25,314,450,0.6978,0.125,-136,Balanced
2016-05-02,REH-18,Rehabilitation,5,2,3,14.2,35.4,177,450,0.3933,0.6,-273,Underused
2016-05-02,REH-19,Rehabilitation,4,4,0,16.25,35.75,143,450,0.3178,0.0,-307,Underused
2016-05-02,REH-20,Rehabilitation,8,6,2,15.5,36.0,288,450,0.64,0.25,-162,Balanced
2016-05-02,REH-21,Rehabilitation,7,7,0,17.71,35.57,249,450,0.5533,0.0,-201,Underused
2016-05-02,REH-23,Rehabilitation,3,2,1,17.0,39.33,118,450,0.2622,0.3333,-332,Underused
2016-05-02,REH-24,Rehabilitation,2,2,0,20.5,40.0,80,450,0.1778,0.0,-370,Underused
2016-05-02,WH-01,Women's Health,37,29,8,42.14,18.43,682,540,1.263,0.2162,142,Overloaded
2016-05-02,WH-02,Women's Health,31,24,7,16.65,18.19,564,540,1.0444,0.2258,24,Overloaded
2016-05-02,WH-03,Women's Health,46,36,10,77.65,18.39,846,540,1.5667,0.2174,306,Overloaded
2016-05-02,WH-04,Women's Health,44,37,7,70.11,18.36,808,540,1.4963,0.1591,268,Overloaded
2016-05-02,WH-05,Women's Health,41,37,4,57.46,18.44,756,540,1.4,0.0976,216,Overloaded
2016-05-02,WH-06,Women's Health,25,18,7,13.44,18.56,464,540,0.8593,0.28,-76,Balanced
2016-05-02,WH-07,Women's Health,37,31,6,41.08,18.38,680,540,1.2593,0.1622,140,Overloaded
2016-05-02,WH-08,Women's Health,46,36,10,78.91,18.48,850,540,1.5741,0.2174,310,Overloaded
2016-05-02,WH-09,Women's Health,39,34,5,51.59,18.82,734,540,1.3593,0.1282,194,Overloaded
2016-05-02,WH-10,Women's Health,37,31,6,43.14,18.59,688,540,1.2741,0.1622,148,Overloaded
2016-05-02,WH-11,Women's Health,39,34,5,51.64,18.67,728,540,1.3481,0.1282,188,Overloaded
2016-05-02,WH-12,Women's Health,29,18,11,13.72,18.69,542,540,1.0037,0.3793,2,Overloaded
2016-05-02,WH-13,Women's Health,48,37,11,86.6,18.67,896,540,1.6593,0.2292,356,Overloaded
2016-05-02,WH-14,Women's Health,42,29,13,62.83,18.52,778,540,1.4407,0.3095,238,Overloaded
2016-05-02,WH-15,Women's Health,30,20,10,14.4,18.67,560,540,1.037,0.3333,20,Overloaded
2016-05-02,WH-16,Women's Health,43,35,8,67.05,18.42,792,540,1.4667,0.186,252,Overloaded
2016-05-02,WH-17,Women's Health,32,22,10,21.78,18.56,594,540,1.1,0.3125,54,Overloaded
2016-05-02,WH-18,Women's Health,42,36,6,62.29,18.38,772,540,1.4296,0.1429,232,Overloaded
2016-05-02,WH-19,Women's Health,33,21,12,25.12,18.3,604,540,1.1185,0.3636,64,Overloaded
2016-05-02,WH-20,Women's Health,44,35,9,72.11,18.5,814,540,1.5074,0.2045,274,Overloaded
2016-05-02,WH-21,Women's Health,34,32,2,29.74,18.47,628,540,1.163,0.0588,88,Overloaded
2016-05-02,WH-22,Women's Health,45,32,13,75.56,18.62,838,540,1.5519,0.2889,298,Overloaded
2016-05-02,WH-23,Women's Health,41,32,9,58.73,18.49,758,540,1.4037,0.2195,218,Overloaded
2016-05-02,WH-24,Women's Health,52,40,12,95.0,18.58,966,540,1.7889,0.2308,426,Overloaded
2016-05-03,BH-01,Behavioral Health,3,2,1,18.0,28.67,86,480,0.1792,0.3333,-394,Underused
2016-05-03,BH-02,Behavioral Health,8,6,2,15.38,27.0,216,480,0.45,0.25,-264,Underused
2016-05-03,BH-03,Behavioral Health,1,0,1,11.0,26.0,26,480,0.0542,1.0,-454,Underused
2016-05-03,BH-04,Behavioral Health,1,1,0,21.0,26.0,26,480,0.0542,0.0,-454,Underused
2016-05-03,BH-05,Behavioral Health,10,9,1,17.3,29.0,290,480,0.6042,0.1,-190,Balanced
2016-05-03,BH-06,Behavioral Health,3,0,3,15.0,32.0,96,480,0.2,1.0,-384,Underused
2016-05-03,BH-07,Behavioral Health,5,3,2,16.2,28.0,140,480,0.2917,0.4,-340,Underused
2016-05-03,BH-08,Behavioral Health,5,4,1,17.6,27.6,138,480,0.2875,0.2,-342,Underused
2016-05-03,BH-09,Behavioral Health,5,4,1,15.4,26.4,132,480,0.275,0.2,-348,Underused
2016-05-03,BH-10,Behavioral Health,3,3,0,15.33,27.33,82,480,0.1708,0.0,-398,Underused
2016-05-03,BH-11,Behavioral Health,5,5,0,17.8,29.2,146,480,0.3042,0.0,-334,Underused
2016-05-03,BH-12,Behavioral Health,1,1,0,19.0,30.0,30,480,0.0625,0.0,-450,Underused
2016-05-03,BH-13,Behavioral Health,9,5,4,18.11,30.44,274,480,0.5708,0.4444,-206,Underused
2016-05-03,BH-14,Behavioral Health,3,3,0,15.33,28.67,86,480,0.1792,0.0,-394,Underused
2016-05-03,BH-15,Behavioral Health,8,6,2,18.12,28.75,230,480,0.4792,0.25,-250,Underused
2016-05-03,BH-16,Behavioral Health,7,7,0,16.57,28.29,198,480,0.4125,0.0,-282,Underused
2016-05-03,BH-17,Behavioral Health,3,3,0,18.67,27.33,82,480,0.1708,0.0,-398,Underused
2016-05-03,BH-18,Behavioral Health,3,1,2,17.0,27.33,82,480,0.1708,0.6667,-398,Underused
2016-05-03,BH-19,Behavioral Health,6,6,0,17.5,28.0,168,480,0.35,0.0,-312,Underused
2016-05-03,BH-20,Behavioral Health,2,2,0,13.5,26.0,52,480,0.1083,0.0,-428,Underused
2016-05-03,BH-21,Behavioral Health,5,3,2,17.2,28.0,140,480,0.2917,0.4,-340,Underused
2016-05-03,BH-22,Behavioral Health,5,5,0,17.6,28.4,142,480,0.2958,0.0,-338,Underused
2016-05-03,BH-23,Behavioral Health,7,5,2,14.71,28.57,200,480,0.4167,0.2857,-280,Underused
2016-05-03,BH-24,Behavioral Health,2,2,0,18.0,32.0,64,480,0.1333,0.0,-416,Underused
2016-05-03,CHR-01,Chronic Care,21,16,5,16.52,24.57,516,510,1.0118,0.2381,6,Overloaded
2016-05-03,CHR-02,Chronic Care,24,19,5,32.17,25.58,614,510,1.2039,0.2083,104,Overloaded
2016-05-03,CHR-03,Chronic Care,20,19,1,15.6,24.6,492,510,0.9647,0.05,-18,Overloaded
2016-05-03,CHR-04,Chronic Care,12,7,5,16.42,25.17,302,510,0.5922,0.4167,-208,Underused
2016-05-03,CHR-05,Chronic Care,23,20,3,26.17,25.13,578,510,1.1333,0.1304,68,Overloaded
2016-05-03,CHR-06,Chronic Care,21,18,3,19.71,25.33,532,510,1.0431,0.1429,22,Overloaded
2016-05-03,CHR-07,Chronic Care,26,22,4,39.42,25.62,666,510,1.3059,0.1538,156,Overloaded
2016-05-03,CHR-08,Chronic Care,24,20,4,31.29,25.25,606,510,1.1882,0.1667,96,Overloaded
2016-05-03,CHR-09,Chronic Care,24,16,8,29.79,25.17,604,510,1.1843,0.3333,94,Overloaded
2016-05-03,CHR-10,Chronic Care,25,19,6,33.64,24.88,622,510,1.2196,0.24,112,Overloaded
2016-05-03,CHR-11,Chronic Care,25,21,4,35.24,25.6,640,510,1.2549,0.16,130,Overloaded
2016-05-03,CHR-12,Chronic Care,21,17,4,17.52,24.86,522,510,1.0235,0.1905,12,Overloaded
2016-05-03,CHR-13,Chronic Care,24,22,2,30.04,25.33,608,510,1.1922,0.0833,98,Overloaded
2016-05-03,CHR-14,Chronic Care,19,16,3,18.26,26.21,498,510,0.9765,0.1579,-12,Overloaded
2016-05-03,CHR-15,Chronic Care,20,17,3,17.6,25.8,516,510,1.0118,0.15,6,Overloaded
2016-05-03,CHR-16,Chronic Care,17,15,2,13.47,24.35,414,510,0.8118,0.1176,-96,Balanced
2016-05-03,CHR-17,Chronic Care,17,15,2,14.18,24.24,412,510,0.8078,0.1176,-98,Balanced
2016-05-03,CHR-18,Chronic Care,22,19,3,22.41,25.18,554,510,1.0863,0.1364,44,Overloaded
2016-05-03,CHR-19,Chronic Care,29,26,3,50.45,25.03,726,510,1.4235,0.1034,216,Overloaded
2016-05-03,CHR-20,Chronic Care,23,21,2,29.87,25.91,596,510,1.1686,0.087,86,Overloaded
2016-05-03,CHR-21,Chronic Care,13,9,4,16.54,26.0,338,510,0.6627,0.3077,-172,Balanced
2016-05-03,CHR-22,Chronic Care,16,14,2,17.75,25.88,414,510,0.8118,0.125,-96,Balanced
2016-05-03,CHR-23,Chronic Care,19,17,2,15.68,25.47,484,510,0.949,0.1053,-26,Overloaded
2016-05-03,CHR-24,Chronic Care,16,10,6,15.38,24.75,396,510,0.7765,0.375,-114,Balanced
2016-05-03,FM-01,Family Medicine,37,27,10,32.27,17.11,633,540,1.1722,0.2703,93,Overloaded
2016-05-03,FM-02,Family Medicine,38,29,9,37.84,17.21,654,540,1.2111,0.2368,114,Overloaded
2016-05-03,FM-03,Family Medicine,39,29,10,41.69,17.31,675,540,1.25,0.2564,135,Overloaded
2016-05-03,FM-04,Family Medicine,37,28,9,34.16,17.27,639,540,1.1833,0.2432,99,Overloaded
2016-05-03,FM-05,Family Medicine,40,31,9,45.2,17.3,692,540,1.2815,0.225,152,Overloaded
2016-05-03,FM-06,Family Medicine,38,31,7,39.55,17.26,656,540,1.2148,0.1842,116,Overloaded
2016-05-03,FM-07,Family Medicine,49,42,7,83.0,17.49,857,540,1.587,0.1429,317,Overloaded
2016-05-03,FM-08,Family Medicine,36,29,7,29.58,17.11,616,540,1.1407,0.1944,76,Overloaded
2016-05-03,FM-09,Family Medicine,38,28,10,37.68,17.42,662,540,1.2259,0.2632,122,Overloaded
2016-05-03,FM-10,Family Medicine,38,26,12,38.79,17.21,654,540,1.2111,0.3158,114,Overloaded
2016-05-03,FM-11,Family Medicine,44,41,3,61.32,17.27,760,540,1.4074,0.0682,220,Overloaded
2016-05-03,FM-12,Family Medicine,48,39,9,79.65,17.29,830,540,1.537,0.1875,290,Overloaded
2016-05-03,FM-13,Family Medicine,37,32,5,34.38,17.43,645,540,1.1944,0.1351,105,Overloaded
2016-05-03,FM-14,Family Medicine,44,37,7,62.52,17.27,760,540,1.4074,0.1591,220,Overloaded
2016-05-03,FM-15,Family Medicine,47,37,10,73.51,17.3,813,540,1.5056,0.2128,273,Overloaded
2016-05-03,FM-16,Family Medicine,31,27,4,13.81,17.19,533,540,0.987,0.129,-7,Overloaded
2016-05-03,FM-17,Family Medicine,51,44,7,88.59,17.27,881,540,1.6315,0.1373,341,Overloaded
2016-05-03,FM-18,Family Medicine,44,36,8,61.55,17.27,760,540,1.4074,0.1818,220,Overloaded
2016-05-03,FM-19,Family Medicine,33,26,7,16.58,17.18,567,540,1.05,0.2121,27,Overloaded
2016-05-03,FM-20,Family Medicine,36,31,5,29.78,17.22,620,540,1.1481,0.1389,80,Overloaded
2016-05-03,FM-21,Family Medicine,46,36,10,69.22,17.39,800,540,1.4815,0.2174,260,Overloaded
2016-05-03,FM-22,Family Medicine,29,23,6,12.1,17.28,501,540,0.9278,0.2069,-39,Overloaded
2016-05-03,FM-23,Family Medicine,39,33,6,40.87,17.21,671,540,1.2426,0.1538,131,Overloaded
2016-05-03,FM-24,Family Medicine,35,24,11,25.17,17.17,601,540,1.113,0.3143,61,Overloaded
2016-05-03,GER-01,Geriatrics,20,17,3,31.8,31.9,638,480,1.3292,0.15,158,Overloaded
2016-05-03,GER-02,Geriatrics,19,16,3,30.05,31.95,607,480,1.2646,0.1579,127,Overloaded
2016-05-03,GER-03,Geriatrics,16,14,2,19.44,33.25,532,480,1.1083,0.125,52,Overloaded
2016-05-03,GER-04,Geriatrics,20,17,3,30.8,31.9,638,480,1.3292,0.15,158,Overloaded
2016-05-03,GER-05,Geriatrics,26,21,5,57.27,32.54,846,480,1.7625,0.1923,366,Overloaded
2016-05-03,GER-06,Geriatrics,23,21,2,43.0,31.35,721,480,1.5021,0.087,241,Overloaded
2016-05-03,GER-07,Geriatrics,28,23,5,68.07,33.29,932,480,1.9417,0.1786,452,Overloaded
2016-05-03,GER-08,Geriatrics,27,24,3,62.81,32.78,885,480,1.8438,0.1111,405,Overloaded
2016-05-03,GER-09,Geriatrics,22,17,5,43.32,32.82,722,480,1.5042,0.2273,242,Overloaded
2016-05-03,GER-10,Geriatrics,26,23,3,58.69,32.62,848,480,1.7667,0.1154,368,Overloaded
2016-05-03,GER-11,Geriatrics,19,17,2,27.95,32.16,611,480,1.2729,0.1053,131,Overloaded
2016-05-03,GER-12,Geriatrics,34,28,6,89.21,33.0,1122,480,2.3375,0.1765,642,Overloaded
2016-05-03,GER-13,Geriatrics,23,19,4,49.22,34.04,783,480,1.6312,0.1739,303,Overloaded
2016-05-03,GER-14,Geriatrics,27,27,0,63.19,32.78,885,480,1.8438,0.0,405,Overloaded
2016-05-03,GER-15,Geriatrics,25,24,1,54.12,33.16,829,480,1.7271,0.04,349,Overloaded
2016-05-03,GER-16,Geriatrics,21,19,2,38.86,32.62,685,480,1.4271,0.0952,205,Overloaded
2016-05-03,GER-17,Geriatrics,16,14,2,19.06,32.62,522,480,1.0875,0.125,42,Overloaded
2016-05-03,GER-18,Geriatrics,24,17,7,51.58,33.42,802,480,1.6708,0.2917,322,Overloaded
2016-05-03,GER-19,Geriatrics,20,17,3,31.45,32.1,642,480,1.3375,0.15,162,Overloaded
2016-05-03,GER-20,Geriatrics,24,21,3,51.17,33.0,792,480,1.65,0.125,312,Overloaded
2016-05-03,GER-21,Geriatrics,20,20,0,34.95,33.1,662,480,1.3792,0.0,182,Overloaded
2016-05-03,GER-22,Geriatrics,26,23,3,55.23,31.69,824,480,1.7167,0.1154,344,Overloaded
2016-05-03,GER-23,Geriatrics,27,25,2,60.48,32.56,879,480,1.8312,0.0741,399,Overloaded
2016-05-03,GER-24,Geriatrics,16,12,4,22.31,33.88,542,480,1.1292,0.25,62,Overloaded
2016-05-03,PED-01,Pediatrics,46,34,12,53.17,15.09,694,540,1.2852,0.2609,154,Overloaded
2016-05-03,PED-02,Pediatrics,38,33,5,22.37,15.21,578,540,1.0704,0.1316,38,Overloaded
2016-05-03,PED-03,Pediatrics,44,39,5,45.57,15.16,667,540,1.2352,0.1136,127,Overloaded
2016-05-03,PED-04,Pediatrics,44,32,12,46.48,15.23,670,540,1.2407,0.2727,130,Overloaded
2016-05-03,PED-05,Pediatrics,41,33,8,33.17,15.24,625,540,1.1574,0.1951,85,Overloaded
2016-05-03,PED-06,Pediatrics,56,50,6,92.38,15.11,846,540,1.5667,0.1071,306,Overloaded
2016-05-03,PED-07,Pediatrics,49,41,8,64.63,15.18,744,540,1.3778,0.1633,204,Overloaded
2016-05-03,PED-08,Pediatrics,40,37,3,30.25,15.18,607,540,1.1241,0.075,67,Overloaded
2016-05-03,PED-09,Pediatrics,39,31,8,27.0,15.36,599,540,1.1093,0.2051,59,Overloaded
2016-05-03,PED-10,Pediatrics,42,31,11,38.79,15.24,640,540,1.1852,0.2619,100,Overloaded
2016-05-03,PED-11,Pediatrics,40,34,6,29.98,15.28,611,540,1.1315,0.15,71,Overloaded
2016-05-03,PED-12,Pediatrics,48,36,12,62.52,15.25,732,540,1.3556,0.25,192,Overloaded
2016-05-03,PED-13,Pediatrics,54,43,11,85.06,15.3,826,540,1.5296,0.2037,286,Overloaded
2016-05-03,PED-14,Pediatrics,41,27,14,34.95,15.2,623,540,1.1537,0.3415,83,Overloaded
2016-05-03,PED-15,Pediatrics,47,43,4,57.09,15.21,715,540,1.3241,0.0851,175,Overloaded
2016-05-03,PED-16,Pediatrics,42,32,10,38.95,15.29,642,540,1.1889,0.2381,102,Overloaded
2016-05-03,PED-17,Pediatrics,49,39,10,65.9,15.24,747,540,1.3833,0.2041,207,Overloaded
2016-05-03,PED-18,Pediatrics,37,28,9,17.27,15.14,560,540,1.037,0.2432,20,Overloaded
2016-05-03,PED-19,Pediatrics,47,35,12,58.23,15.26,717,540,1.3278,0.2553,177,Overloaded
2016-05-03,PED-20,Pediatrics,39,34,5,26.38,15.28,596,540,1.1037,0.1282,56,Overloaded
2016-05-03,PED-21,Pediatrics,41,33,8,33.61,15.22,624,540,1.1556,0.1951,84,Overloaded
2016-05-03,PED-22,Pediatrics,43,32,11,42.33,15.26,656,540,1.2148,0.2558,116,Overloaded
2016-05-03,PED-23,Pediatrics,38,29,9,23.03,15.32,582,540,1.0778,0.2368,42,Overloaded
2016-05-03,PED-24,Pediatrics,45,36,9,50.93,15.24,686,540,1.2704,0.2,146,Overloaded
2016-05-03,REH-01,Rehabilitation,3,1,2,21.67,40.67,122,450,0.2711,0.6667,-328,Underused
2016-05-03,REH-02,Rehabilitation,9,6,3,16.44,34.56,311,450,0.6911,0.3333,-139,Balanced
2016-05-03,REH-03,Rehabilitation,3,3,0,19.0,39.33,118,450,0.2622,0.0,-332,Underused
2016-05-03,REH-04,Rehabilitation,6,5,1,19.33,37.5,225,450,0.5,0.1667,-225,Underused
2016-05-03,REH-05,Rehabilitation,3,1,2,12.67,32.67,98,450,0.2178,0.6667,-352,Underused
2016-05-03,REH-06,Rehabilitation,6,4,2,19.17,37.83,227,450,0.5044,0.3333,-223,Underused
2016-05-03,REH-07,Rehabilitation,5,5,0,16.8,36.0,180,450,0.4,0.0,-270,Underused
2016-05-03,REH-08,Rehabilitation,3,2,1,21.33,35.33,106,450,0.2356,0.3333,-344,Underused
2016-05-03,REH-09,Rehabilitation,6,5,1,18.33,35.67,214,450,0.4756,0.1667,-236,Underused
2016-05-03,REH-10,Rehabilitation,1,1,0,16.0,32.0,32,450,0.0711,0.0,-418,Underused
2016-05-03,REH-11,Rehabilitation,4,1,3,16.25,38.0,152,450,0.3378,0.75,-298,Underused
2016-05-03,REH-12,Rehabilitation,5,4,1,17.0,38.8,194,450,0.4311,0.2,-256,Underused
2016-05-03,REH-13,Rehabilitation,1,1,0,16.0,32.0,32,450,0.0711,0.0,-418,Underused
2016-05-03,REH-14,Rehabilitation,1,0,1,17.0,45.0,45,450,0.1,1.0,-405,Underused
2016-05-03,REH-15,Rehabilitation,6,4,2,16.33,37.17,223,450,0.4956,0.3333,-227,Underused
2016-05-03,REH-16,Rehabilitation,6,4,2,16.5,33.67,202,450,0.4489,0.3333,-248,Underused
2016-05-03,REH-17,Rehabilitation,5,5,0,18.0,32.8,164,450,0.3644,0.0,-286,Underused
2016-05-03,REH-19,Rehabilitation,6,5,1,18.17,38.5,231,450,0.5133,0.1667,-219,Underused
2016-05-03,REH-20,Rehabilitation,5,4,1,17.2,37.8,189,450,0.42,0.2,-261,Underused
2016-05-03,REH-21,Rehabilitation,4,3,1,17.5,35.25,141,450,0.3133,0.25,-309,Underused
2016-05-03,REH-22,Rehabilitation,5,4,1,20.4,38.0,190,450,0.4222,0.2,-260,Underused
2016-05-03,REH-23,Rehabilitation,2,2,0,19.5,45.0,90,450,0.2,0.0,-360,Underused
2016-05-03,REH-24,Rehabilitation,6,5,1,18.83,36.67,220,450,0.4889,0.1667,-230,Underused
2016-05-03,WH-01,Women's Health,52,43,9,95.0,18.38,956,540,1.7704,0.1731,416,Overloaded
2016-05-03,WH-02,Women's Health,46,36,10,77.96,18.35,844,540,1.563,0.2174,304,Overloaded
2016-05-03,WH-03,Women's Health,43,33,10,67.23,18.7,804,540,1.4889,0.2326,264,Overloaded
2016-05-03,WH-04,Women's Health,40,30,10,55.12,18.6,744,540,1.3778,0.25,204,Overloaded
2016-05-03,WH-05,Women's Health,52,37,15,95.0,18.42,958,540,1.7741,0.2885,418,Overloaded
2016-05-03,WH-06,Women's Health,32,22,10,22.38,18.56,594,540,1.1,0.3125,54,Overloaded
2016-05-03,WH-07,Women's Health,45,33,12,74.33,18.49,832,540,1.5407,0.2667,292,Overloaded
2016-05-03,WH-08,Women's Health,37,23,14,42.32,18.38,680,540,1.2593,0.3784,140,Overloaded
2016-05-03,WH-09,Women's Health,37,26,11,41.81,18.32,678,540,1.2556,0.2973,138,Overloaded
2016-05-03,WH-10,Women's Health,47,40,7,82.04,18.43,866,540,1.6037,0.1489,326,Overloaded
2016-05-03,WH-11,Women's Health,39,32,7,49.72,18.46,720,540,1.3333,0.1795,180,Overloaded
2016-05-03,WH-12,Women's Health,31,27,4,20.61,18.77,582,540,1.0778,0.129,42,Overloaded
2016-05-03,WH-13,Women's Health,35,28,7,34.34,18.4,644,540,1.1926,0.2,104,Overloaded
2016-05-03,WH-14,Women's Health,46,28,18,80.33,18.83,866,540,1.6037,0.3913,326,Overloaded
2016-05-03,WH-15,Women's Health,39,32,7,50.92,18.51,722,540,1.337,0.1795,182,Overloaded
2016-05-03,WH-16,Women's Health,46,39,7,78.72,18.39,846,540,1.5667,0.1522,306,Overloaded
2016-05-03,WH-17,Women's Health,34,25,9,28.29,18.29,622,540,1.1519,0.2647,82,Overloaded
2016-05-03,WH-18,Women's Health,36,24,12,39.28,18.56,668,540,1.237,0.3333,128,Overloaded
2016-05-03,WH-19,Women's Health,46,36,10,78.0,18.52,852,540,1.5778,0.2174,312,Overloaded
2016-05-03,WH-20,Women's Health,41,33,8,60.37,18.68,766,540,1.4185,0.1951,226,Overloaded
2016-05-03,WH-21,Women's Health,48,40,8,86.77,18.67,896,540,1.6593,0.1667,356,Overloaded
2016-05-03,WH-22,Women's Health,44,37,7,71.25,18.41,810,540,1.5,0.1591,270,Overloaded
2016-05-03,WH-23,Women's Health,36,31,5,37.64,18.39,662,540,1.2259,0.1389,122,Overloaded
2016-05-03,WH-24,Women's Health,39,30,9,51.74,18.62,726,540,1.3444,0.2308,186,Overloaded
2016-05-04,BH-01,Behavioral Health,4,3,1,15.5,28.5,114,480,0.2375,0.25,-366,Underused
2016-05-04,BH-02,Behavioral Health,3,2,1,17.0,28.0,84,480,0.175,0.3333,-396,Underused
2016-05-04,BH-03,Behavioral Health,6,6,0,15.5,26.33,158,480,0.3292,0.0,-322,Underused
2016-05-04,BH-04,Behavioral Health,6,2,4,17.5,29.67,178,480,0.3708,0.6667,-302,Underused
2016-05-04,BH-05,Behavioral Health,3,2,1,14.33,28.67,86,480,0.1792,0.3333,-394,Underused
2016-05-04,BH-06,Behavioral Health,4,4,0,20.5,28.0,112,480,0.2333,0.0,-368,Underused
2016-05-04,BH-07,Behavioral Health,4,4,0,19.5,29.0,116,480,0.2417,0.0,-364,Underused
2016-05-04,BH-08,Behavioral Health,3,2,1,16.0,27.33,82,480,0.1708,0.3333,-398,Underused
2016-05-04,BH-09,Behavioral Health,5,4,1,17.4,29.6,148,480,0.3083,0.2,-332,Underused
2016-05-04,BH-10,Behavioral Health,5,5,0,15.6,28.0,140,480,0.2917,0.0,-340,Underused
2016-05-04,BH-11,Behavioral Health,4,4,0,13.5,27.0,108,480,0.225,0.0,-372,Underused
2016-05-04,BH-12,Behavioral Health,6,4,2,16.17,28.67,172,480,0.3583,0.3333,-308,Underused
2016-05-04,BH-13,Behavioral Health,4,4,0,17.5,28.0,112,480,0.2333,0.0,-368,Underused
2016-05-04,BH-14,Behavioral Health,7,5,2,16.71,28.29,198,480,0.4125,0.2857,-282,Underused
2016-05-04,BH-15,Behavioral Health,1,1,0,14.0,30.0,30,480,0.0625,0.0,-450,Underused
2016-05-04,BH-16,Behavioral Health,3,2,1,12.67,26.0,78,480,0.1625,0.3333,-402,Underused
2016-05-04,BH-17,Behavioral Health,4,4,0,18.5,27.0,108,480,0.225,0.0,-372,Underused
2016-05-04,BH-18,Behavioral Health,5,5,0,21.2,29.2,146,480,0.3042,0.0,-334,Underused
2016-05-04,BH-19,Behavioral Health,6,6,0,18.17,28.67,172,480,0.3583,0.0,-308,Underused
2016-05-04,BH-20,Behavioral Health,5,5,0,17.2,30.0,150,480,0.3125,0.0,-330,Underused
2016-05-04,BH-21,Behavioral Health,4,2,2,13.25,26.5,106,480,0.2208,0.5,-374,Underused
2016-05-04,BH-22,Behavioral Health,5,4,1,14.0,26.0,130,480,0.2708,0.2,-350,Underused
2016-05-04,BH-23,Behavioral Health,4,4,0,15.5,27.5,110,480,0.2292,0.0,-370,Underused
2016-05-04,BH-24,Behavioral Health,3,3,0,16.0,27.33,82,480,0.1708,0.0,-398,Underused
2016-05-04,CHR-01,Chronic Care,26,21,5,39.04,25.38,660,510,1.2941,0.1923,150,Overloaded
2016-05-04,CHR-02,Chronic Care,17,15,2,15.65,25.06,426,510,0.8353,0.1176,-84,Balanced
2016-05-04,CHR-03,Chronic Care,24,19,5,32.75,25.67,616,510,1.2078,0.2083,106,Overloaded
2016-05-04,CHR-04,Chronic Care,20,18,2,17.25,24.7,494,510,0.9686,0.1,-16,Overloaded
2016-05-04,CHR-05,Chronic Care,16,14,2,14.12,24.5,392,510,0.7686,0.125,-118,Balanced
2016-05-04,CHR-06,Chronic Care,20,14,6,19.6,25.8,516,510,1.0118,0.3,6,Overloaded
2016-05-04,CHR-07,Chronic Care,19,15,4,16.26,24.95,474,510,0.9294,0.2105,-36,Overloaded
2016-05-04,CHR-08,Chronic Care,18,17,1,17.5,25.44,458,510,0.898,0.0556,-52,Balanced
2016-05-04,CHR-09,Chronic Care,21,15,6,16.9,24.95,524,510,1.0275,0.2857,14,Overloaded
2016-05-04,CHR-10,Chronic Care,22,17,5,24.32,25.55,562,510,1.102,0.2273,52,Overloaded
2016-05-04,CHR-11,Chronic Care,22,17,5,23.82,25.45,560,510,1.098,0.2273,50,Overloaded
2016-05-04,CHR-12,Chronic Care,25,20,5,35.68,25.6,640,510,1.2549,0.2,130,Overloaded
2016-05-04,CHR-13,Chronic Care,19,13,6,13.58,24.84,472,510,0.9255,0.3158,-38,Overloaded
2016-05-04,CHR-14,Chronic Care,13,9,4,16.38,25.23,328,510,0.6431,0.3077,-182,Balanced
2016-05-04,CHR-15,Chronic Care,22,17,5,23.77,25.45,560,510,1.098,0.2273,50,Overloaded
2016-05-04,CHR-16,Chronic Care,12,8,4,17.0,25.5,306,510,0.6,0.3333,-204,Underused
2016-05-04,CHR-17,Chronic Care,28,21,7,47.0,25.64,718,510,1.4078,0.25,208,Overloaded
2016-05-04,CHR-18,Chronic Care,20,19,1,16.5,25.1,502,510,0.9843,0.05,-8,Overloaded
2016-05-04,CHR-19,Chronic Care,29,24,5,51.03,25.52,740,510,1.451,0.1724,230,Overloaded
2016-05-04,CHR-20,Chronic Care,14,9,5,13.86,24.86,348,510,0.6824,0.3571,-162,Balanced
2016-05-04,CHR-21,Chronic Care,16,8,8,14.56,25.62,410,510,0.8039,0.5,-100,Balanced
2016-05-04,CHR-22,Chronic Care,25,19,6,35.96,25.28,632,510,1.2392,0.24,122,Overloaded
2016-05-04,CHR-23,Chronic Care,27,24,3,44.22,25.78,696,510,1.3647,0.1111,186,Overloaded
2016-05-04,CHR-24,Chronic Care,16,11,5,14.94,24.88,398,510,0.7804,0.3125,-112,Balanced
2016-05-04,FM-01,Family Medicine,37,29,8,33.68,17.32,641,540,1.187,0.2162,101,Overloaded
2016-05-04,FM-02,Family Medicine,32,25,7,15.34,17.38,556,540,1.0296,0.2188,16,Overloaded
2016-05-04,FM-03,Family Medicine,38,31,7,38.21,17.26,656,540,1.2148,0.1842,116,Overloaded
2016-05-04,FM-04,Family Medicine,60,48,12,95.0,17.4,1044,540,1.9333,0.2,504,Overloaded
2016-05-04,FM-05,Family Medicine,36,30,6,30.42,17.28,622,540,1.1519,0.1667,82,Overloaded
2016-05-04,FM-06,Family Medicine,32,23,9,13.28,17.25,552,540,1.0222,0.2812,12,Overloaded
2016-05-04,FM-07,Family Medicine,36,23,13,29.03,17.22,620,540,1.1481,0.3611,80,Overloaded
2016-05-04,FM-08,Family Medicine,53,36,17,94.15,17.15,909,540,1.6833,0.3208,369,Overloaded
2016-05-04,FM-09,Family Medicine,46,33,13,68.96,17.13,788,540,1.4593,0.2826,248,Overloaded
2016-05-04,FM-10,Family Medicine,43,29,14,59.26,17.37,747,540,1.3833,0.3256,207,Overloaded
2016-05-04,FM-11,Family Medicine,34,27,7,21.18,17.18,584,540,1.0815,0.2059,44,Overloaded
2016-05-04,FM-12,Family Medicine,29,19,10,12.69,17.28,501,540,0.9278,0.3448,-39,Overloaded
2016-05-04,FM-13,Family Medicine,45,35,10,65.07,17.27,777,540,1.4389,0.2222,237,Overloaded
2016-05-04,FM-14,Family Medicine,35,33,2,26.11,17.06,597,540,1.1056,0.0571,57,Overloaded
2016-05-04,FM-15,Family Medicine,42,33,9,52.55,17.14,720,540,1.3333,0.2143,180,Overloaded
2016-05-04,FM-16,Family Medicine,29,19,10,13.1,17.28,501,540,0.9278,0.3448,-39,Overloaded
2016-05-04,FM-17,Family Medicine,40,34,6,45.98,17.3,692,540,1.2815,0.15,152,Overloaded
2016-05-04,FM-18,Family Medicine,46,33,13,70.35,17.17,790,540,1.463,0.2826,250,Overloaded
2016-05-04,FM-19,Family Medicine,40,36,4,43.82,17.1,684,540,1.2667,0.1,144,Overloaded
2016-05-04,FM-20,Family Medicine,42,35,7,53.62,17.19,722,540,1.337,0.1667,182,Overloaded
2016-05-04,FM-21,Family Medicine,49,41,8,81.0,17.2,843,540,1.5611,0.1633,303,Overloaded
2016-05-04,FM-22,Family Medicine,30,25,5,12.6,17.13,514,540,0.9519,0.1667,-26,Overloaded
2016-05-04,FM-23,Family Medicine,32,29,3,15.06,17.38,556,540,1.0296,0.0938,16,Overloaded
2016-05-04,FM-24,Family Medicine,49,35,14,82.86,17.37,851,540,1.5759,0.2857,311,Overloaded
2016-05-04,GER-01,Geriatrics,19,19,0,30.47,32.79,623,480,1.2979,0.0,143,Overloaded
2016-05-04,GER-02,Geriatrics,20,16,4,32.7,32.3,646,480,1.3458,0.2,166,Overloaded
2016-05-04,GER-03,Geriatrics,25,15,10,50.44,31.64,791,480,1.6479,0.4,311,Overloaded
2016-05-04,GER-04,Geriatrics,23,21,2,49.91,33.52,771,480,1.6062,0.087,291,Overloaded
2016-05-04,GER-05,Geriatrics,17,12,5,17.94,31.94,543,480,1.1312,0.2941,63,Overloaded
2016-05-04,GER-06,Geriatrics,21,19,2,39.71,33.0,693,480,1.4438,0.0952,213,Overloaded
2016-05-04,GER-07,Geriatrics,19,14,5,26.47,31.95,607,480,1.2646,0.2632,127,Overloaded
2016-05-04,GER-08,Geriatrics,17,14,3,23.06,32.88,559,480,1.1646,0.1765,79,Overloaded
2016-05-04,GER-09,Geriatrics,16,13,3,20.31,32.88,526,480,1.0958,0.1875,46,Overloaded
2016-05-04,GER-10,Geriatrics,26,23,3,60.04,33.08,860,480,1.7917,0.1154,380,Overloaded
2016-05-04,GER-11,Geriatrics,23,18,5,45.7,32.91,757,480,1.5771,0.2174,277,Overloaded
2016-05-04,GER-12,Geriatrics,16,11,5,17.56,31.5,504,480,1.05,0.3125,24,Overloaded
2016-05-04,GER-13,Geriatrics,22,16,6,42.68,32.73,720,480,1.5,0.2727,240,Overloaded
2016-05-04,GER-14,Geriatrics,29,22,7,71.69,32.93,955,480,1.9896,0.2414,475,Overloaded
2016-05-04,GER-15,Geriatrics,19,18,1,31.05,33.11,629,480,1.3104,0.0526,149,Overloaded
2016-05-04,GER-16,Geriatrics,21,18,3,37.52,32.14,675,480,1.4062,0.1429,195,Overloaded
2016-05-04,GER-17,Geriatrics,24,24,0,53.04,33.75,810,480,1.6875,0.0,330,Overloaded
2016-05-04,GER-18,Geriatrics,21,17,4,36.33,31.95,671,480,1.3979,0.1905,191,Overloaded
2016-05-04,GER-19,Geriatrics,25,19,6,49.88,31.48,787,480,1.6396,0.24,307,Overloaded
2016-05-04,GER-20,Geriatrics,17,14,3,20.94,32.29,549,480,1.1438,0.1765,69,Overloaded
2016-05-04,GER-21,Geriatrics,17,14,3,18.53,31.82,541,480,1.1271,0.1765,61,Overloaded
2016-05-04,GER-22,Geriatrics,25,20,5,55.24,32.68,817,480,1.7021,0.2,337,Overloaded
2016-05-04,GER-23,Geriatrics,12,11,1,13.83,32.33,388,480,0.8083,0.0833,-92,Balanced
2016-05-04,GER-24,Geriatrics,24,18,6,50.21,32.08,770,480,1.6042,0.25,290,Overloaded
2016-05-04,PED-01,Pediatrics,37,27,10,19.78,15.49,573,540,1.0611,0.2703,33,Overloaded
2016-05-04,PED-02,Pediatrics,50,40,10,70.68,15.2,760,540,1.4074,0.2,220,Overloaded
2016-05-04,PED-03,Pediatrics,39,31,8,25.92,15.21,593,540,1.0981,0.2051,53,Overloaded
2016-05-04,PED-04,Pediatrics,52,36,16,78.25,15.21,791,540,1.4648,0.3077,251,Overloaded
2016-05-04,PED-05,Pediatrics,38,25,13,20.71,15.16,576,540,1.0667,0.3421,36,Overloaded
2016-05-04,PED-06,Pediatrics,47,40,7,58.74,15.11,710,540,1.3148,0.1489,170,Overloaded
2016-05-04,PED-07,Pediatrics,57,40,17,94.18,15.16,864,540,1.6,0.2982,324,Overloaded
2016-05-04,PED-08,Pediatrics,38,33,5,22.82,15.21,578,540,1.0704,0.1316,38,Overloaded
2016-05-04,PED-09,Pediatrics,48,37,11,61.12,15.27,733,540,1.3574,0.2292,193,Overloaded
2016-05-04,PED-10,Pediatrics,44,30,14,45.84,15.16,667,540,1.2352,0.3182,127,Overloaded
2016-05-04,PED-11,Pediatrics,45,33,12,48.22,15.13,681,540,1.2611,0.2667,141,Overloaded
2016-05-04,PED-12,Pediatrics,52,41,11,78.6,15.21,791,540,1.4648,0.2115,251,Overloaded
2016-05-04,PED-13,Pediatrics,59,40,19,95.0,15.07,889,540,1.6463,0.322,349,Overloaded
2016-05-04,PED-14,Pediatrics,42,32,10,37.69,15.12,635,540,1.1759,0.2381,95,Overloaded
2016-05-04,PED-15,Pediatrics,43,35,8,41.77,15.19,653,540,1.2093,0.186,113,Overloaded
2016-05-04,PED-16,Pediatrics,46,32,14,53.57,15.09,694,540,1.2852,0.3043,154,Overloaded
2016-05-04,PED-17,Pediatrics,41,30,11,32.15,15.05,617,540,1.1426,0.2683,77,Overloaded
2016-05-04,PED-18,Pediatrics,39,30,9,25.95,15.13,590,540,1.0926,0.2308,50,Overloaded
2016-05-04,PED-19,Pediatrics,35,21,14,13.66,15.4,539,540,0.9981,0.4,-1,Overloaded
2016-05-04,PED-20,Pediatrics,46,36,10,54.35,15.2,699,540,1.2944,0.2174,159,Overloaded
2016-05-04,PED-21,Pediatrics,47,30,17,57.53,15.17,713,540,1.3204,0.3617,173,Overloaded
2016-05-04,PED-22,Pediatrics,34,21,13,12.15,15.18,516,540,0.9556,0.3824,-24,Overloaded
2016-05-04,PED-23,Pediatrics,38,32,6,21.18,15.13,575,540,1.0648,0.1579,35,Overloaded
2016-05-04,PED-24,Pediatrics,45,35,10,51.16,15.2,684,540,1.2667,0.2222,144,Overloaded
2016-05-04,REH-01,Rehabilitation,4,4,0,18.0,35.25,141,450,0.3133,0.0,-309,Underused
2016-05-04,REH-02,Rehabilitation,4,4,0,20.0,38.25,153,450,0.34,0.0,-297,Underused
2016-05-04,REH-03,Rehabilitation,2,1,1,17.0,32.0,64,450,0.1422,0.5,-386,Underused
2016-05-04,REH-04,Rehabilitation,5,3,2,19.2,35.4,177,450,0.3933,0.4,-273,Underused
2016-05-04,REH-05,Rehabilitation,3,2,1,17.0,37.33,112,450,0.2489,0.3333,-338,Underused
2016-05-04,REH-06,Rehabilitation,3,3,0,14.67,36.33,109,450,0.2422,0.0,-341,Underused
2016-05-04,REH-07,Rehabilitation,5,4,1,15.6,35.0,175,450,0.3889,0.2,-275,Underused
2016-05-04,REH-08,Rehabilitation,4,4,0,18.0,35.25,141,450,0.3133,0.0,-309,Underused
2016-05-04,REH-09,Rehabilitation,3,2,1,17.67,33.33,100,450,0.2222,0.3333,-350,Underused
2016-05-04,REH-10,Rehabilitation,1,1,0,27.0,45.0,45,450,0.1,0.0,-405,Underused
2016-05-04,REH-11,Rehabilitation,1,1,0,16.0,30.0,30,450,0.0667,0.0,-420,Underused
2016-05-04,REH-12,Rehabilitation,6,5,1,21.0,37.17,223,450,0.4956,0.1667,-227,Underused
2016-05-04,REH-13,Rehabilitation,3,2,1,18.67,35.67,107,450,0.2378,0.3333,-343,Underused
2016-05-04,REH-14,Rehabilitation,3,1,2,17.33,41.67,125,450,0.2778,0.6667,-325,Underused
2016-05-04,REH-15,Rehabilitation,2,2,0,21.5,42.0,84,450,0.1867,0.0,-366,Underused
2016-05-04,REH-16,Rehabilitation,4,4,0,18.75,34.0,136,450,0.3022,0.0,-314,Underused
2016-05-04,REH-17,Rehabilitation,3,2,1,19.67,35.67,107,450,0.2378,0.3333,-343,Underused
2016-05-04,REH-18,Rehabilitation,5,4,1,17.2,38.0,190,450,0.4222,0.2,-260,Underused
2016-05-04,REH-19,Rehabilitation,1,1,0,22.0,45.0,45,450,0.1,0.0,-405,Underused
2016-05-04,REH-20,Rehabilitation,3,2,1,19.0,37.0,111,450,0.2467,0.3333,-339,Underused
2016-05-04,REH-21,Rehabilitation,3,3,0,16.33,35.67,107,450,0.2378,0.0,-343,Underused
2016-05-04,REH-22,Rehabilitation,7,6,1,16.0,35.43,248,450,0.5511,0.1429,-202,Underused
2016-05-04,REH-23,Rehabilitation,2,1,1,20.5,44.5,89,450,0.1978,0.5,-361,Underused
2016-05-04,REH-24,Rehabilitation,1,1,0,16.0,37.0,37,450,0.0822,0.0,-413,Underused
2016-05-04,WH-01,Women's Health,38,31,7,44.58,18.26,694,540,1.2852,0.1842,154,Overloaded
2016-05-04,WH-02,Women's Health,44,33,11,71.93,18.55,816,540,1.5111,0.25,276,Overloaded
2016-05-04,WH-03,Women's Health,52,44,8,95.0,18.65,970,540,1.7963,0.1538,430,Overloaded
2016-05-04,WH-04,Women's Health,39,28,11,51.87,18.46,720,540,1.3333,0.2821,180,Overloaded
2016-05-04,WH-05,Women's Health,30,23,7,14.97,18.6,558,540,1.0333,0.2333,18,Overloaded
2016-05-04,WH-06,Women's Health,48,35,13,85.69,18.42,884,540,1.637,0.2708,344,Overloaded
2016-05-04,WH-07,Women's Health,39,27,12,49.56,18.36,716,540,1.3259,0.3077,176,Overloaded
2016-05-04,WH-08,Women's Health,38,29,9,45.82,18.42,700,540,1.2963,0.2368,160,Overloaded
2016-05-04,WH-09,Women's Health,38,26,12,45.42,18.32,696,540,1.2889,0.3158,156,Overloaded
2016-05-04,WH-10,Women's Health,40,29,11,52.45,18.2,728,540,1.3481,0.275,188,Overloaded
2016-05-04,WH-11,Women's Health,43,31,12,66.21,18.56,798,540,1.4778,0.2791,258,Overloaded
2016-05-04,WH-12,Women's Health,44,35,9,71.8,18.5,814,540,1.5074,0.2045,274,Overloaded
2016-05-04,WH-13,Women's Health,33,24,9,25.85,18.36,606,540,1.1222,0.2727,66,Overloaded
2016-05-04,WH-14,Women's Health,38,25,13,46.58,18.47,702,540,1.3,0.3421,162,Overloaded
2016-05-04,WH-15,Women's Health,36,31,5,40.19,18.78,676,540,1.2519,0.1389,136,Overloaded
2016-05-04,WH-16,Women's Health,31,22,9,18.77,18.45,572,540,1.0593,0.2903,32,Overloaded
2016-05-04,WH-17,Women's Health,41,36,5,57.2,18.29,750,540,1.3889,0.122,210,Overloaded
2016-05-04,WH-18,Women's Health,41,28,13,58.61,18.49,758,540,1.4037,0.3171,218,Overloaded
2016-05-04,WH-19,Women's Health,42,32,10,62.07,18.57,780,540,1.4444,0.2381,240,Overloaded
2016-05-04,WH-20,Women's Health,40,32,8,54.12,18.3,732,540,1.3556,0.2,192,Overloaded
2016-05-04,WH-21,Women's Health,51,33,18,94.18,18.71,954,540,1.7667,0.3529,414,Overloaded
2016-05-04,WH-22,Women's Health,54,37,17,95.0,18.52,1000,540,1.8519,0.3148,460,Overloaded
2016-05-04,WH-23,Women's Health,43,29,14,65.47,18.37,790,540,1.463,0.3256,250,Overloaded
2016-05-04,WH-24,Women's Health,37,27,10,42.46,18.49,684,540,1.2667,0.2703,144,Overloaded
2016-05-05,BH-01,Behavioral Health,4,3,1,14.75,28.0,112,480,0.2333,0.25,-368,Underused
2016-05-05,BH-02,Behavioral Health,5,4,1,15.6,28.0,140,480,0.2917,0.2,-340,Underused
2016-05-05,BH-03,Behavioral Health,6,5,1,16.33,27.0,162,480,0.3375,0.1667,-318,Underused
2016-05-05,BH-04,Behavioral Health,7,7,0,17.57,28.57,200,480,0.4167,0.0,-280,Underused
2016-05-05,BH-05,Behavioral Health,4,4,0,17.5,30.0,120,480,0.25,0.0,-360,Underused
2016-05-05,BH-06,Behavioral Health,3,3,0,17.67,29.33,88,480,0.1833,0.0,-392,Underused
2016-05-05,BH-07,Behavioral Health,4,4,0,18.25,30.0,120,480,0.25,0.0,-360,Underused
2016-05-05,BH-08,Behavioral Health,7,6,1,17.14,27.71,194,480,0.4042,0.1429,-286,Underused
2016-05-05,BH-09,Behavioral Health,3,3,0,15.33,27.33,82,480,0.1708,0.0,-398,Underused
2016-05-05,BH-10,Behavioral Health,3,3,0,17.33,31.33,94,480,0.1958,0.0,-386,Underused
2016-05-05,BH-11,Behavioral Health,1,1,0,19.0,32.0,32,480,0.0667,0.0,-448,Underused
2016-05-05,BH-12,Behavioral Health,7,6,1,15.43,27.43,192,480,0.4,0.1429,-288,Underused
2016-05-05,BH-13,Behavioral Health,9,5,4,17.22,28.67,258,480,0.5375,0.4444,-222,Underused
2016-05-05,BH-14,Behavioral Health,4,3,1,17.25,27.0,108,480,0.225,0.25,-372,Underused
2016-05-05,BH-16,Behavioral Health,3,3,0,19.33,27.33,82,480,0.1708,0.0,-398,Underused
2016-05-05,BH-17,Behavioral Health,4,3,1,16.25,28.5,114,480,0.2375,0.25,-366,Underused
2016-05-05,BH-18,Behavioral Health,4,2,2,17.0,28.0,112,480,0.2333,0.5,-368,Underused
2016-05-05,BH-19,Behavioral Health,3,3,0,18.0,28.67,86,480,0.1792,0.0,-394,Underused
2016-05-05,BH-20,Behavioral Health,7,6,1,15.86,28.57,200,480,0.4167,0.1429,-280,Underused
2016-05-05,BH-21,Behavioral Health,6,4,2,14.83,28.33,170,480,0.3542,0.3333,-310,Underused
2016-05-05,BH-22,Behavioral Health,4,4,0,19.5,30.0,120,480,0.25,0.0,-360,Underused
2016-05-05,BH-23,Behavioral Health,5,5,0,15.6,27.2,136,480,0.2833,0.0,-344,Underused
2016-05-05,BH-24,Behavioral Health,3,3,0,18.67,29.33,88,480,0.1833,0.0,-392,Underused
2016-05-05,CHR-01,Chronic Care,20,18,2,18.85,25.9,518,510,1.0157,0.1,8,Overloaded
2016-05-05,CHR-02,Chronic Care,26,21,5,38.5,25.0,650,510,1.2745,0.1923,140,Overloaded
2016-05-05,CHR-03,Chronic Care,16,13,3,15.81,26.38,422,510,0.8275,0.1875,-88,Balanced
2016-05-05,CHR-04,Chronic Care,31,26,5,58.03,24.77,768,510,1.5059,0.1613,258,Overloaded
2016-05-05,CHR-05,Chronic Care,16,14,2,14.94,25.38,406,510,0.7961,0.125,-104,Balanced
2016-05-05,CHR-06,Chronic Care,23,20,3,28.17,25.04,576,510,1.1294,0.1304,66,Overloaded
2016-05-05,CHR-07,Chronic Care,14,13,1,15.93,26.29,368,510,0.7216,0.0714,-142,Balanced
2016-05-05,CHR-08,Chronic Care,27,22,5,46.3,25.78,696,510,1.3647,0.1852,186,Overloaded
2016-05-05,CHR-09,Chronic Care,25,20,5,35.16,25.36,634,510,1.2431,0.2,124,Overloaded
2016-05-05,CHR-10,Chronic Care,22,18,4,23.0,25.09,552,510,1.0824,0.1818,42,Overloaded
2016-05-05,CHR-11,Chronic Care,16,13,3,14.5,24.5,392,510,0.7686,0.1875,-118,Balanced
2016-05-05,CHR-12,Chronic Care,28,23,5,47.64,25.43,712,510,1.3961,0.1786,202,Overloaded
2016-05-05,CHR-13,Chronic Care,20,18,2,17.7,25.4,508,510,0.9961,0.1,-2,Overloaded
2016-05-05,CHR-14,Chronic Care,23,19,4,30.57,25.83,594,510,1.1647,0.1739,84,Overloaded
2016-05-05,CHR-15,Chronic Care,20,19,1,17.3,25.4,508,510,0.9961,0.05,-2,Overloaded
2016-05-05,CHR-16,Chronic Care,17,17,0,17.12,25.53,434,510,0.851,0.0,-76,Balanced
2016-05-05,CHR-17,Chronic Care,18,16,2,15.94,24.89,448,510,0.8784,0.1111,-62,Balanced
2016-05-05,CHR-18,Chronic Care,17,16,1,16.35,25.53,434,510,0.851,0.0588,-76,Balanced
2016-05-05,CHR-19,Chronic Care,21,15,6,16.52,25.14,528,510,1.0353,0.2857,18,Overloaded
2016-05-05,CHR-20,Chronic Care,22,16,6,20.36,24.55,540,510,1.0588,0.2727,30,Overloaded
2016-05-05,CHR-21,Chronic Care,15,12,3,14.4,24.67,370,510,0.7255,0.2,-140,Balanced
2016-05-05,CHR-22,Chronic Care,23,20,3,26.61,25.04,576,510,1.1294,0.1304,66,Overloaded
2016-05-05,CHR-23,Chronic Care,23,18,5,26.3,25.48,586,510,1.149,0.2174,76,Overloaded
2016-05-05,CHR-24,Chronic Care,20,17,3,20.0,26.2,524,510,1.0275,0.15,14,Overloaded
2016-05-05,FM-01,Family Medicine,48,41,7,78.69,17.42,836,540,1.5481,0.1458,296,Overloaded
2016-05-05,FM-02,Family Medicine,27,19,8,11.56,17.81,481,540,0.8907,0.2963,-59,Balanced
2016-05-05,FM-03,Family Medicine,36,31,5,30.56,17.44,628,540,1.163,0.1389,88,Overloaded
2016-05-05,FM-04,Family Medicine,37,29,8,33.08,17.11,633,540,1.1722,0.2162,93,Overloaded
2016-05-05,FM-05,Family Medicine,32,26,6,14.81,17.38,556,540,1.0296,0.1875,16,Overloaded
2016-05-05,FM-06,Family Medicine,37,30,7,33.89,17.32,641,540,1.187,0.1892,101,Overloaded
2016-05-05,FM-07,Family Medicine,43,34,9,57.58,17.19,739,540,1.3685,0.2093,199,Overloaded
2016-05-05,FM-08,Family Medicine,61,53,8,95.0,17.33,1057,540,1.9574,0.1311,517,Overloaded
2016-05-05,FM-09,Family Medicine,53,45,8,94.09,17.3,917,540,1.6981,0.1509,377,Overloaded
2016-05-05,FM-10,Family Medicine,35,29,6,27.66,17.34,607,540,1.1241,0.1714,67,Overloaded
2016-05-05,FM-11,Family Medicine,43,35,8,57.19,17.23,741,540,1.3722,0.186,201,Overloaded
2016-05-05,FM-12,Family Medicine,48,37,11,78.46,17.21,826,540,1.5296,0.2292,286,Overloaded
2016-05-05,FM-13,Family Medicine,42,32,10,52.21,17.14,720,540,1.3333,0.2381,180,Overloaded
2016-05-05,FM-14,Family Medicine,47,42,5,74.83,17.34,815,540,1.5093,0.1064,275,Overloaded
2016-05-05,FM-15,Family Medicine,43,35,8,59.37,17.47,751,540,1.3907,0.186,211,Overloaded
2016-05-05,FM-16,Family Medicine,34,31,3,24.91,17.47,594,540,1.1,0.0882,54,Overloaded
2016-05-05,FM-17,Family Medicine,46,34,12,69.72,17.17,790,540,1.463,0.2609,250,Overloaded
2016-05-05,FM-18,Family Medicine,43,35,8,58.84,17.23,741,540,1.3722,0.186,201,Overloaded
2016-05-05,FM-19,Family Medicine,38,34,4,36.37,17.11,650,540,1.2037,0.1053,110,Overloaded
2016-05-05,FM-20,Family Medicine,48,36,12,78.23,17.21,826,540,1.5296,0.25,286,Overloaded
2016-05-05,FM-21,Family Medicine,41,35,6,50.29,17.39,713,540,1.3204,0.1463,173,Overloaded
2016-05-05,FM-22,Family Medicine,44,37,7,62.57,17.36,764,540,1.4148,0.1591,224,Overloaded
2016-05-05,FM-23,Family Medicine,47,42,5,73.94,17.3,813,540,1.5056,0.1064,273,Overloaded
2016-05-05,FM-24,Family Medicine,41,35,6,49.66,17.2,705,540,1.3056,0.1463,165,Overloaded
2016-05-05,GER-01,Geriatrics,25,21,4,55.32,33.08,827,480,1.7229,0.16,347,Overloaded
2016-05-05,GER-02,Geriatrics,26,21,5,59.5,32.85,854,480,1.7792,0.1923,374,Overloaded
2016-05-05,GER-03,Geriatrics,28,24,4,64.0,32.36,906,480,1.8875,0.1429,426,Overloaded
2016-05-05,GER-04,Geriatrics,24,23,1,52.12,33.08,794,480,1.6542,0.0417,314,Overloaded
2016-05-05,GER-05,Geriatrics,28,23,5,65.64,32.79,918,480,1.9125,0.1786,438,Overloaded
2016-05-05,GER-06,Geriatrics,17,15,2,22.12,32.41,551,480,1.1479,0.1176,71,Overloaded
2016-05-05,GER-07,Geriatrics,20,19,1,32.05,32.0,640,480,1.3333,0.05,160,Overloaded
2016-05-05,GER-08,Geriatrics,25,20,5,56.76,33.48,837,480,1.7438,0.2,357,Overloaded
2016-05-05,GER-09,Geriatrics,19,17,2,28.21,31.95,607,480,1.2646,0.1053,127,Overloaded
2016-05-05,GER-10,Geriatrics,20,17,3,32.15,32.2,644,480,1.3417,0.15,164,Overloaded
2016-05-05,GER-11,Geriatrics,21,18,3,36.76,32.62,685,480,1.4271,0.1429,205,Overloaded
2016-05-05,GER-12,Geriatrics,19,16,3,28.95,32.05,609,480,1.2688,0.1579,129,Overloaded
2016-05-05,GER-13,Geriatrics,21,17,4,37.52,32.62,685,480,1.4271,0.1905,205,Overloaded
2016-05-05,GER-14,Geriatrics,17,15,2,21.24,32.29,549,480,1.1438,0.1176,69,Overloaded
2016-05-05,GER-15,Geriatrics,26,20,6,57.0,32.46,844,480,1.7583,0.2308,364,Overloaded
2016-05-05,GER-16,Geriatrics,26,22,4,58.27,32.38,842,480,1.7542,0.1538,362,Overloaded
2016-05-05,GER-17,Geriatrics,24,19,5,48.33,32.33,776,480,1.6167,0.2083,296,Overloaded
2016-05-05,GER-18,Geriatrics,27,25,2,59.37,31.44,849,480,1.7688,0.0741,369,Overloaded
2016-05-05,GER-19,Geriatrics,33,27,6,85.64,33.06,1091,480,2.2729,0.1818,611,Overloaded
2016-05-05,GER-20,Geriatrics,17,15,2,25.41,33.24,565,480,1.1771,0.1176,85,Overloaded
2016-05-05,GER-21,Geriatrics,21,16,5,38.9,33.1,695,480,1.4479,0.2381,215,Overloaded
2016-05-05,GER-22,Geriatrics,22,19,3,41.32,32.09,706,480,1.4708,0.1364,226,Overloaded
2016-05-05,GER-23,Geriatrics,24,21,3,49.42,32.67,784,480,1.6333,0.125,304,Overloaded
2016-05-05,GER-24,Geriatrics,21,19,2,40.52,33.48,703,480,1.4646,0.0952,223,Overloaded
2016-05-05,PED-01,Pediatrics,35,28,7,12.71,15.31,536,540,0.9926,0.2,-4,Overloaded
2016-05-05,PED-02,Pediatrics,42,30,12,39.02,15.24,640,540,1.1852,0.2857,100,Overloaded
2016-05-05,PED-03,Pediatrics,42,36,6,36.45,15.1,634,540,1.1741,0.1429,94,Overloaded
2016-05-05,PED-04,Pediatrics,46,38,8,55.07,15.2,699,540,1.2944,0.1739,159,Overloaded
2016-05-05,PED-05,Pediatrics,55,42,13,89.05,15.15,833,540,1.5426,0.2364,293,Overloaded
2016-05-05,PED-06,Pediatrics,44,32,12,47.11,15.27,672,540,1.2444,0.2727,132,Overloaded
2016-05-05,PED-07,Pediatrics,44,34,10,45.3,15.3,673,540,1.2463,0.2273,133,Overloaded
2016-05-05,PED-08,Pediatrics,49,37,12,65.43,15.16,743,540,1.3759,0.2449,203,Overloaded
2016-05-05,PED-09,Pediatrics,37,27,10,16.84,15.16,561,540,1.0389,0.2703,21,Overloaded
2016-05-05,PED-10,Pediatrics,36,27,9,15.81,15.28,550,540,1.0185,0.25,10,Overloaded
2016-05-05,PED-11,Pediatrics,41,32,9,32.88,15.17,622,540,1.1519,0.2195,82,Overloaded
2016-05-05,PED-12,Pediatrics,48,41,7,62.0,15.21,730,540,1.3519,0.1458,190,Overloaded
2016-05-05,PED-13,Pediatrics,47,38,9,57.83,15.23,716,540,1.3259,0.1915,176,Overloaded
2016-05-05,PED-14,Pediatrics,51,42,9,73.61,15.22,776,540,1.437,0.1765,236,Overloaded
2016-05-05,PED-15,Pediatrics,47,33,14,58.34,15.32,720,540,1.3333,0.2979,180,Overloaded
2016-05-05,PED-16,Pediatrics,36,27,9,14.08,15.19,547,540,1.013,0.25,7,Overloaded
2016-05-05,PED-17,Pediatrics,48,42,6,61.06,15.29,734,540,1.3593,0.125,194,Overloaded
2016-05-05,PED-18,Pediatrics,45,37,8,49.96,15.18,683,540,1.2648,0.1778,143,Overloaded
2016-05-05,PED-19,Pediatrics,47,39,8,57.21,15.26,717,540,1.3278,0.1702,177,Overloaded
2016-05-05,PED-20,Pediatrics,43,39,4,43.35,15.3,658,540,1.2185,0.093,118,Overloaded
2016-05-05,PED-21,Pediatrics,41,28,13,33.22,15.2,623,540,1.1537,0.3171,83,Overloaded
2016-05-05,PED-22,Pediatrics,44,40,4,47.14,15.2,669,540,1.2389,0.0909,129,Overloaded
2016-05-05,PED-23,Pediatrics,53,43,10,81.36,15.17,804,540,1.4889,0.1887,264,Overloaded
2016-05-05,PED-24,Pediatrics,40,30,10,29.45,15.08,603,540,1.1167,0.25,63,Overloaded
2016-05-05,REH-01,Rehabilitation,5,4,1,16.8,37.2,186,450,0.4133,0.2,-264,Underused
2016-05-05,REH-02,Rehabilitation,2,2,0,17.5,36.0,72,450,0.16,0.0,-378,Underused
2016-05-05,REH-03,Rehabilitation,1,0,1,14.0,36.0,36,450,0.08,1.0,-414,Underused
2016-05-05,REH-04,Rehabilitation,4,4,0,17.5,38.5,154,450,0.3422,0.0,-296,Underused
2016-05-05,REH-05,Rehabilitation,5,4,1,16.8,35.4,177,450,0.3933,0.2,-273,Underused
2016-05-05,REH-06,Rehabilitation,5,4,1,17.4,37.6,188,450,0.4178,0.2,-262,Underused
2016-05-05,REH-07,Rehabilitation,6,4,2,16.17,38.67,232,450,0.5156,0.3333,-218,Underused
2016-05-05,REH-08,Rehabilitation,2,2,0,15.0,39.0,78,450,0.1733,0.0,-372,Underused
2016-05-05,REH-09,Rehabilitation,3,3,0,14.33,34.67,104,450,0.2311,0.0,-346,Underused
2016-05-05,REH-10,Rehabilitation,5,5,0,16.2,37.2,186,450,0.4133,0.0,-264,Underused
2016-05-05,REH-11,Rehabilitation,6,5,1,17.5,36.17,217,450,0.4822,0.1667,-233,Underused
2016-05-05,REH-12,Rehabilitation,3,3,0,16.33,34.67,104,450,0.2311,0.0,-346,Underused
2016-05-05,REH-13,Rehabilitation,2,0,2,15.0,36.0,72,450,0.16,1.0,-378,Underused
2016-05-05,REH-14,Rehabilitation,2,0,2,15.0,34.0,68,450,0.1511,1.0,-382,Underused
2016-05-05,REH-15,Rehabilitation,5,4,1,18.8,36.2,181,450,0.4022,0.2,-269,Underused
2016-05-05,REH-16,Rehabilitation,4,4,0,17.5,38.0,152,450,0.3378,0.0,-298,Underused
2016-05-05,REH-17,Rehabilitation,10,10,0,18.2,34.2,342,450,0.76,0.0,-108,Balanced
2016-05-05,REH-19,Rehabilitation,2,1,1,21.5,40.5,81,450,0.18,0.5,-369,Underused
2016-05-05,REH-20,Rehabilitation,6,5,1,17.33,34.83,209,450,0.4644,0.1667,-241,Underused
2016-05-05,REH-21,Rehabilitation,2,2,0,16.0,36.5,73,450,0.1622,0.0,-377,Underused
2016-05-05,REH-23,Rehabilitation,4,3,1,17.5,35.25,141,450,0.3133,0.25,-309,Underused
2016-05-05,REH-24,Rehabilitation,4,3,1,18.0,35.25,141,450,0.3133,0.25,-309,Underused
2016-05-05,WH-01,Women's Health,41,35,6,60.46,18.73,768,540,1.4222,0.1463,228,Overloaded
2016-05-05,WH-02,Women's Health,27,20,7,12.26,18.37,496,540,0.9185,0.2593,-44,Overloaded
2016-05-05,WH-03,Women's Health,44,37,7,71.25,18.73,824,540,1.5259,0.1591,284,Overloaded
2016-05-05,WH-04,Women's Health,48,33,15,85.77,18.33,880,540,1.6296,0.3125,340,Overloaded
2016-05-05,WH-05,Women's Health,42,32,10,61.79,18.43,774,540,1.4333,0.2381,234,Overloaded
2016-05-05,WH-06,Women's Health,37,31,6,42.08,18.43,682,540,1.263,0.1622,142,Overloaded
2016-05-05,WH-07,Women's Health,39,28,11,49.67,18.51,722,540,1.337,0.2821,182,Overloaded
2016-05-05,WH-08,Women's Health,33,26,7,27.48,18.48,610,540,1.1296,0.2121,70,Overloaded
2016-05-05,WH-09,Women's Health,37,26,11,41.68,18.38,680,540,1.2593,0.2973,140,Overloaded
2016-05-05,WH-10,Women's Health,48,34,14,86.27,18.33,880,540,1.6296,0.2917,340,Overloaded
2016-05-05,WH-11,Women's Health,33,29,4,26.24,18.55,612,540,1.1333,0.1212,72,Overloaded
2016-05-05,WH-12,Women's Health,37,22,15,42.24,18.54,686,540,1.2704,0.4054,146,Overloaded
2016-05-05,WH-13,Women's Health,35,29,6,33.23,18.34,642,540,1.1889,0.1714,102,Overloaded
2016-05-05,WH-14,Women's Health,39,31,8,50.82,18.41,718,540,1.3296,0.2051,178,Overloaded
2016-05-05,WH-15,Women's Health,38,28,10,48.16,18.68,710,540,1.3148,0.2632,170,Overloaded
2016-05-05,WH-16,Women's Health,35,29,6,35.0,18.51,648,540,1.2,0.1714,108,Overloaded
2016-05-05,WH-17,Women's Health,44,34,10,70.41,18.5,814,540,1.5074,0.2273,274,Overloaded
2016-05-05,WH-18,Women's Health,46,39,7,78.22,18.43,848,540,1.5704,0.1522,308,Overloaded
2016-05-05,WH-19,Women's Health,43,33,10,66.81,18.56,798,540,1.4778,0.2326,258,Overloaded
2016-05-05,WH-20,Women's Health,40,31,9,53.7,18.2,728,540,1.3481,0.225,188,Overloaded
2016-05-05,WH-21,Women's Health,40,28,12,54.72,18.65,746,540,1.3815,0.3,206,Overloaded
2016-05-05,WH-22,Women's Health,40,30,10,54.6,18.35,734,540,1.3593,0.25,194,Overloaded
2016-05-05,WH-23,Women's Health,36,25,11,39.06,18.78,676,540,1.2519,0.3056,136,Overloaded
2016-05-05,WH-24,Women's Health,48,42,6,87.4,18.46,886,540,1.6407,0.125,346,Overloaded
2016-05-06,BH-01,Behavioral Health,1,1,0,21.0,26.0,26,480,0.0542,0.0,-454,Underused
2016-05-06,BH-02,Behavioral Health,6,5,1,21.5,31.0,186,480,0.3875,0.1667,-294,Underused
2016-05-06,BH-03,Behavioral Health,8,7,1,18.62,29.75,238,480,0.4958,0.125,-242,Underused
2016-05-06,BH-04,Behavioral Health,10,9,1,16.6,27.4,274,480,0.5708,0.1,-206,Underused
2016-05-06,BH-05,Behavioral Health,2,2,0,15.0,28.0,56,480,0.1167,0.0,-424,Underused
2016-05-06,BH-06,Behavioral Health,8,7,1,17.0,28.0,224,480,0.4667,0.125,-256,Underused
2016-05-06,BH-07,Behavioral Health,5,4,1,16.2,28.8,144,480,0.3,0.2,-336,Underused
2016-05-06,BH-08,Behavioral Health,4,4,0,13.5,26.0,104,480,0.2167,0.0,-376,Underused
2016-05-06,BH-09,Behavioral Health,4,4,0,16.25,28.0,112,480,0.2333,0.0,-368,Underused
2016-05-06,BH-10,Behavioral Health,5,4,1,17.0,26.4,132,480,0.275,0.2,-348,Underused
2016-05-06,BH-11,Behavioral Health,6,5,1,16.0,26.0,156,480,0.325,0.1667,-324,Underused
2016-05-06,BH-12,Behavioral Health,1,1,0,14.0,30.0,30,480,0.0625,0.0,-450,Underused
2016-05-06,BH-13,Behavioral Health,6,3,3,14.33,27.67,166,480,0.3458,0.5,-314,Underused
2016-05-06,BH-14,Behavioral Health,3,3,0,17.67,26.67,80,480,0.1667,0.0,-400,Underused
2016-05-06,BH-15,Behavioral Health,5,4,1,15.6,28.0,140,480,0.2917,0.2,-340,Underused
2016-05-06,BH-16,Behavioral Health,4,4,0,16.75,28.5,114,480,0.2375,0.0,-366,Underused
2016-05-06,BH-17,Behavioral Health,3,2,1,16.0,27.33,82,480,0.1708,0.3333,-398,Underused
2016-05-06,BH-18,Behavioral Health,3,3,0,18.0,28.67,86,480,0.1792,0.0,-394,Underused
2016-05-06,BH-19,Behavioral Health,2,2,0,20.0,28.0,56,480,0.1167,0.0,-424,Underused
2016-05-06,BH-20,Behavioral Health,2,2,0,22.5,28.0,56,480,0.1167,0.0,-424,Underused
2016-05-06,BH-21,Behavioral Health,5,3,2,16.8,30.4,152,480,0.3167,0.4,-328,Underused
2016-05-06,BH-22,Behavioral Health,7,3,4,16.29,27.71,194,480,0.4042,0.5714,-286,Underused
2016-05-06,BH-23,Behavioral Health,4,1,3,18.75,28.5,114,480,0.2375,0.75,-366,Underused
2016-05-06,BH-24,Behavioral Health,8,5,3,16.0,27.5,220,480,0.4583,0.375,-260,Underused
2016-05-06,CHR-01,Chronic Care,19,16,3,17.74,25.47,484,510,0.949,0.1579,-26,Overloaded
2016-05-06,CHR-02,Chronic Care,12,9,3,16.42,26.0,312,510,0.6118,0.25,-198,Balanced
2016-05-06,CHR-03,Chronic Care,15,11,4,15.33,24.53,368,510,0.7216,0.2667,-142,Balanced
2016-05-06,CHR-04,Chronic Care,17,11,6,15.24,25.41,432,510,0.8471,0.3529,-78,Balanced
2016-05-06,CHR-05,Chronic Care,17,13,4,15.47,25.65,436,510,0.8549,0.2353,-74,Balanced
2016-05-06,CHR-06,Chronic Care,14,14,0,17.21,26.57,372,510,0.7294,0.0,-138,Balanced
2016-05-06,CHR-07,Chronic Care,23,17,6,24.65,24.87,572,510,1.1216,0.2609,62,Overloaded
2016-05-06,CHR-08,Chronic Care,19,13,6,18.21,25.47,484,510,0.949,0.3158,-26,Overloaded
2016-05-06,CHR-09,Chronic Care,13,10,3,15.08,25.54,332,510,0.651,0.2308,-178,Balanced
2016-05-06,CHR-10,Chronic Care,22,20,2,25.23,25.27,556,510,1.0902,0.0909,46,Overloaded
2016-05-06,CHR-11,Chronic Care,18,14,4,17.78,25.67,462,510,0.9059,0.2222,-48,Overloaded
2016-05-06,CHR-12,Chronic Care,21,18,3,20.43,25.33,532,510,1.0431,0.1429,22,Overloaded
2016-05-06,CHR-13,Chronic Care,21,18,3,16.86,24.95,524,510,1.0275,0.1429,14,Overloaded
2016-05-06,CHR-14,Chronic Care,23,18,5,26.91,25.39,584,510,1.1451,0.2174,74,Overloaded
2016-05-06,CHR-15,Chronic Care,21,18,3,19.67,25.43,534,510,1.0471,0.1429,24,Overloaded
2016-05-06,CHR-16,Chronic Care,18,14,4,16.0,25.22,454,510,0.8902,0.2222,-56,Balanced
2016-05-06,CHR-17,Chronic Care,18,14,4,15.0,24.89,448,510,0.8784,0.2222,-62,Balanced
2016-05-06,CHR-18,Chronic Care,20,15,5,17.8,25.4,508,510,0.9961,0.25,-2,Overloaded
2016-05-06,CHR-19,Chronic Care,25,21,4,37.04,25.76,644,510,1.2627,0.16,134,Overloaded
2016-05-06,CHR-20,Chronic Care,17,14,3,17.06,25.53,434,510,0.851,0.1765,-76,Balanced
2016-05-06,CHR-21,Chronic Care,25,20,5,33.72,24.8,620,510,1.2157,0.2,110,Overloaded
2016-05-06,CHR-22,Chronic Care,21,16,5,18.0,25.33,532,510,1.0431,0.2381,22,Overloaded
2016-05-06,CHR-23,Chronic Care,10,7,3,13.6,24.8,248,510,0.4863,0.3,-262,Underused
2016-05-06,CHR-24,Chronic Care,27,19,8,42.93,25.04,676,510,1.3255,0.2963,166,Overloaded
2016-05-06,FM-01,Family Medicine,39,34,5,40.67,17.15,669,540,1.2389,0.1282,129,Overloaded
2016-05-06,FM-02,Family Medicine,42,37,5,55.52,17.29,726,540,1.3444,0.119,186,Overloaded
2016-05-06,FM-03,Family Medicine,45,37,8,64.62,17.13,771,540,1.4278,0.1778,231,Overloaded
2016-05-06,FM-04,Family Medicine,38,30,8,41.03,17.47,664,540,1.2296,0.2105,124,Overloaded
2016-05-06,FM-05,Family Medicine,41,31,10,50.68,17.34,711,540,1.3167,0.2439,171,Overloaded
2016-05-06,FM-06,Family Medicine,43,35,8,59.21,17.28,743,540,1.3759,0.186,203,Overloaded
2016-05-06,FM-07,Family Medicine,35,28,7,26.77,17.34,607,540,1.1241,0.2,67,Overloaded
2016-05-06,FM-08,Family Medicine,46,35,11,70.46,17.3,796,540,1.4741,0.2391,256,Overloaded
2016-05-06,FM-09,Family Medicine,43,34,9,58.44,17.33,745,540,1.3796,0.2093,205,Overloaded
2016-05-06,FM-10,Family Medicine,31,27,4,15.39,17.45,541,540,1.0019,0.129,1,Overloaded
2016-05-06,FM-11,Family Medicine,30,28,2,12.43,17.27,518,540,0.9593,0.0667,-22,Overloaded
2016-05-06,FM-12,Family Medicine,34,32,2,22.35,17.29,588,540,1.0889,0.0588,48,Overloaded
2016-05-06,FM-13,Family Medicine,48,43,5,77.08,17.21,826,540,1.5296,0.1042,286,Overloaded
2016-05-06,FM-14,Family Medicine,47,35,12,73.53,17.17,807,540,1.4944,0.2553,267,Overloaded
2016-05-06,FM-15,Family Medicine,37,28,9,33.89,17.32,641,540,1.187,0.2432,101,Overloaded
2016-05-06,FM-16,Family Medicine,43,31,12,59.35,17.37,747,540,1.3833,0.2791,207,Overloaded
2016-05-06,FM-17,Family Medicine,31,26,5,12.81,17.06,529,540,0.9796,0.1613,-11,Overloaded
2016-05-06,FM-18,Family Medicine,30,21,9,12.53,17.07,512,540,0.9481,0.3,-28,Overloaded
2016-05-06,FM-19,Family Medicine,41,36,5,50.39,17.34,711,540,1.3167,0.122,171,Overloaded
2016-05-06,FM-20,Family Medicine,36,30,6,29.22,17.11,616,540,1.1407,0.1667,76,Overloaded
2016-05-06,FM-21,Family Medicine,50,39,11,85.44,17.28,864,540,1.6,0.22,324,Overloaded
2016-05-06,FM-22,Family Medicine,41,35,6,50.83,17.15,703,540,1.3019,0.1463,163,Overloaded
2016-05-06,FM-23,Family Medicine,35,33,2,23.77,17.06,597,540,1.1056,0.0571,57,Overloaded
2016-05-06,FM-24,Family Medicine,38,33,5,37.0,17.05,648,540,1.2,0.1316,108,Overloaded
2016-05-06,GER-01,Geriatrics,18,18,0,24.78,32.33,582,480,1.2125,0.0,102,Overloaded
2016-05-06,GER-02,Geriatrics,16,11,5,17.44,31.12,498,480,1.0375,0.3125,18,Overloaded
2016-05-06,GER-03,Geriatrics,21,18,3,35.71,32.14,675,480,1.4062,0.1429,195,Overloaded
2016-05-06,GER-04,Geriatrics,19,19,0,28.89,31.74,603,480,1.2562,0.0,123,Overloaded
2016-05-06,GER-05,Geriatrics,23,18,5,45.87,32.65,751,480,1.5646,0.2174,271,Overloaded
2016-05-06,GER-06,Geriatrics,19,16,3,34.0,34.05,647,480,1.3479,0.1579,167,Overloaded
2016-05-06,GER-07,Geriatrics,18,13,5,28.72,33.56,604,480,1.2583,0.2778,124,Overloaded
2016-05-06,GER-08,Geriatrics,21,18,3,37.1,31.86,669,480,1.3938,0.1429,189,Overloaded
2016-05-06,GER-09,Geriatrics,26,20,6,57.54,32.77,852,480,1.775,0.2308,372,Overloaded
2016-05-06,GER-10,Geriatrics,26,22,4,57.54,32.38,842,480,1.7542,0.1538,362,Overloaded
2016-05-06,GER-11,Geriatrics,17,16,1,20.94,31.94,543,480,1.1312,0.0588,63,Overloaded
2016-05-06,GER-12,Geriatrics,16,14,2,19.06,32.62,522,480,1.0875,0.125,42,Overloaded
2016-05-06,GER-13,Geriatrics,27,21,6,60.93,32.56,879,480,1.8312,0.2222,399,Overloaded
2016-05-06,GER-14,Geriatrics,24,21,3,50.33,32.58,782,480,1.6292,0.125,302,Overloaded
2016-05-06,GER-15,Geriatrics,17,13,4,21.65,33.35,567,480,1.1812,0.2353,87,Overloaded
2016-05-06,GER-16,Geriatrics,8,8,0,14.0,30.0,240,480,0.5,0.0,-240,Underused
2016-05-06,GER-17,Geriatrics,23,19,4,47.26,33.35,767,480,1.5979,0.1739,287,Overloaded
2016-05-06,GER-18,Geriatrics,24,23,1,52.21,33.17,796,480,1.6583,0.0417,316,Overloaded
2016-05-06,GER-19,Geriatrics,25,18,7,52.32,32.44,811,480,1.6896,0.28,331,Overloaded
2016-05-06,GER-20,Geriatrics,20,16,4,36.6,33.7,674,480,1.4042,0.2,194,Overloaded
2016-05-06,GER-21,Geriatrics,16,12,4,22.81,34.88,558,480,1.1625,0.25,78,Overloaded
2016-05-06,GER-22,Geriatrics,19,14,5,32.05,33.0,627,480,1.3062,0.2632,147,Overloaded
2016-05-06,GER-23,Geriatrics,15,13,2,15.6,32.47,487,480,1.0146,0.1333,7,Overloaded
2016-05-06,GER-24,Geriatrics,20,16,4,33.6,32.2,644,480,1.3417,0.2,164,Overloaded
2016-05-06,PED-01,Pediatrics,37,28,9,16.03,15.08,558,540,1.0333,0.2432,18,Overloaded
2016-05-06,PED-02,Pediatrics,42,32,10,39.17,15.36,645,540,1.1944,0.2381,105,Overloaded
2016-05-06,PED-03,Pediatrics,35,26,9,13.49,15.31,536,540,0.9926,0.2571,-4,Overloaded
2016-05-06,PED-04,Pediatrics,39,28,11,26.72,15.26,595,540,1.1019,0.2821,55,Overloaded
2016-05-06,PED-05,Pediatrics,50,35,15,70.52,15.26,763,540,1.413,0.3,223,Overloaded
2016-05-06,PED-06,Pediatrics,44,32,12,46.91,15.25,671,540,1.2426,0.2727,131,Overloaded
2016-05-06,PED-07,Pediatrics,38,30,8,21.66,15.18,577,540,1.0685,0.2105,37,Overloaded
2016-05-06,PED-08,Pediatrics,29,21,8,13.07,15.1,438,540,0.8111,0.2759,-102,Balanced
2016-05-06,PED-09,Pediatrics,37,25,12,16.54,15.16,561,540,1.0389,0.3243,21,Overloaded
2016-05-06,PED-10,Pediatrics,45,35,10,50.31,15.29,688,540,1.2741,0.2222,148,Overloaded
2016-05-06,PED-11,Pediatrics,28,24,4,11.18,15.18,425,540,0.787,0.1429,-115,Balanced
2016-05-06,PED-12,Pediatrics,39,33,6,27.33,15.28,596,540,1.1037,0.1538,56,Overloaded
2016-05-06,PED-13,Pediatrics,41,35,6,33.98,15.29,627,540,1.1611,0.1463,87,Overloaded
2016-05-06,PED-14,Pediatrics,39,30,9,26.44,15.13,590,540,1.0926,0.2308,50,Overloaded
2016-05-06,PED-15,Pediatrics,35,30,5,12.6,15.17,531,540,0.9833,0.1429,-9,Overloaded
2016-05-06,PED-16,Pediatrics,36,33,3,14.03,15.19,547,540,1.013,0.0833,7,Overloaded
2016-05-06,PED-17,Pediatrics,32,24,8,10.91,15.31,490,540,0.9074,0.25,-50,Overloaded
2016-05-06,PED-18,Pediatrics,35,29,6,14.63,15.31,536,540,0.9926,0.1714,-4,Overloaded
2016-05-06,PED-19,Pediatrics,32,27,5,12.47,15.31,490,540,0.9074,0.1562,-50,Overloaded
2016-05-06,PED-20,Pediatrics,43,34,9,42.47,15.26,656,540,1.2148,0.2093,116,Overloaded
2016-05-06,PED-21,Pediatrics,38,27,11,21.21,15.24,579,540,1.0722,0.2895,39,Overloaded
2016-05-06,PED-22,Pediatrics,33,25,8,13.94,15.12,499,540,0.9241,0.2424,-41,Overloaded
2016-05-06,PED-23,Pediatrics,33,28,5,11.33,15.18,501,540,0.9278,0.1515,-39,Overloaded
2016-05-06,PED-24,Pediatrics,30,22,8,13.83,15.23,457,540,0.8463,0.2667,-83,Balanced
2016-05-06,REH-01,Rehabilitation,3,2,1,17.0,36.33,109,450,0.2422,0.3333,-341,Underused
2016-05-06,REH-02,Rehabilitation,3,2,1,20.33,36.0,108,450,0.24,0.3333,-342,Underused
2016-05-06,REH-03,Rehabilitation,7,7,0,17.14,35.14,246,450,0.5467,0.0,-204,Underused
2016-05-06,REH-04,Rehabilitation,3,3,0,16.0,35.0,105,450,0.2333,0.0,-345,Underused
2016-05-06,REH-05,Rehabilitation,3,2,1,18.0,39.67,119,450,0.2644,0.3333,-331,Underused
2016-05-06,REH-07,Rehabilitation,3,1,2,16.0,40.0,120,450,0.2667,0.6667,-330,Underused
2016-05-06,REH-08,Rehabilitation,2,2,0,22.0,41.0,82,450,0.1822,0.0,-368,Underused
2016-05-06,REH-09,Rehabilitation,2,2,0,19.0,39.0,78,450,0.1733,0.0,-372,Underused
2016-05-06,REH-10,Rehabilitation,6,4,2,15.0,33.83,203,450,0.4511,0.3333,-247,Underused
2016-05-06,REH-11,Rehabilitation,5,4,1,15.4,33.4,167,450,0.3711,0.2,-283,Underused
2016-05-06,REH-12,Rehabilitation,3,3,0,14.33,32.67,98,450,0.2178,0.0,-352,Underused
2016-05-06,REH-13,Rehabilitation,3,3,0,18.0,34.67,104,450,0.2311,0.0,-346,Underused
2016-05-06,REH-14,Rehabilitation,3,3,0,18.33,37.33,112,450,0.2489,0.0,-338,Underused
2016-05-06,REH-15,Rehabilitation,2,2,0,13.5,36.5,73,450,0.1622,0.0,-377,Underused
2016-05-06,REH-16,Rehabilitation,4,3,1,20.75,37.75,151,450,0.3356,0.25,-299,Underused
2016-05-06,REH-17,Rehabilitation,4,3,1,16.75,37.0,148,450,0.3289,0.25,-302,Underused
2016-05-06,REH-18,Rehabilitation,3,3,0,17.33,34.33,103,450,0.2289,0.0,-347,Underused
2016-05-06,REH-19,Rehabilitation,4,4,0,16.25,39.25,157,450,0.3489,0.0,-293,Underused
2016-05-06,REH-20,Rehabilitation,2,1,1,16.5,39.5,79,450,0.1756,0.5,-371,Underused
2016-05-06,REH-21,Rehabilitation,1,1,0,21.0,32.0,32,450,0.0711,0.0,-418,Underused
2016-05-06,REH-22,Rehabilitation,3,3,0,19.33,34.0,102,450,0.2267,0.0,-348,Underused
2016-05-06,REH-23,Rehabilitation,4,3,1,15.25,31.5,126,450,0.28,0.25,-324,Underused
2016-05-06,WH-01,Women's Health,29,23,6,13.21,18.48,536,540,0.9926,0.2069,-4,Overloaded
2016-05-06,WH-02,Women's Health,41,29,12,58.68,18.49,758,540,1.4037,0.2927,218,Overloaded
2016-05-06,WH-03,Women's Health,34,25,9,30.21,18.53,630,540,1.1667,0.2647,90,Overloaded
2016-05-06,WH-04,Women's Health,35,33,2,35.71,18.4,644,540,1.1926,0.0571,104,Overloaded
2016-05-06,WH-05,Women's Health,36,26,10,38.11,18.5,666,540,1.2333,0.2778,126,Overloaded
2016-05-06,WH-06,Women's Health,32,23,9,23.84,18.69,598,540,1.1074,0.2812,58,Overloaded
2016-05-06,WH-07,Women's Health,48,33,15,86.38,18.71,898,540,1.663,0.3125,358,Overloaded
2016-05-06,WH-08,Women's Health,34,23,11,32.53,18.59,632,540,1.1704,0.3235,92,Overloaded
2016-05-06,WH-09,Women's Health,35,26,9,35.2,18.46,646,540,1.1963,0.2571,106,Overloaded
2016-05-06,WH-10,Women's Health,42,33,9,63.76,18.52,778,540,1.4407,0.2143,238,Overloaded
2016-05-06,WH-11,Women's Health,42,32,10,61.12,18.38,772,540,1.4296,0.2381,232,Overloaded
2016-05-06,WH-12,Women's Health,44,33,11,72.09,18.59,818,540,1.5148,0.25,278,Overloaded
2016-05-06,WH-13,Women's Health,40,29,11,54.05,18.45,738,540,1.3667,0.275,198,Overloaded
2016-05-06,WH-14,Women's Health,40,32,8,53.12,18.2,728,540,1.3481,0.2,188,Overloaded
2016-05-06,WH-15,Women's Health,46,37,9,77.22,18.26,840,540,1.5556,0.1957,300,Overloaded
2016-05-06,WH-16,Women's Health,43,31,12,68.74,18.79,808,540,1.4963,0.2791,268,Overloaded
2016-05-06,WH-17,Women's Health,42,34,8,62.33,18.48,776,540,1.437,0.1905,236,Overloaded
2016-05-06,WH-18,Women's Health,44,37,7,72.59,18.77,826,540,1.5296,0.1591,286,Overloaded
2016-05-06,WH-19,Women's Health,32,21,11,22.69,18.5,592,540,1.0963,0.3438,52,Overloaded
2016-05-06,WH-20,Women's Health,48,40,8,85.98,18.46,886,540,1.6407,0.1667,346,Overloaded
2016-05-06,WH-21,Women's Health,29,23,6,13.07,18.41,534,540,0.9889,0.2069,-6,Overloaded
2016-05-06,WH-22,Women's Health,29,22,7,13.38,18.62,540,540,1.0,0.2414,0,Overloaded
2016-05-06,WH-23,Women's Health,41,32,9,58.54,18.59,762,540,1.4111,0.2195,222,Overloaded
2016-05-06,WH-24,Women's Health,40,30,10,55.45,18.55,742,540,1.3741,0.25,202,Overloaded
2016-05-09,BH-01,Behavioral Health,7,4,3,14.29,26.57,186,480,0.3875,0.4286,-294,Underused
2016-05-09,BH-02,Behavioral Health,5,5,0,19.2,29.2,146,480,0.3042,0.0,-334,Underused
2016-05-09,BH-03,Behavioral Health,4,3,1,17.25,28.5,114,480,0.2375,0.25,-366,Underused
2016-05-09,BH-04,Behavioral Health,4,3,1,20.0,30.5,122,480,0.2542,0.25,-358,Underused
2016-05-09,BH-05,Behavioral Health,5,4,1,19.8,30.4,152,480,0.3167,0.2,-328,Underused
2016-05-09,BH-06,Behavioral Health,5,4,1,18.6,30.0,150,480,0.3125,0.2,-330,Underused
2016-05-09,BH-07,Behavioral Health,3,3,0,16.0,27.33,82,480,0.1708,0.0,-398,Underused
2016-05-09,BH-08,Behavioral Health,1,1,0,19.0,30.0,30,480,0.0625,0.0,-450,Underused
2016-05-09,BH-09,Behavioral Health,6,6,0,16.83,26.0,156,480,0.325,0.0,-324,Underused
2016-05-09,BH-10,Behavioral Health,5,3,2,19.0,28.0,140,480,0.2917,0.4,-340,Underused
2016-05-09,BH-11,Behavioral Health,8,5,3,16.5,28.0,224,480,0.4667,0.375,-256,Underused
2016-05-09,BH-12,Behavioral Health,6,4,2,18.83,28.0,168,480,0.35,0.3333,-312,Underused
2016-05-09,BH-13,Behavioral Health,4,4,0,20.75,31.5,126,480,0.2625,0.0,-354,Underused
2016-05-09,BH-14,Behavioral Health,4,4,0,18.75,30.0,120,480,0.25,0.0,-360,Underused
2016-05-09,BH-15,Behavioral Health,6,5,1,16.33,26.67,160,480,0.3333,0.1667,-320,Underused
2016-05-09,BH-16,Behavioral Health,6,5,1,16.17,26.67,160,480,0.3333,0.1667,-320,Underused
2016-05-09,BH-17,Behavioral Health,4,4,0,18.5,28.0,112,480,0.2333,0.0,-368,Underused
2016-05-09,BH-18,Behavioral Health,10,6,4,19.3,29.4,294,480,0.6125,0.4,-186,Balanced
2016-05-09,BH-19,Behavioral Health,5,5,0,18.2,29.2,146,480,0.3042,0.0,-334,Underused
2016-05-09,BH-20,Behavioral Health,4,4,0,18.0,29.0,116,480,0.2417,0.0,-364,Underused
2016-05-09,BH-21,Behavioral Health,5,4,1,16.4,28.4,142,480,0.2958,0.2,-338,Underused
2016-05-09,BH-22,Behavioral Health,9,4,5,15.22,27.78,250,480,0.5208,0.5556,-230,Underused
2016-05-09,BH-23,Behavioral Health,8,5,3,16.12,27.5,220,480,0.4583,0.375,-260,Underused
2016-05-09,BH-24,Behavioral Health,6,2,4,17.5,28.0,168,480,0.35,0.6667,-312,Underused
2016-05-09,CHR-01,Chronic Care,23,20,3,29.04,25.74,592,510,1.1608,0.1304,82,Overloaded
2016-05-09,CHR-02,Chronic Care,19,15,4,17.58,25.05,476,510,0.9333,0.2105,-34,Overloaded
2016-05-09,CHR-03,Chronic Care,23,19,4,25.22,24.96,574,510,1.1255,0.1739,64,Overloaded
2016-05-09,CHR-04,Chronic Care,24,21,3,31.33,25.25,606,510,1.1882,0.125,96,Overloaded
2016-05-09,CHR-05,Chronic Care,24,16,8,31.83,25.58,614,510,1.2039,0.3333,104,Overloaded
2016-05-09,CHR-06,Chronic Care,19,13,6,18.16,25.26,480,510,0.9412,0.3158,-30,Overloaded
2016-05-09,CHR-07,Chronic Care,25,18,7,33.64,24.88,622,510,1.2196,0.28,112,Overloaded
2016-05-09,CHR-08,Chronic Care,14,11,3,15.79,25.57,358,510,0.702,0.2143,-152,Balanced
2016-05-09,CHR-09,Chronic Care,26,19,7,37.92,24.77,644,510,1.2627,0.2692,134,Overloaded
2016-05-09,CHR-10,Chronic Care,19,15,4,19.05,26.11,496,510,0.9725,0.2105,-14,Overloaded
2016-05-09,CHR-11,Chronic Care,21,17,4,18.81,25.05,526,510,1.0314,0.1905,16,Overloaded
2016-05-09,CHR-12,Chronic Care,21,14,7,18.1,25.14,528,510,1.0353,0.3333,18,Overloaded
2016-05-09,CHR-13,Chronic Care,15,14,1,15.67,25.33,380,510,0.7451,0.0667,-130,Balanced
2016-05-09,CHR-14,Chronic Care,20,15,5,19.25,25.7,514,510,1.0078,0.25,4,Overloaded
2016-05-09,CHR-15,Chronic Care,33,25,8,67.79,25.52,842,510,1.651,0.2424,332,Overloaded
2016-05-09,CHR-16,Chronic Care,25,16,9,36.4,25.44,636,510,1.2471,0.36,126,Overloaded
2016-05-09,CHR-17,Chronic Care,15,11,4,15.0,24.27,364,510,0.7137,0.2667,-146,Balanced
2016-05-09,CHR-18,Chronic Care,26,23,3,41.0,25.46,662,510,1.298,0.1154,152,Overloaded
2016-05-09,CHR-19,Chronic Care,19,13,6,17.21,25.79,490,510,0.9608,0.3158,-20,Overloaded
2016-05-09,CHR-20,Chronic Care,22,18,4,24.45,25.09,552,510,1.0824,0.1818,42,Overloaded
2016-05-09,CHR-21,Chronic Care,25,19,6,33.92,25.04,626,510,1.2275,0.24,116,Overloaded
2016-05-09,CHR-22,Chronic Care,21,17,4,19.0,24.95,524,510,1.0275,0.1905,14,Overloaded
2016-05-09,CHR-23,Chronic Care,21,16,5,19.14,25.14,528,510,1.0353,0.2381,18,Overloaded
2016-05-09,CHR-24,Chronic Care,15,13,2,17.67,25.33,380,510,0.7451,0.1333,-130,Balanced
2016-05-09,FM-01,Family Medicine,43,37,6,58.98,17.42,749,540,1.387,0.1395,209,Overloaded
2016-05-09,FM-02,Family Medicine,37,28,9,35.81,17.43,645,540,1.1944,0.2432,105,Overloaded
2016-05-09,FM-03,Family Medicine,44,36,8,62.36,17.32,762,540,1.4111,0.1818,222,Overloaded
2016-05-09,FM-04,Family Medicine,46,35,11,69.17,17.13,788,540,1.4593,0.2391,248,Overloaded
2016-05-09,FM-05,Family Medicine,42,30,12,53.67,17.19,722,540,1.337,0.2857,182,Overloaded
2016-05-09,FM-06,Family Medicine,45,36,9,67.56,17.27,777,540,1.4389,0.2,237,Overloaded
2016-05-09,FM-07,Family Medicine,34,28,6,22.32,17.24,586,540,1.0852,0.1765,46,Overloaded
2016-05-09,FM-08,Family Medicine,41,36,5,50.12,17.15,703,540,1.3019,0.122,163,Overloaded
2016-05-09,FM-09,Family Medicine,51,38,13,89.37,17.35,885,540,1.6389,0.2549,345,Overloaded
2016-05-09,FM-10,Family Medicine,41,33,8,50.24,17.15,703,540,1.3019,0.1951,163,Overloaded
2016-05-09,FM-11,Family Medicine,39,32,7,42.1,17.26,673,540,1.2463,0.1795,133,Overloaded
2016-05-09,FM-12,Family Medicine,44,37,7,62.77,17.27,760,540,1.4074,0.1591,220,Overloaded
2016-05-09,FM-13,Family Medicine,42,35,7,53.52,17.14,720,540,1.3333,0.1667,180,Overloaded
2016-05-09,FM-14,Family Medicine,50,44,6,86.98,17.52,876,540,1.6222,0.12,336,Overloaded
2016-05-09,FM-15,Family Medicine,45,33,12,65.73,17.27,777,540,1.4389,0.2667,237,Overloaded
2016-05-09,FM-16,Family Medicine,48,39,9,79.94,17.38,834,540,1.5444,0.1875,294,Overloaded
2016-05-09,FM-17,Family Medicine,50,38,12,86.64,17.36,868,540,1.6074,0.24,328,Overloaded
2016-05-09,FM-18,Family Medicine,50,40,10,86.28,17.28,864,540,1.6,0.2,324,Overloaded
2016-05-09,FM-19,Family Medicine,43,31,12,58.74,17.28,743,540,1.3759,0.2791,203,Overloaded
2016-05-09,FM-20,Family Medicine,49,41,8,83.02,17.29,847,540,1.5685,0.1633,307,Overloaded
2016-05-09,FM-21,Family Medicine,47,38,9,75.06,17.38,817,540,1.513,0.1915,277,Overloaded
2016-05-09,FM-22,Family Medicine,54,44,10,95.0,17.3,934,540,1.7296,0.1852,394,Overloaded
2016-05-09,FM-23,Family Medicine,47,33,14,74.45,17.26,811,540,1.5019,0.2979,271,Overloaded
2016-05-09,FM-24,Family Medicine,38,29,9,39.34,17.37,660,540,1.2222,0.2368,120,Overloaded
2016-05-09,GER-01,Geriatrics,28,25,3,66.89,32.71,916,480,1.9083,0.1071,436,Overloaded
2016-05-09,GER-02,Geriatrics,29,24,5,69.9,32.38,939,480,1.9562,0.1724,459,Overloaded
2016-05-09,GER-03,Geriatrics,22,19,3,42.09,32.45,714,480,1.4875,0.1364,234,Overloaded
2016-05-09,GER-04,Geriatrics,18,16,2,25.44,32.0,576,480,1.2,0.1111,96,Overloaded
2016-05-09,GER-05,Geriatrics,30,27,3,73.13,32.2,966,480,2.0125,0.1,486,Overloaded
2016-05-09,GER-06,Geriatrics,24,22,2,47.88,31.5,756,480,1.575,0.0833,276,Overloaded
2016-05-09,GER-07,Geriatrics,22,20,2,43.55,32.82,722,480,1.5042,0.0909,242,Overloaded
2016-05-09,GER-08,Geriatrics,26,23,3,60.46,33.15,862,480,1.7958,0.1154,382,Overloaded
2016-05-09,GER-09,Geriatrics,26,21,5,57.27,32.23,838,480,1.7458,0.1923,358,Overloaded
2016-05-09,GER-10,Geriatrics,18,17,1,29.06,33.67,606,480,1.2625,0.0556,126,Overloaded
2016-05-09,GER-11,Geriatrics,16,12,4,18.5,32.25,516,480,1.075,0.25,36,Overloaded
2016-05-09,GER-12,Geriatrics,25,19,6,52.44,31.8,795,480,1.6562,0.24,315,Overloaded
2016-05-09,GER-13,Geriatrics,23,20,3,43.96,31.7,729,480,1.5188,0.1304,249,Overloaded
2016-05-09,GER-14,Geriatrics,18,17,1,27.06,32.33,582,480,1.2125,0.0556,102,Overloaded
2016-05-09,GER-15,Geriatrics,20,17,3,32.9,32.3,646,480,1.3458,0.15,166,Overloaded
2016-05-09,GER-16,Geriatrics,31,29,2,80.35,33.19,1029,480,2.1438,0.0645,549,Overloaded
2016-05-09,GER-17,Geriatrics,29,26,3,70.28,32.45,941,480,1.9604,0.1034,461,Overloaded
2016-05-09,GER-18,Geriatrics,23,21,2,46.3,32.22,741,480,1.5438,0.087,261,Overloaded
2016-05-09,GER-19,Geriatrics,27,21,6,60.93,32.41,875,480,1.8229,0.2222,395,Overloaded
2016-05-09,GER-20,Geriatrics,23,16,7,48.78,33.52,771,480,1.6062,0.3043,291,Overloaded
2016-05-09,GER-21,Geriatrics,21,17,4,39.24,33.1,695,480,1.4479,0.1905,215,Overloaded
2016-05-09,GER-22,Geriatrics,27,21,6,58.96,31.37,847,480,1.7646,0.2222,367,Overloaded
2016-05-09,GER-23,Geriatrics,14,10,4,16.29,33.29,466,480,0.9708,0.2857,-14,Overloaded
2016-05-09,GER-24,Geriatrics,23,15,8,47.78,33.0,759,480,1.5812,0.3478,279,Overloaded
2016-05-09,PED-01,Pediatrics,55,42,13,89.62,15.16,834,540,1.5444,0.2364,294,Overloaded
2016-05-09,PED-02,Pediatrics,43,35,8,42.88,15.16,652,540,1.2074,0.186,112,Overloaded
2016-05-09,PED-03,Pediatrics,50,41,9,70.44,15.24,762,540,1.4111,0.18,222,Overloaded
2016-05-09,PED-04,Pediatrics,45,31,14,51.71,15.31,689,540,1.2759,0.3111,149,Overloaded
2016-05-09,PED-05,Pediatrics,38,28,10,21.11,15.08,573,540,1.0611,0.2632,33,Overloaded
2016-05-09,PED-06,Pediatrics,38,30,8,22.5,15.11,574,540,1.063,0.2105,34,Overloaded
2016-05-09,PED-07,Pediatrics,44,39,5,45.02,15.16,667,540,1.2352,0.1136,127,Overloaded
2016-05-09,PED-08,Pediatrics,60,44,16,95.0,15.27,916,540,1.6963,0.2667,376,Overloaded
2016-05-09,PED-09,Pediatrics,48,38,10,62.29,15.25,732,540,1.3556,0.2083,192,Overloaded
2016-05-09,PED-10,Pediatrics,43,27,16,43.49,15.3,658,540,1.2185,0.3721,118,Overloaded
2016-05-09,PED-11,Pediatrics,48,34,14,62.02,15.17,728,540,1.3481,0.2917,188,Overloaded
2016-05-09,PED-12,Pediatrics,47,38,9,58.81,15.15,712,540,1.3185,0.1915,172,Overloaded
2016-05-09,PED-13,Pediatrics,45,34,11,48.64,15.16,682,540,1.263,0.2444,142,Overloaded
2016-05-09,PED-14,Pediatrics,42,34,8,38.9,15.19,638,540,1.1815,0.1905,98,Overloaded
2016-05-09,PED-15,Pediatrics,56,42,14,92.23,15.18,850,540,1.5741,0.25,310,Overloaded
2016-05-09,PED-16,Pediatrics,45,31,14,50.8,15.27,687,540,1.2722,0.3111,147,Overloaded
2016-05-09,PED-17,Pediatrics,47,34,13,58.11,15.3,719,540,1.3315,0.2766,179,Overloaded
2016-05-09,PED-18,Pediatrics,41,31,10,37.07,15.34,629,540,1.1648,0.2439,89,Overloaded
2016-05-09,PED-19,Pediatrics,43,30,13,43.72,15.42,663,540,1.2278,0.3023,123,Overloaded
2016-05-09,PED-20,Pediatrics,45,34,11,50.67,15.18,683,540,1.2648,0.2444,143,Overloaded
2016-05-09,PED-21,Pediatrics,46,31,15,54.54,15.26,702,540,1.3,0.3261,162,Overloaded
2016-05-09,PED-22,Pediatrics,49,32,17,66.49,15.2,745,540,1.3796,0.3469,205,Overloaded
2016-05-09,PED-23,Pediatrics,54,39,15,84.87,15.2,821,540,1.5204,0.2778,281,Overloaded
2016-05-09,PED-24,Pediatrics,45,37,8,51.82,15.29,688,540,1.2741,0.1778,148,Overloaded
2016-05-09,REH-01,Rehabilitation,7,5,2,17.14,38.14,267,450,0.5933,0.2857,-183,Underused
2016-05-09,REH-02,Rehabilitation,5,4,1,17.6,36.8,184,450,0.4089,0.2,-266,Underused
2016-05-09,REH-03,Rehabilitation,4,4,0,18.75,39.5,158,450,0.3511,0.0,-292,Underused
2016-05-09,REH-04,Rehabilitation,10,8,2,17.4,35.7,357,450,0.7933,0.2,-93,Balanced
2016-05-09,REH-05,Rehabilitation,3,3,0,19.0,39.33,118,450,0.2622,0.0,-332,Underused
2016-05-09,REH-06,Rehabilitation,1,1,0,13.0,30.0,30,450,0.0667,0.0,-420,Underused
2016-05-09,REH-07,Rehabilitation,3,3,0,19.67,39.33,118,450,0.2622,0.0,-332,Underused
2016-05-09,REH-08,Rehabilitation,2,2,0,19.0,40.5,81,450,0.18,0.0,-369,Underused
2016-05-09,REH-09,Rehabilitation,5,5,0,17.6,34.6,173,450,0.3844,0.0,-277,Underused
2016-05-09,REH-10,Rehabilitation,4,2,2,18.5,38.75,155,450,0.3444,0.5,-295,Underused
2016-05-09,REH-11,Rehabilitation,2,2,0,17.5,38.5,77,450,0.1711,0.0,-373,Underused
2016-05-09,REH-12,Rehabilitation,3,3,0,15.67,35.33,106,450,0.2356,0.0,-344,Underused
2016-05-09,REH-13,Rehabilitation,2,1,1,19.0,38.0,76,450,0.1689,0.5,-374,Underused
2016-05-09,REH-14,Rehabilitation,6,6,0,17.17,33.67,202,450,0.4489,0.0,-248,Underused
2016-05-09,REH-15,Rehabilitation,2,2,0,24.0,38.0,76,450,0.1689,0.0,-374,Underused
2016-05-09,REH-16,Rehabilitation,8,8,0,19.75,35.88,287,450,0.6378,0.0,-163,Balanced
2016-05-09,REH-17,Rehabilitation,4,3,1,20.75,42.25,169,450,0.3756,0.25,-281,Underused
2016-05-09,REH-18,Rehabilitation,3,2,1,19.33,36.67,110,450,0.2444,0.3333,-340,Underused
2016-05-09,REH-19,Rehabilitation,3,2,1,16.67,33.33,100,450,0.2222,0.3333,-350,Underused
2016-05-09,REH-20,Rehabilitation,2,2,0,17.0,35.5,71,450,0.1578,0.0,-379,Underused
2016-05-09,REH-21,Rehabilitation,3,1,2,15.67,35.0,105,450,0.2333,0.6667,-345,Underused
2016-05-09,REH-22,Rehabilitation,1,1,0,21.0,34.0,34,450,0.0756,0.0,-416,Underused
2016-05-09,REH-23,Rehabilitation,4,4,0,18.5,37.5,150,450,0.3333,0.0,-300,Underused
2016-05-09,REH-24,Rehabilitation,2,2,0,16.0,41.0,82,450,0.1822,0.0,-368,Underused
2016-05-09,WH-01,Women's Health,37,28,9,42.43,18.38,680,540,1.2593,0.2432,140,Overloaded
2016-05-09,WH-02,Women's Health,45,32,13,76.51,18.44,830,540,1.537,0.2889,290,Overloaded
2016-05-09,WH-03,Women's Health,44,33,11,70.52,18.41,810,540,1.5,0.25,270,Overloaded
2016-05-09,WH-04,Women's Health,50,41,9,92.86,18.44,922,540,1.7074,0.18,382,Overloaded
2016-05-09,WH-05,Women's Health,42,30,12,62.6,18.38,772,540,1.4296,0.2857,232,Overloaded
2016-05-09,WH-06,Women's Health,49,36,13,90.92,18.53,908,540,1.6815,0.2653,368,Overloaded
2016-05-09,WH-07,Women's Health,37,25,12,43.51,18.59,688,540,1.2741,0.3243,148,Overloaded
2016-05-09,WH-08,Women's Health,40,33,7,55.88,18.4,736,540,1.363,0.175,196,Overloaded
2016-05-09,WH-09,Women's Health,39,30,9,50.13,18.31,714,540,1.3222,0.2308,174,Overloaded
2016-05-09,WH-10,Women's Health,49,35,14,90.65,18.24,894,540,1.6556,0.2857,354,Overloaded
2016-05-09,WH-11,Women's Health,46,34,12,78.04,18.35,844,540,1.563,0.2609,304,Overloaded
2016-05-09,WH-12,Women's Health,44,36,8,72.23,18.55,816,540,1.5111,0.1818,276,Overloaded
2016-05-09,WH-13,Women's Health,39,26,13,50.82,18.36,716,540,1.3259,0.3333,176,Overloaded
2016-05-09,WH-14,Women's Health,46,33,13,79.67,18.43,848,540,1.5704,0.2826,308,Overloaded
2016-05-09,WH-15,Women's Health,35,29,6,34.31,18.46,646,540,1.1963,0.1714,106,Overloaded
2016-05-09,WH-16,Women's Health,56,38,18,95.0,18.57,1040,540,1.9259,0.3214,500,Overloaded
2016-05-09,WH-17,Women's Health,47,36,11,83.4,18.47,868,540,1.6074,0.234,328,Overloaded
2016-05-09,WH-18,Women's Health,44,35,9,71.68,18.41,810,540,1.5,0.2045,270,Overloaded
2016-05-09,WH-19,Women's Health,37,28,9,43.97,18.59,688,540,1.2741,0.2432,148,Overloaded
2016-05-09,WH-20,Women's Health,49,34,15,90.63,18.57,910,540,1.6852,0.3061,370,Overloaded
2016-05-09,WH-21,Women's Health,49,32,17,90.1,18.69,916,540,1.6963,0.3469,376,Overloaded
2016-05-09,WH-22,Women's Health,33,25,8,26.67,18.3,604,540,1.1185,0.2424,64,Overloaded
2016-05-09,WH-23,Women's Health,30,20,10,15.27,18.6,558,540,1.0333,0.3333,18,Overloaded
2016-05-09,WH-24,Women's Health,49,39,10,90.71,18.45,904,540,1.6741,0.2041,364,Overloaded
2016-05-10,BH-01,Behavioral Health,7,6,1,17.29,28.29,198,480,0.4125,0.1429,-282,Underused
2016-05-10,BH-02,Behavioral Health,7,5,2,17.14,27.14,190,480,0.3958,0.2857,-290,Underused
2016-05-10,BH-03,Behavioral Health,1,0,1,16.0,26.0,26,480,0.0542,1.0,-454,Underused
2016-05-10,BH-04,Behavioral Health,3,2,1,15.0,26.67,80,480,0.1667,0.3333,-400,Underused
2016-05-10,BH-05,Behavioral Health,4,4,0,14.75,26.0,104,480,0.2167,0.0,-376,Underused
2016-05-10,BH-06,Behavioral Health,6,5,1,17.83,28.0,168,480,0.35,0.1667,-312,Underused
2016-05-10,BH-07,Behavioral Health,8,5,3,15.88,27.5,220,480,0.4583,0.375,-260,Underused
2016-05-10,BH-08,Behavioral Health,6,4,2,19.0,28.0,168,480,0.35,0.3333,-312,Underused
2016-05-10,BH-09,Behavioral Health,3,2,1,13.67,29.33,88,480,0.1833,0.3333,-392,Underused
2016-05-10,BH-10,Behavioral Health,2,2,0,19.0,32.0,64,480,0.1333,0.0,-416,Underused
2016-05-10,BH-11,Behavioral Health,5,4,1,14.0,26.4,132,480,0.275,0.2,-348,Underused
2016-05-10,BH-12,Behavioral Health,5,5,0,17.8,28.8,144,480,0.3,0.0,-336,Underused
2016-05-10,BH-13,Behavioral Health,4,4,0,18.75,29.5,118,480,0.2458,0.0,-362,Underused
2016-05-10,BH-14,Behavioral Health,4,2,2,18.5,27.0,108,480,0.225,0.5,-372,Underused
2016-05-10,BH-15,Behavioral Health,6,6,0,14.83,27.33,164,480,0.3417,0.0,-316,Underused
2016-05-10,BH-16,Behavioral Health,3,0,3,14.33,26.0,78,480,0.1625,1.0,-402,Underused
2016-05-10,BH-17,Behavioral Health,2,1,1,15.0,28.0,56,480,0.1167,0.5,-424,Underused
2016-05-10,BH-18,Behavioral Health,3,2,1,15.33,29.33,88,480,0.1833,0.3333,-392,Underused
2016-05-10,BH-19,Behavioral Health,3,2,1,17.0,27.33,82,480,0.1708,0.3333,-398,Underused
2016-05-10,BH-20,Behavioral Health,4,2,2,15.75,29.0,116,480,0.2417,0.5,-364,Underused
2016-05-10,BH-21,Behavioral Health,4,4,0,13.75,28.0,112,480,0.2333,0.0,-368,Underused
2016-05-10,BH-22,Behavioral Health,4,3,1,22.25,31.0,124,480,0.2583,0.25,-356,Underused
2016-05-10,BH-23,Behavioral Health,5,4,1,16.4,30.4,152,480,0.3167,0.2,-328,Underused
2016-05-10,BH-24,Behavioral Health,8,6,2,15.75,27.5,220,480,0.4583,0.25,-260,Underused
2016-05-10,CHR-01,Chronic Care,25,20,5,35.16,25.36,634,510,1.2431,0.2,124,Overloaded
2016-05-10,CHR-02,Chronic Care,25,21,4,36.16,25.52,638,510,1.251,0.16,128,Overloaded
2016-05-10,CHR-03,Chronic Care,25,17,8,36.52,25.92,648,510,1.2706,0.32,138,Overloaded
2016-05-10,CHR-04,Chronic Care,14,11,3,16.71,24.86,348,510,0.6824,0.2143,-162,Balanced
2016-05-10,CHR-05,Chronic Care,26,21,5,38.19,25.0,650,510,1.2745,0.1923,140,Overloaded
2016-05-10,CHR-06,Chronic Care,25,20,5,38.6,26.0,650,510,1.2745,0.2,140,Overloaded
2016-05-10,CHR-07,Chronic Care,19,14,5,16.74,26.0,494,510,0.9686,0.2632,-16,Overloaded
2016-05-10,CHR-08,Chronic Care,22,17,5,26.14,26.0,572,510,1.1216,0.2273,62,Overloaded
2016-05-10,CHR-09,Chronic Care,28,20,8,46.14,25.29,708,510,1.3882,0.2857,198,Overloaded
2016-05-10,CHR-10,Chronic Care,15,13,2,17.4,24.8,372,510,0.7294,0.1333,-138,Balanced
2016-05-10,CHR-11,Chronic Care,24,13,11,32.04,25.83,620,510,1.2157,0.4583,110,Overloaded
2016-05-10,CHR-12,Chronic Care,24,19,5,33.5,25.67,616,510,1.2078,0.2083,106,Overloaded
2016-05-10,CHR-13,Chronic Care,31,26,5,58.55,25.29,784,510,1.5373,0.1613,274,Overloaded
2016-05-10,CHR-14,Chronic Care,19,19,0,19.16,25.89,492,510,0.9647,0.0,-18,Overloaded
2016-05-10,CHR-15,Chronic Care,26,20,6,38.46,25.31,658,510,1.2902,0.2308,148,Overloaded
2016-05-10,CHR-16,Chronic Care,18,12,6,17.39,25.67,462,510,0.9059,0.3333,-48,Overloaded
2016-05-10,CHR-17,Chronic Care,24,20,4,31.0,25.08,602,510,1.1804,0.1667,92,Overloaded
2016-05-10,CHR-18,Chronic Care,18,16,2,16.22,25.67,462,510,0.9059,0.1111,-48,Overloaded
2016-05-10,CHR-19,Chronic Care,19,16,3,16.53,25.58,486,510,0.9529,0.1579,-24,Overloaded
2016-05-10,CHR-20,Chronic Care,21,18,3,18.95,25.24,530,510,1.0392,0.1429,20,Overloaded
2016-05-10,CHR-21,Chronic Care,23,19,4,26.13,25.22,580,510,1.1373,0.1739,70,Overloaded
2016-05-10,CHR-22,Chronic Care,26,23,3,39.58,25.46,662,510,1.298,0.1154,152,Overloaded
2016-05-10,CHR-23,Chronic Care,20,15,5,18.7,25.5,510,510,1.0,0.25,0,Overloaded
2016-05-10,CHR-24,Chronic Care,13,9,4,17.46,25.08,326,510,0.6392,0.3077,-184,Balanced
2016-05-10,FM-01,Family Medicine,35,26,9,23.2,17.11,599,540,1.1093,0.2571,59,Overloaded
2016-05-10,FM-02,Family Medicine,45,36,9,66.18,17.22,775,540,1.4352,0.2,235,Overloaded
2016-05-10,FM-03,Family Medicine,40,33,7,44.8,17.3,692,540,1.2815,0.175,152,Overloaded
2016-05-10,FM-04,Family Medicine,45,34,11,66.71,17.36,781,540,1.4463,0.2444,241,Overloaded
2016-05-10,FM-05,Family Medicine,43,35,8,56.49,17.23,741,540,1.3722,0.186,201,Overloaded
2016-05-10,FM-06,Family Medicine,39,30,9,42.41,17.36,677,540,1.2537,0.2308,137,Overloaded
2016-05-10,FM-07,Family Medicine,33,25,8,15.24,17.06,563,540,1.0426,0.2424,23,Overloaded
2016-05-10,FM-08,Family Medicine,34,26,8,23.88,17.35,590,540,1.0926,0.2353,50,Overloaded
2016-05-10,FM-09,Family Medicine,41,32,9,48.61,17.15,703,540,1.3019,0.2195,163,Overloaded
2016-05-10,FM-10,Family Medicine,25,24,1,12.24,17.24,431,540,0.7981,0.04,-109,Balanced
2016-05-10,FM-11,Family Medicine,33,26,7,16.91,17.18,567,540,1.05,0.2121,27,Overloaded
2016-05-10,FM-12,Family Medicine,43,36,7,57.51,17.19,739,540,1.3685,0.1628,199,Overloaded
2016-05-10,FM-13,Family Medicine,44,36,8,60.95,17.23,758,540,1.4037,0.1818,218,Overloaded
2016-05-10,FM-14,Family Medicine,58,45,13,95.0,17.45,1012,540,1.8741,0.2241,472,Overloaded
2016-05-10,FM-15,Family Medicine,45,38,7,65.82,17.27,777,540,1.4389,0.1556,237,Overloaded
2016-05-10,FM-16,Family Medicine,43,33,10,58.51,17.33,745,540,1.3796,0.2326,205,Overloaded
2016-05-10,FM-17,Family Medicine,46,39,7,69.11,17.17,790,540,1.463,0.1522,250,Overloaded
2016-05-10,FM-18,Family Medicine,34,27,7,22.0,17.29,588,540,1.0889,0.2059,48,Overloaded
2016-05-10,FM-19,Family Medicine,45,35,10,65.24,17.22,775,540,1.4352,0.2222,235,Overloaded
2016-05-10,FM-20,Family Medicine,45,35,10,66.36,17.27,777,540,1.4389,0.2222,237,Overloaded
2016-05-10,FM-21,Family Medicine,49,35,14,81.61,17.24,845,540,1.5648,0.2857,305,Overloaded
2016-05-10,FM-22,Family Medicine,36,25,11,30.03,17.33,624,540,1.1556,0.3056,84,Overloaded
2016-05-10,FM-23,Family Medicine,51,44,7,88.61,17.24,879,540,1.6278,0.1373,339,Overloaded
2016-05-10,FM-24,Family Medicine,52,38,14,92.79,17.31,900,540,1.6667,0.2692,360,Overloaded
2016-05-10,GER-01,Geriatrics,20,16,4,33.75,33.0,660,480,1.375,0.2,180,Overloaded
2016-05-10,GER-02,Geriatrics,30,25,5,72.3,31.8,954,480,1.9875,0.1667,474,Overloaded
2016-05-10,GER-03,Geriatrics,15,10,5,17.33,33.13,497,480,1.0354,0.3333,17,Overloaded
2016-05-10,GER-04,Geriatrics,22,14,8,40.05,31.73,698,480,1.4542,0.3636,218,Overloaded
2016-05-10,GER-05,Geriatrics,17,14,3,19.88,31.94,543,480,1.1312,0.1765,63,Overloaded
2016-05-10,GER-06,Geriatrics,19,16,3,27.68,31.74,603,480,1.2562,0.1579,123,Overloaded
2016-05-10,GER-07,Geriatrics,22,17,5,39.5,32.18,708,480,1.475,0.2273,228,Overloaded
2016-05-10,GER-08,Geriatrics,25,22,3,56.44,32.84,821,480,1.7104,0.12,341,Overloaded
2016-05-10,GER-09,Geriatrics,24,21,3,50.38,32.92,790,480,1.6458,0.125,310,Overloaded
2016-05-10,GER-10,Geriatrics,26,18,8,56.27,32.62,848,480,1.7667,0.3077,368,Overloaded
2016-05-10,GER-11,Geriatrics,26,23,3,56.88,32.38,842,480,1.7542,0.1154,362,Overloaded
2016-05-10,GER-12,Geriatrics,16,13,3,20.0,32.38,518,480,1.0792,0.1875,38,Overloaded
2016-05-10,GER-13,Geriatrics,23,19,4,42.61,31.7,729,480,1.5188,0.1739,249,Overloaded
2016-05-10,GER-14,Geriatrics,18,15,3,28.89,33.33,600,480,1.25,0.1667,120,Overloaded
2016-05-10,GER-15,Geriatrics,23,19,4,42.48,31.78,731,480,1.5229,0.1739,251,Overloaded
2016-05-10,GER-16,Geriatrics,20,15,5,36.2,33.0,660,480,1.375,0.25,180,Overloaded
2016-05-10,GER-17,Geriatrics,23,19,4,45.52,32.65,751,480,1.5646,0.1739,271,Overloaded
2016-05-10,GER-18,Geriatrics,17,13,4,21.59,32.41,551,480,1.1479,0.2353,71,Overloaded
2016-05-10,GER-19,Geriatrics,26,22,4,57.42,32.77,852,480,1.775,0.1538,372,Overloaded
2016-05-10,GER-20,Geriatrics,25,20,5,55.32,32.68,817,480,1.7021,0.2,337,Overloaded
2016-05-10,GER-21,Geriatrics,18,17,1,26.11,32.56,586,480,1.2208,0.0556,106,Overloaded
2016-05-10,GER-22,Geriatrics,22,16,6,41.09,32.45,714,480,1.4875,0.2727,234,Overloaded
2016-05-10,GER-23,Geriatrics,28,22,6,66.93,33.29,932,480,1.9417,0.2143,452,Overloaded
2016-05-10,GER-24,Geriatrics,20,15,5,34.45,32.7,654,480,1.3625,0.25,174,Overloaded
2016-05-10,PED-01,Pediatrics,53,39,14,80.83,15.13,802,540,1.4852,0.2642,262,Overloaded
2016-05-10,PED-02,Pediatrics,45,32,13,49.4,15.13,681,540,1.2611,0.2889,141,Overloaded
2016-05-10,PED-03,Pediatrics,56,38,18,92.66,15.16,849,540,1.5722,0.3214,309,Overloaded
2016-05-10,PED-04,Pediatrics,46,36,10,52.87,15.07,693,540,1.2833,0.2174,153,Overloaded
2016-05-10,PED-05,Pediatrics,51,39,12,74.04,15.2,775,540,1.4352,0.2353,235,Overloaded
2016-05-10,PED-06,Pediatrics,37,27,10,19.22,15.24,564,540,1.0444,0.2703,24,Overloaded
2016-05-10,PED-07,Pediatrics,38,27,11,21.68,15.24,579,540,1.0722,0.2895,39,Overloaded
2016-05-10,PED-08,Pediatrics,51,38,13,73.84,15.14,772,540,1.4296,0.2549,232,Overloaded
2016-05-10,PED-09,Pediatrics,40,33,7,28.85,15.2,608,540,1.1259,0.175,68,Overloaded
2016-05-10,PED-10,Pediatrics,41,34,7,34.85,15.27,626,540,1.1593,0.1707,86,Overloaded
2016-05-10,PED-11,Pediatrics,34,24,10,11.32,15.18,516,540,0.9556,0.2941,-24,Overloaded
2016-05-10,PED-12,Pediatrics,48,38,10,62.92,15.23,731,540,1.3537,0.2083,191,Overloaded
2016-05-10,PED-13,Pediatrics,46,31,15,54.09,15.33,705,540,1.3056,0.3261,165,Overloaded
2016-05-10,PED-14,Pediatrics,37,27,10,18.51,15.22,563,540,1.0426,0.2703,23,Overloaded
2016-05-10,PED-15,Pediatrics,50,34,16,69.72,15.2,760,540,1.4074,0.32,220,Overloaded
2016-05-10,PED-16,Pediatrics,49,37,12,67.33,15.27,748,540,1.3852,0.2449,208,Overloaded
2016-05-10,PED-17,Pediatrics,45,35,10,49.49,15.31,689,540,1.2759,0.2222,149,Overloaded
2016-05-10,PED-18,Pediatrics,40,30,10,30.48,15.18,607,540,1.1241,0.25,67,Overloaded
2016-05-10,PED-19,Pediatrics,41,30,11,32.51,15.22,624,540,1.1556,0.2683,84,Overloaded
2016-05-10,PED-20,Pediatrics,42,22,20,36.98,15.1,634,540,1.1741,0.4762,94,Overloaded
2016-05-10,PED-21,Pediatrics,51,42,9,72.9,15.14,772,540,1.4296,0.1765,232,Overloaded
2016-05-10,PED-22,Pediatrics,43,27,16,43.02,15.21,654,540,1.2111,0.3721,114,Overloaded
2016-05-10,PED-23,Pediatrics,47,37,10,57.45,15.21,715,540,1.3241,0.2128,175,Overloaded
2016-05-10,PED-24,Pediatrics,46,29,17,54.28,15.39,708,540,1.3111,0.3696,168,Overloaded
2016-05-10,REH-01,Rehabilitation,3,3,0,16.67,39.0,117,450,0.26,0.0,-333,Underused
2016-05-10,REH-02,Rehabilitation,4,4,0,16.0,38.25,153,450,0.34,0.0,-297,Underused
2016-05-10,REH-03,Rehabilitation,1,1,0,16.0,41.0,41,450,0.0911,0.0,-409,Underused
2016-05-10,REH-04,Rehabilitation,4,4,0,15.0,35.25,141,450,0.3133,0.0,-309,Underused
2016-05-10,REH-05,Rehabilitation,2,1,1,18.0,40.5,81,450,0.18,0.5,-369,Underused
2016-05-10,REH-06,Rehabilitation,3,1,2,15.33,35.0,105,450,0.2333,0.6667,-345,Underused
2016-05-10,REH-07,Rehabilitation,5,5,0,15.8,36.0,180,450,0.4,0.0,-270,Underused
2016-05-10,REH-08,Rehabilitation,4,3,1,15.0,36.0,144,450,0.32,0.25,-306,Underused
2016-05-10,REH-09,Rehabilitation,1,0,1,19.0,36.0,36,450,0.08,1.0,-414,Underused
2016-05-10,REH-10,Rehabilitation,1,1,0,24.0,36.0,36,450,0.08,0.0,-414,Underused
2016-05-10,REH-11,Rehabilitation,7,7,0,17.57,33.86,237,450,0.5267,0.0,-213,Underused
2016-05-10,REH-12,Rehabilitation,4,4,0,14.0,31.5,126,450,0.28,0.0,-324,Underused
2016-05-10,REH-13,Rehabilitation,2,2,0,17.5,37.5,75,450,0.1667,0.0,-375,Underused
2016-05-10,REH-14,Rehabilitation,5,5,0,18.2,37.0,185,450,0.4111,0.0,-265,Underused
2016-05-10,REH-15,Rehabilitation,2,1,1,21.5,44.0,88,450,0.1956,0.5,-362,Underused
2016-05-10,REH-16,Rehabilitation,6,4,2,15.83,37.83,227,450,0.5044,0.3333,-223,Underused
2016-05-10,REH-18,Rehabilitation,3,3,0,19.0,37.67,113,450,0.2511,0.0,-337,Underused
2016-05-10,REH-19,Rehabilitation,1,0,1,16.0,30.0,30,450,0.0667,1.0,-420,Underused
2016-05-10,REH-20,Rehabilitation,3,2,1,17.33,38.33,115,450,0.2556,0.3333,-335,Underused
2016-05-10,REH-21,Rehabilitation,4,3,1,19.0,32.5,130,450,0.2889,0.25,-320,Underused
2016-05-10,REH-22,Rehabilitation,5,4,1,16.8,37.2,186,450,0.4133,0.2,-264,Underused
2016-05-10,REH-23,Rehabilitation,1,1,0,16.0,32.0,32,450,0.0711,0.0,-418,Underused
2016-05-10,REH-24,Rehabilitation,6,4,2,15.0,35.67,214,450,0.4756,0.3333,-236,Underused
2016-05-10,WH-01,Women's Health,41,31,10,56.37,18.15,744,540,1.3778,0.2439,204,Overloaded
2016-05-10,WH-02,Women's Health,36,27,9,39.72,18.67,672,540,1.2444,0.25,132,Overloaded
2016-05-10,WH-03,Women's Health,49,41,8,89.0,18.37,900,540,1.6667,0.1633,360,Overloaded
2016-05-10,WH-04,Women's Health,37,30,7,41.97,18.27,676,540,1.2519,0.1892,136,Overloaded
2016-05-10,WH-05,Women's Health,41,27,14,56.93,18.39,754,540,1.3963,0.3415,214,Overloaded
2016-05-10,WH-06,Women's Health,46,31,15,77.65,18.39,846,540,1.5667,0.3261,306,Overloaded
2016-05-10,WH-07,Women's Health,42,31,11,61.83,18.52,778,540,1.4407,0.2619,238,Overloaded
2016-05-10,WH-08,Women's Health,43,30,13,65.84,18.33,788,540,1.4593,0.3023,248,Overloaded
2016-05-10,WH-09,Women's Health,37,30,7,42.19,18.59,688,540,1.2741,0.1892,148,Overloaded
2016-05-10,WH-10,Women's Health,53,40,13,95.0,18.45,978,540,1.8111,0.2453,438,Overloaded
2016-05-10,WH-11,Women's Health,47,36,11,80.28,18.26,858,540,1.5889,0.234,318,Overloaded
2016-05-10,WH-12,Women's Health,46,35,11,80.43,18.74,862,540,1.5963,0.2391,322,Overloaded
2016-05-10,WH-13,Women's Health,35,23,12,34.77,18.74,656,540,1.2148,0.3429,116,Overloaded
2016-05-10,WH-14,Women's Health,39,32,7,51.95,18.51,722,540,1.337,0.1795,182,Overloaded
2016-05-10,WH-15,Women's Health,46,31,15,78.2,18.57,854,540,1.5815,0.3261,314,Overloaded
2016-05-10,WH-16,Women's Health,34,29,5,33.06,18.47,628,540,1.163,0.1471,88,Overloaded
2016-05-10,WH-17,Women's Health,41,28,13,58.2,18.54,760,540,1.4074,0.3171,220,Overloaded
2016-05-10,WH-18,Women's Health,42,35,7,65.43,18.76,788,540,1.4593,0.1667,248,Overloaded
2016-05-10,WH-19,Women's Health,50,40,10,92.32,18.44,922,540,1.7074,0.2,382,Overloaded
2016-05-10,WH-20,Women's Health,33,27,6,25.52,18.36,606,540,1.1222,0.1818,66,Overloaded
2016-05-10,WH-21,Women's Health,45,35,10,73.56,18.53,834,540,1.5444,0.2222,294,Overloaded
2016-05-10,WH-22,Women's Health,37,27,10,42.27,18.49,684,540,1.2667,0.2703,144,Overloaded
2016-05-10,WH-23,Women's Health,38,29,9,46.87,18.53,704,540,1.3037,0.2368,164,Overloaded
2016-05-10,WH-24,Women's Health,30,29,1,15.73,18.53,556,540,1.0296,0.0333,16,Overloaded
2016-05-11,BH-01,Behavioral Health,3,3,0,15.33,30.0,90,480,0.1875,0.0,-390,Underused
2016-05-11,BH-02,Behavioral Health,6,4,2,17.0,28.0,168,480,0.35,0.3333,-312,Underused
2016-05-11,BH-03,Behavioral Health,6,5,1,15.67,27.33,164,480,0.3417,0.1667,-316,Underused
2016-05-11,BH-04,Behavioral Health,2,1,1,16.0,26.0,52,480,0.1083,0.5,-428,Underused
2016-05-11,BH-05,Behavioral Health,3,2,1,15.33,27.33,82,480,0.1708,0.3333,-398,Underused
2016-05-11,BH-06,Behavioral Health,8,7,1,17.62,30.25,242,480,0.5042,0.125,-238,Underused
2016-05-11,BH-07,Behavioral Health,5,4,1,13.0,27.6,138,480,0.2875,0.2,-342,Underused
2016-05-11,BH-08,Behavioral Health,8,7,1,16.38,28.25,226,480,0.4708,0.125,-254,Underused
2016-05-11,BH-09,Behavioral Health,4,4,0,14.75,27.0,108,480,0.225,0.0,-372,Underused
2016-05-11,BH-10,Behavioral Health,6,6,0,18.5,30.33,182,480,0.3792,0.0,-298,Underused
2016-05-11,BH-11,Behavioral Health,1,1,0,19.0,30.0,30,480,0.0625,0.0,-450,Underused
2016-05-11,BH-12,Behavioral Health,9,7,2,17.11,29.56,266,480,0.5542,0.2222,-214,Underused
2016-05-11,BH-13,Behavioral Health,6,5,1,13.83,26.67,160,480,0.3333,0.1667,-320,Underused
2016-05-11,BH-14,Behavioral Health,3,3,0,18.67,28.67,86,480,0.1792,0.0,-394,Underused
2016-05-11,BH-15,Behavioral Health,6,6,0,14.33,26.67,160,480,0.3333,0.0,-320,Underused
2016-05-11,BH-16,Behavioral Health,6,5,1,18.5,30.0,180,480,0.375,0.1667,-300,Underused
2016-05-11,BH-17,Behavioral Health,5,5,0,15.6,27.6,138,480,0.2875,0.0,-342,Underused
2016-05-11,BH-18,Behavioral Health,3,3,0,17.0,27.33,82,480,0.1708,0.0,-398,Underused
2016-05-11,BH-19,Behavioral Health,3,3,0,13.33,26.0,78,480,0.1625,0.0,-402,Underused
2016-05-11,BH-20,Behavioral Health,5,5,0,15.4,26.4,132,480,0.275,0.0,-348,Underused
2016-05-11,BH-21,Behavioral Health,3,0,3,15.0,27.33,82,480,0.1708,1.0,-398,Underused
2016-05-11,BH-22,Behavioral Health,2,2,0,15.0,28.0,56,480,0.1167,0.0,-424,Underused
2016-05-11,BH-23,Behavioral Health,4,2,2,14.25,28.5,114,480,0.2375,0.5,-366,Underused
2016-05-11,BH-24,Behavioral Health,6,4,2,18.67,28.67,172,480,0.3583,0.3333,-308,Underused
2016-05-11,CHR-01,Chronic Care,16,15,1,15.19,25.62,410,510,0.8039,0.0625,-100,Balanced
2016-05-11,CHR-02,Chronic Care,20,17,3,19.15,25.9,518,510,1.0157,0.15,8,Overloaded
2016-05-11,CHR-03,Chronic Care,16,13,3,14.62,25.62,410,510,0.8039,0.1875,-100,Balanced
2016-05-11,CHR-04,Chronic Care,23,20,3,26.61,25.13,578,510,1.1333,0.1304,68,Overloaded
2016-05-11,CHR-05,Chronic Care,24,18,6,27.79,25.17,604,510,1.1843,0.25,94,Overloaded
2016-05-11,CHR-06,Chronic Care,15,12,3,14.8,24.53,368,510,0.7216,0.2,-142,Balanced
2016-05-11,CHR-07,Chronic Care,12,10,2,15.42,25.0,300,510,0.5882,0.1667,-210,Underused
2016-05-11,CHR-08,Chronic Care,11,9,2,15.0,25.45,280,510,0.549,0.1818,-230,Underused
2016-05-11,CHR-09,Chronic Care,22,18,4,20.73,24.91,548,510,1.0745,0.1818,38,Overloaded
2016-05-11,CHR-10,Chronic Care,22,19,3,23.41,24.91,548,510,1.0745,0.1364,38,Overloaded
2016-05-11,CHR-11,Chronic Care,21,18,3,19.81,25.43,534,510,1.0471,0.1429,24,Overloaded
2016-05-11,CHR-12,Chronic Care,16,12,4,16.19,24.38,390,510,0.7647,0.25,-120,Balanced
2016-05-11,CHR-13,Chronic Care,25,23,2,34.6,25.2,630,510,1.2353,0.08,120,Overloaded
2016-05-11,CHR-14,Chronic Care,21,17,4,23.43,26.19,550,510,1.0784,0.1905,40,Overloaded
2016-05-11,CHR-15,Chronic Care,19,16,3,16.63,25.47,484,510,0.949,0.1579,-26,Overloaded
2016-05-11,CHR-16,Chronic Care,24,20,4,31.17,25.25,606,510,1.1882,0.1667,96,Overloaded
2016-05-11,CHR-17,Chronic Care,24,18,6,33.96,26.0,624,510,1.2235,0.25,114,Overloaded
2016-05-11,CHR-18,Chronic Care,16,14,2,15.38,25.12,402,510,0.7882,0.125,-108,Balanced
2016-05-11,CHR-19,Chronic Care,30,21,9,56.13,25.8,774,510,1.5176,0.3,264,Overloaded
2016-05-11,CHR-20,Chronic Care,22,16,6,23.77,25.36,558,510,1.0941,0.2727,48,Overloaded
2016-05-11,CHR-21,Chronic Care,19,15,4,14.89,25.47,484,510,0.949,0.2105,-26,Overloaded
2016-05-11,CHR-22,Chronic Care,18,16,2,15.89,25.33,456,510,0.8941,0.1111,-54,Balanced
2016-05-11,CHR-23,Chronic Care,15,11,4,15.6,24.53,368,510,0.7216,0.2667,-142,Balanced
2016-05-11,CHR-24,Chronic Care,26,22,4,39.85,25.31,658,510,1.2902,0.1538,148,Overloaded
2016-05-11,FM-01,Family Medicine,46,42,4,69.35,17.13,788,540,1.4593,0.087,248,Overloaded
2016-05-11,FM-02,Family Medicine,40,32,8,46.35,17.3,692,540,1.2815,0.2,152,Overloaded
2016-05-11,FM-03,Family Medicine,42,30,12,53.69,17.29,726,540,1.3444,0.2857,186,Overloaded
2016-05-11,FM-04,Family Medicine,47,39,8,73.04,17.13,805,540,1.4907,0.1702,265,Overloaded
2016-05-11,FM-05,Family Medicine,48,37,11,78.46,17.42,836,540,1.5481,0.2292,296,Overloaded
2016-05-11,FM-06,Family Medicine,42,39,3,55.69,17.29,726,540,1.3444,0.0714,186,Overloaded
2016-05-11,FM-07,Family Medicine,43,36,7,56.4,17.14,737,540,1.3648,0.1628,197,Overloaded
2016-05-11,FM-08,Family Medicine,43,32,11,59.7,17.37,747,540,1.3833,0.2558,207,Overloaded
2016-05-11,FM-09,Family Medicine,51,40,11,88.35,17.27,881,540,1.6315,0.2157,341,Overloaded
2016-05-11,FM-10,Family Medicine,40,33,7,45.62,17.2,688,540,1.2741,0.175,148,Overloaded
2016-05-11,FM-11,Family Medicine,49,43,6,81.39,17.16,841,540,1.5574,0.1224,301,Overloaded
2016-05-11,FM-12,Family Medicine,46,40,6,70.78,17.22,792,540,1.4667,0.1304,252,Overloaded
2016-05-11,FM-13,Family Medicine,36,34,2,30.83,17.39,626,540,1.1593,0.0556,86,Overloaded
2016-05-11,FM-14,Family Medicine,40,33,7,47.32,17.4,696,540,1.2889,0.175,156,Overloaded
2016-05-11,FM-15,Family Medicine,44,40,4,61.64,17.36,764,540,1.4148,0.0909,224,Overloaded
2016-05-11,FM-16,Family Medicine,48,43,5,78.04,17.25,828,540,1.5333,0.1042,288,Overloaded
2016-05-11,FM-17,Family Medicine,47,42,5,73.45,17.26,811,540,1.5019,0.1064,271,Overloaded
2016-05-11,FM-18,Family Medicine,46,39,7,70.83,17.3,796,540,1.4741,0.1522,256,Overloaded
2016-05-11,FM-19,Family Medicine,41,37,4,49.49,17.29,709,540,1.313,0.0976,169,Overloaded
2016-05-11,FM-20,Family Medicine,53,41,12,94.43,17.26,915,540,1.6944,0.2264,375,Overloaded
2016-05-11,FM-21,Family Medicine,61,45,16,95.0,17.23,1051,540,1.9463,0.2623,511,Overloaded
2016-05-11,FM-22,Family Medicine,47,38,9,73.45,17.21,809,540,1.4981,0.1915,269,Overloaded
2016-05-11,FM-23,Family Medicine,56,48,8,95.0,17.07,956,540,1.7704,0.1429,416,Overloaded
2016-05-11,FM-24,Family Medicine,47,39,8,74.36,17.34,815,540,1.5093,0.1702,275,Overloaded
2016-05-11,GER-01,Geriatrics,21,16,5,37.67,32.81,689,480,1.4354,0.2381,209,Overloaded
2016-05-11,GER-02,Geriatrics,20,19,1,34.4,32.7,654,480,1.3625,0.05,174,Overloaded
2016-05-11,GER-03,Geriatrics,17,15,2,21.0,32.65,555,480,1.1562,0.1176,75,Overloaded
2016-05-11,GER-04,Geriatrics,29,25,4,72.03,32.93,955,480,1.9896,0.1379,475,Overloaded
2016-05-11,GER-05,Geriatrics,22,21,1,43.55,33.09,728,480,1.5167,0.0455,248,Overloaded
2016-05-11,GER-06,Geriatrics,13,9,4,14.08,32.08,417,480,0.8688,0.3077,-63,Balanced
2016-05-11,GER-07,Geriatrics,18,14,4,27.0,33.33,600,480,1.25,0.2222,120,Overloaded
2016-05-11,GER-08,Geriatrics,23,22,1,48.65,33.17,763,480,1.5896,0.0435,283,Overloaded
2016-05-11,GER-09,Geriatrics,24,23,1,47.12,32.0,768,480,1.6,0.0417,288,Overloaded
2016-05-11,GER-10,Geriatrics,27,25,2,62.15,31.96,863,480,1.7979,0.0741,383,Overloaded
2016-05-11,GER-11,Geriatrics,30,28,2,74.43,32.87,986,480,2.0542,0.0667,506,Overloaded
2016-05-11,GER-12,Geriatrics,17,13,4,20.53,31.71,539,480,1.1229,0.2353,59,Overloaded
2016-05-11,GER-13,Geriatrics,21,18,3,36.62,32.14,675,480,1.4062,0.1429,195,Overloaded
2016-05-11,GER-14,Geriatrics,24,19,5,50.25,32.42,778,480,1.6208,0.2083,298,Overloaded
2016-05-11,GER-15,Geriatrics,30,27,3,76.23,33.33,1000,480,2.0833,0.1,520,Overloaded
2016-05-11,GER-16,Geriatrics,24,19,5,52.21,33.08,794,480,1.6542,0.2083,314,Overloaded
2016-05-11,GER-17,Geriatrics,31,25,6,79.97,33.58,1041,480,2.1688,0.1935,561,Overloaded
2016-05-11,GER-18,Geriatrics,24,20,4,53.54,33.33,800,480,1.6667,0.1667,320,Overloaded
2016-05-11,GER-19,Geriatrics,25,22,3,51.72,32.12,803,480,1.6729,0.12,323,Overloaded
2016-05-11,GER-20,Geriatrics,18,13,5,24.33,32.0,576,480,1.2,0.2778,96,Overloaded
2016-05-11,GER-21,Geriatrics,19,17,2,32.95,33.53,637,480,1.3271,0.1053,157,Overloaded
2016-05-11,GER-22,Geriatrics,18,16,2,22.83,31.11,560,480,1.1667,0.1111,80,Overloaded
2016-05-11,GER-23,Geriatrics,19,17,2,27.37,31.95,607,480,1.2646,0.1053,127,Overloaded
2016-05-11,GER-24,Geriatrics,20,18,2,33.0,32.5,650,480,1.3542,0.1,170,Overloaded
2016-05-11,PED-01,Pediatrics,48,37,11,61.77,15.29,734,540,1.3593,0.2292,194,Overloaded
2016-05-11,PED-02,Pediatrics,41,31,10,35.02,15.2,623,540,1.1537,0.2439,83,Overloaded
2016-05-11,PED-03,Pediatrics,51,39,12,73.69,15.22,776,540,1.437,0.2353,236,Overloaded
2016-05-11,PED-04,Pediatrics,52,38,14,79.56,15.4,801,540,1.4833,0.2692,261,Overloaded
2016-05-11,PED-05,Pediatrics,58,44,14,95.0,15.29,887,540,1.6426,0.2414,347,Overloaded
2016-05-11,PED-06,Pediatrics,53,43,10,82.47,15.13,802,540,1.4852,0.1887,262,Overloaded
2016-05-11,PED-07,Pediatrics,49,39,10,64.53,15.1,740,540,1.3704,0.2041,200,Overloaded
2016-05-11,PED-08,Pediatrics,43,34,9,41.84,15.14,651,540,1.2056,0.2093,111,Overloaded
2016-05-11,PED-09,Pediatrics,58,45,13,95.0,15.21,882,540,1.6333,0.2241,342,Overloaded
2016-05-11,PED-10,Pediatrics,41,32,9,34.1,15.17,622,540,1.1519,0.2195,82,Overloaded
2016-05-11,PED-11,Pediatrics,41,29,12,33.8,15.24,625,540,1.1574,0.2927,85,Overloaded
2016-05-11,PED-12,Pediatrics,35,26,9,14.06,15.09,528,540,0.9778,0.2571,-12,Overloaded
2016-05-11,PED-13,Pediatrics,38,27,11,21.79,15.18,577,540,1.0685,0.2895,37,Overloaded
2016-05-11,PED-14,Pediatrics,43,27,16,43.37,15.28,657,540,1.2167,0.3721,117,Overloaded
2016-05-11,PED-15,Pediatrics,47,40,7,56.98,15.19,714,540,1.3222,0.1489,174,Overloaded
2016-05-11,PED-16,Pediatrics,43,35,8,43.65,15.35,660,540,1.2222,0.186,120,Overloaded
2016-05-11,PED-17,Pediatrics,40,32,8,29.1,15.25,610,540,1.1296,0.2,70,Overloaded
2016-05-11,PED-18,Pediatrics,56,41,15,93.04,15.21,852,540,1.5778,0.2679,312,Overloaded
2016-05-11,PED-19,Pediatrics,45,37,8,49.22,15.16,682,540,1.263,0.1778,142,Overloaded
2016-05-11,PED-20,Pediatrics,55,49,6,89.75,15.16,834,540,1.5444,0.1091,294,Overloaded
2016-05-11,PED-21,Pediatrics,50,35,15,69.52,15.2,760,540,1.4074,0.3,220,Overloaded
2016-05-11,PED-22,Pediatrics,46,37,9,54.15,15.17,698,540,1.2926,0.1957,158,Overloaded
2016-05-11,PED-23,Pediatrics,50,35,15,69.92,15.24,762,540,1.4111,0.3,222,Overloaded
2016-05-11,PED-24,Pediatrics,40,27,13,30.68,15.22,609,540,1.1278,0.325,69,Overloaded
2016-05-11,REH-01,Rehabilitation,5,4,1,16.6,33.8,169,450,0.3756,0.2,-281,Underused
2016-05-11,REH-02,Rehabilitation,6,4,2,16.33,34.5,207,450,0.46,0.3333,-243,Underused
2016-05-11,REH-03,Rehabilitation,4,4,0,21.0,39.75,159,450,0.3533,0.0,-291,Underused
2016-05-11,REH-04,Rehabilitation,4,3,1,18.0,32.0,128,450,0.2844,0.25,-322,Underused
2016-05-11,REH-05,Rehabilitation,6,4,2,18.33,35.33,212,450,0.4711,0.3333,-238,Underused
2016-05-11,REH-06,Rehabilitation,4,2,2,18.0,34.5,138,450,0.3067,0.5,-312,Underused
2016-05-11,REH-07,Rehabilitation,7,6,1,17.14,34.86,244,450,0.5422,0.1429,-206,Underused
2016-05-11,REH-08,Rehabilitation,4,3,1,20.5,34.25,137,450,0.3044,0.25,-313,Underused
2016-05-11,REH-09,Rehabilitation,4,2,2,18.25,39.75,159,450,0.3533,0.5,-291,Underused
2016-05-11,REH-10,Rehabilitation,6,5,1,18.0,38.0,228,450,0.5067,0.1667,-222,Underused
2016-05-11,REH-11,Rehabilitation,4,4,0,19.0,38.25,153,450,0.34,0.0,-297,Underused
2016-05-11,REH-13,Rehabilitation,3,2,1,20.33,38.0,114,450,0.2533,0.3333,-336,Underused
2016-05-11,REH-14,Rehabilitation,3,3,0,17.0,35.33,106,450,0.2356,0.0,-344,Underused
2016-05-11,REH-15,Rehabilitation,1,1,0,24.0,36.0,36,450,0.08,0.0,-414,Underused
2016-05-11,REH-16,Rehabilitation,4,3,1,17.0,36.5,146,450,0.3244,0.25,-304,Underused
2016-05-11,REH-17,Rehabilitation,4,4,0,16.0,33.5,134,450,0.2978,0.0,-316,Underused
2016-05-11,REH-18,Rehabilitation,6,6,0,18.17,33.33,200,450,0.4444,0.0,-250,Underused
2016-05-11,REH-19,Rehabilitation,1,1,0,16.0,32.0,32,450,0.0711,0.0,-418,Underused
2016-05-11,REH-20,Rehabilitation,6,5,1,18.67,35.67,214,450,0.4756,0.1667,-236,Underused
2016-05-11,REH-21,Rehabilitation,5,4,1,16.6,34.4,172,450,0.3822,0.2,-278,Underused
2016-05-11,REH-22,Rehabilitation,4,2,2,17.25,39.25,157,450,0.3489,0.5,-293,Underused
2016-05-11,REH-23,Rehabilitation,3,3,0,14.33,35.0,105,450,0.2333,0.0,-345,Underused
2016-05-11,REH-24,Rehabilitation,3,2,1,17.67,34.67,104,450,0.2311,0.3333,-346,Underused
2016-05-11,WH-01,Women's Health,38,34,4,46.71,18.53,704,540,1.3037,0.1053,164,Overloaded
2016-05-11,WH-02,Women's Health,51,41,10,94.37,18.47,942,540,1.7444,0.1961,402,Overloaded
2016-05-11,WH-03,Women's Health,51,39,12,94.27,18.39,938,540,1.737,0.2353,398,Overloaded
2016-05-11,WH-04,Women's Health,41,32,9,57.9,18.29,750,540,1.3889,0.2195,210,Overloaded
2016-05-11,WH-05,Women's Health,42,33,9,62.0,18.57,780,540,1.4444,0.2143,240,Overloaded
2016-05-11,WH-06,Women's Health,50,34,16,92.36,18.48,924,540,1.7111,0.32,384,Overloaded
2016-05-11,WH-07,Women's Health,34,28,6,29.94,18.35,624,540,1.1556,0.1765,84,Overloaded
2016-05-11,WH-08,Women's Health,39,31,8,50.92,18.36,716,540,1.3259,0.2051,176,Overloaded
2016-05-11,WH-09,Women's Health,43,30,13,66.09,18.7,804,540,1.4889,0.3023,264,Overloaded
2016-05-11,WH-10,Women's Health,46,38,8,78.72,18.39,846,540,1.5667,0.1739,306,Overloaded
2016-05-11,WH-11,Women's Health,40,28,12,55.25,18.8,752,540,1.3926,0.3,212,Overloaded
2016-05-11,WH-12,Women's Health,49,35,14,90.16,18.57,910,540,1.6852,0.2857,370,Overloaded
2016-05-11,WH-13,Women's Health,59,48,11,95.0,18.44,1088,540,2.0148,0.1864,548,Overloaded
2016-05-11,WH-14,Women's Health,42,28,14,63.33,18.57,780,540,1.4444,0.3333,240,Overloaded
2016-05-11,WH-15,Women's Health,42,30,12,61.36,18.43,774,540,1.4333,0.2857,234,Overloaded
2016-05-11,WH-16,Women's Health,33,25,8,27.88,18.73,618,540,1.1444,0.2424,78,Overloaded
2016-05-11,WH-17,Women's Health,39,31,8,49.23,18.41,718,540,1.3296,0.2051,178,Overloaded
2016-05-11,WH-18,Women's Health,55,37,18,95.0,18.44,1014,540,1.8778,0.3273,474,Overloaded
2016-05-11,WH-19,Women's Health,32,26,6,22.66,18.44,590,540,1.0926,0.1875,50,Overloaded
2016-05-11,WH-20,Women's Health,45,36,9,75.91,18.76,844,540,1.563,0.2,304,Overloaded
2016-05-11,WH-21,Women's Health,39,32,7,50.46,18.46,720,540,1.3333,0.1795,180,Overloaded
2016-05-11,WH-22,Women's Health,35,27,8,35.8,18.51,648,540,1.2,0.2286,108,Overloaded
2016-05-11,WH-23,Women's Health,42,31,11,61.5,18.48,776,540,1.437,0.2619,236,Overloaded
2016-05-11,WH-24,Women's Health,40,32,8,54.92,18.45,738,540,1.3667,0.2,198,Overloaded
2016-05-12,BH-01,Behavioral Health,5,3,2,14.0,28.0,140,480,0.2917,0.4,-340,Underused
2016-05-12,BH-02,Behavioral Health,6,3,3,16.17,28.67,172,480,0.3583,0.5,-308,Underused
2016-05-12,BH-03,Behavioral Health,2,2,0,17.5,28.0,56,480,0.1167,0.0,-424,Underused
2016-05-12,BH-04,Behavioral Health,2,2,0,16.0,27.0,54,480,0.1125,0.0,-426,Underused
2016-05-12,BH-05,Behavioral Health,2,2,0,14.5,26.0,52,480,0.1083,0.0,-428,Underused
2016-05-12,BH-06,Behavioral Health,4,4,0,17.25,27.5,110,480,0.2292,0.0,-370,Underused
2016-05-12,BH-07,Behavioral Health,6,5,1,17.33,27.67,166,480,0.3458,0.1667,-314,Underused
2016-05-12,BH-08,Behavioral Health,6,6,0,18.83,28.67,172,480,0.3583,0.0,-308,Underused
2016-05-12,BH-09,Behavioral Health,5,4,1,16.0,28.4,142,480,0.2958,0.2,-338,Underused
2016-05-12,BH-10,Behavioral Health,5,3,2,15.6,27.6,138,480,0.2875,0.4,-342,Underused
2016-05-12,BH-11,Behavioral Health,5,5,0,19.2,29.6,148,480,0.3083,0.0,-332,Underused
2016-05-12,BH-12,Behavioral Health,6,5,1,17.5,27.67,166,480,0.3458,0.1667,-314,Underused
2016-05-12,BH-13,Behavioral Health,10,10,0,16.1,30.0,300,480,0.625,0.0,-180,Balanced
2016-05-12,BH-14,Behavioral Health,4,4,0,16.25,29.0,116,480,0.2417,0.0,-364,Underused
2016-05-12,BH-15,Behavioral Health,3,2,1,17.33,31.33,94,480,0.1958,0.3333,-386,Underused
2016-05-12,BH-16,Behavioral Health,4,3,1,17.0,29.5,118,480,0.2458,0.25,-362,Underused
2016-05-12,BH-17,Behavioral Health,2,2,0,18.5,26.0,52,480,0.1083,0.0,-428,Underused
2016-05-12,BH-18,Behavioral Health,4,1,3,18.5,29.5,118,480,0.2458,0.75,-362,Underused
2016-05-12,BH-19,Behavioral Health,3,3,0,18.67,27.33,82,480,0.1708,0.0,-398,Underused
2016-05-12,BH-20,Behavioral Health,6,6,0,14.83,27.33,164,480,0.3417,0.0,-316,Underused
2016-05-12,BH-21,Behavioral Health,1,1,0,16.0,26.0,26,480,0.0542,0.0,-454,Underused
2016-05-12,BH-22,Behavioral Health,6,5,1,17.0,28.33,170,480,0.3542,0.1667,-310,Underused
2016-05-12,BH-23,Behavioral Health,5,5,0,16.2,29.6,148,480,0.3083,0.0,-332,Underused
2016-05-12,BH-24,Behavioral Health,5,5,0,17.6,27.6,138,480,0.2875,0.0,-342,Underused
2016-05-12,CHR-01,Chronic Care,26,23,3,39.0,25.0,650,510,1.2745,0.1154,140,Overloaded
2016-05-12,CHR-02,Chronic Care,31,27,4,59.23,25.35,786,510,1.5412,0.129,276,Overloaded
2016-05-12,CHR-03,Chronic Care,27,23,4,42.37,25.04,676,510,1.3255,0.1481,166,Overloaded
2016-05-12,CHR-04,Chronic Care,19,17,2,16.79,25.16,478,510,0.9373,0.1053,-32,Overloaded
2016-05-12,CHR-05,Chronic Care,13,12,1,15.85,25.38,330,510,0.6471,0.0769,-180,Balanced
2016-05-12,CHR-06,Chronic Care,20,18,2,18.5,25.4,508,510,0.9961,0.1,-2,Overloaded
2016-05-12,CHR-07,Chronic Care,17,15,2,15.82,25.53,434,510,0.851,0.1176,-76,Balanced
2016-05-12,CHR-08,Chronic Care,22,18,4,25.32,25.64,564,510,1.1059,0.1818,54,Overloaded
2016-05-12,CHR-09,Chronic Care,24,20,4,29.21,25.08,602,510,1.1804,0.1667,92,Overloaded
2016-05-12,CHR-10,Chronic Care,23,17,6,28.87,25.74,592,510,1.1608,0.2609,82,Overloaded
2016-05-12,CHR-11,Chronic Care,20,16,4,18.7,25.7,514,510,1.0078,0.2,4,Overloaded
2016-05-12,CHR-12,Chronic Care,23,20,3,28.61,25.74,592,510,1.1608,0.1304,82,Overloaded
2016-05-12,CHR-13,Chronic Care,31,24,7,57.77,25.16,780,510,1.5294,0.2258,270,Overloaded
2016-05-12,CHR-14,Chronic Care,31,26,5,62.16,26.06,808,510,1.5843,0.1613,298,Overloaded
2016-05-12,CHR-15,Chronic Care,18,17,1,15.5,25.22,454,510,0.8902,0.0556,-56,Balanced
2016-05-12,CHR-16,Chronic Care,21,20,1,21.0,25.24,530,510,1.0392,0.0476,20,Overloaded
2016-05-12,CHR-17,Chronic Care,14,14,0,14.43,24.43,342,510,0.6706,0.0,-168,Balanced
2016-05-12,CHR-18,Chronic Care,13,9,4,15.77,25.85,336,510,0.6588,0.3077,-174,Balanced
2016-05-12,CHR-19,Chronic Care,24,20,4,29.04,25.0,600,510,1.1765,0.1667,90,Overloaded
2016-05-12,CHR-20,Chronic Care,20,19,1,18.1,24.9,498,510,0.9765,0.05,-12,Overloaded
2016-05-12,CHR-21,Chronic Care,23,19,4,26.83,25.57,588,510,1.1529,0.1739,78,Overloaded
2016-05-12,CHR-22,Chronic Care,18,17,1,14.78,25.11,452,510,0.8863,0.0556,-58,Balanced
2016-05-12,CHR-23,Chronic Care,22,16,6,21.68,24.82,546,510,1.0706,0.2727,36,Overloaded
2016-05-12,CHR-24,Chronic Care,26,21,5,37.58,25.0,650,510,1.2745,0.1923,140,Overloaded
2016-05-12,FM-01,Family Medicine,44,37,7,61.25,17.23,758,540,1.4037,0.1591,218,Overloaded
2016-05-12,FM-02,Family Medicine,33,27,6,18.21,17.18,567,540,1.05,0.1818,27,Overloaded
2016-05-12,FM-03,Family Medicine,51,39,12,88.57,17.16,875,540,1.6204,0.2353,335,Overloaded
2016-05-12,FM-04,Family Medicine,49,41,8,82.06,17.2,843,540,1.5611,0.1633,303,Overloaded
2016-05-12,FM-05,Family Medicine,43,37,6,58.77,17.37,747,540,1.3833,0.1395,207,Overloaded
2016-05-12,FM-06,Family Medicine,38,30,8,35.58,17.0,646,540,1.1963,0.2105,106,Overloaded
2016-05-12,FM-07,Family Medicine,49,37,12,81.53,17.33,849,540,1.5722,0.2449,309,Overloaded
2016-05-12,FM-08,Family Medicine,50,40,10,85.8,17.28,864,540,1.6,0.2,324,Overloaded
2016-05-12,FM-09,Family Medicine,45,37,8,65.38,17.18,773,540,1.4315,0.1778,233,Overloaded
2016-05-12,FM-10,Family Medicine,47,39,8,74.43,17.21,809,540,1.4981,0.1702,269,Overloaded
2016-05-12,FM-11,Family Medicine,56,48,8,95.0,17.39,974,540,1.8037,0.1429,434,Overloaded
2016-05-12,FM-12,Family Medicine,45,39,6,66.64,17.31,779,540,1.4426,0.1333,239,Overloaded
2016-05-12,FM-13,Family Medicine,47,38,9,75.32,17.43,819,540,1.5167,0.1915,279,Overloaded
2016-05-12,FM-14,Family Medicine,47,36,11,74.43,17.26,811,540,1.5019,0.234,271,Overloaded
2016-05-12,FM-15,Family Medicine,50,36,14,84.44,17.2,860,540,1.5926,0.28,320,Overloaded
2016-05-12,FM-16,Family Medicine,41,32,9,51.2,17.39,713,540,1.3204,0.2195,173,Overloaded
2016-05-12,FM-17,Family Medicine,52,37,15,92.29,17.5,910,540,1.6852,0.2885,370,Overloaded
2016-05-12,FM-18,Family Medicine,46,35,11,70.35,17.22,792,540,1.4667,0.2391,252,Overloaded
2016-05-12,FM-19,Family Medicine,35,24,11,26.6,17.4,609,540,1.1278,0.3143,69,Overloaded
2016-05-12,FM-20,Family Medicine,49,38,11,83.18,17.45,855,540,1.5833,0.2245,315,Overloaded
2016-05-12,FM-21,Family Medicine,35,30,5,25.2,17.23,603,540,1.1167,0.1429,63,Overloaded
2016-05-12,FM-22,Family Medicine,46,36,10,70.17,17.22,792,540,1.4667,0.2174,252,Overloaded
2016-05-12,FM-23,Family Medicine,28,23,5,12.39,17.64,494,540,0.9148,0.1786,-46,Overloaded
2016-05-12,FM-24,Family Medicine,39,29,10,43.92,17.41,679,540,1.2574,0.2564,139,Overloaded
2016-05-12,GER-01,Geriatrics,26,22,4,57.58,32.46,844,480,1.7583,0.1538,364,Overloaded
2016-05-12,GER-02,Geriatrics,22,21,1,39.91,31.91,702,480,1.4625,0.0455,222,Overloaded
2016-05-12,GER-03,Geriatrics,14,12,2,13.43,31.57,442,480,0.9208,0.1429,-38,Overloaded
2016-05-12,GER-04,Geriatrics,17,12,5,23.71,33.12,563,480,1.1729,0.2941,83,Overloaded
2016-05-12,GER-05,Geriatrics,27,25,2,58.67,31.67,855,480,1.7812,0.0741,375,Overloaded
2016-05-12,GER-06,Geriatrics,21,19,2,41.76,33.38,701,480,1.4604,0.0952,221,Overloaded
2016-05-12,GER-07,Geriatrics,16,16,0,19.06,32.5,520,480,1.0833,0.0,40,Overloaded
2016-05-12,GER-08,Geriatrics,29,26,3,74.0,33.76,979,480,2.0396,0.1034,499,Overloaded
2016-05-12,GER-09,Geriatrics,18,16,2,27.28,33.22,598,480,1.2458,0.1111,118,Overloaded
2016-05-12,GER-10,Geriatrics,25,22,3,49.72,31.32,783,480,1.6312,0.12,303,Overloaded
2016-05-12,GER-11,Geriatrics,22,20,2,44.77,33.91,746,480,1.5542,0.0909,266,Overloaded
2016-05-12,GER-12,Geriatrics,22,19,3,40.91,32.27,710,480,1.4792,0.1364,230,Overloaded
2016-05-12,GER-13,Geriatrics,27,23,4,58.3,31.67,855,480,1.7812,0.1481,375,Overloaded
2016-05-12,GER-14,Geriatrics,19,15,4,31.37,33.0,627,480,1.3062,0.2105,147,Overloaded
2016-05-12,GER-15,Geriatrics,24,16,8,47.0,31.83,764,480,1.5917,0.3333,284,Overloaded
2016-05-12,GER-16,Geriatrics,18,18,0,26.67,32.33,582,480,1.2125,0.0,102,Overloaded
2016-05-12,GER-17,Geriatrics,23,16,7,47.39,33.52,771,480,1.6062,0.3043,291,Overloaded
2016-05-12,GER-18,Geriatrics,17,15,2,24.41,33.12,563,480,1.1729,0.1176,83,Overloaded
2016-05-12,GER-19,Geriatrics,20,17,3,30.2,31.6,632,480,1.3167,0.15,152,Overloaded
2016-05-12,GER-20,Geriatrics,20,17,3,39.45,34.2,684,480,1.425,0.15,204,Overloaded
2016-05-12,GER-21,Geriatrics,21,17,4,38.62,33.19,697,480,1.4521,0.1905,217,Overloaded
2016-05-12,GER-22,Geriatrics,26,25,1,61.77,33.23,864,480,1.8,0.0385,384,Overloaded
2016-05-12,GER-23,Geriatrics,14,14,0,16.43,33.14,464,480,0.9667,0.0,-16,Overloaded
2016-05-12,GER-24,Geriatrics,15,15,0,17.0,32.6,489,480,1.0188,0.0,9,Overloaded
2016-05-12,PED-01,Pediatrics,38,32,6,20.32,15.13,575,540,1.0648,0.1579,35,Overloaded
2016-05-12,PED-02,Pediatrics,49,40,9,66.27,15.2,745,540,1.3796,0.1837,205,Overloaded
2016-05-12,PED-03,Pediatrics,54,41,13,85.93,15.35,829,540,1.5352,0.2407,289,Overloaded
2016-05-12,PED-04,Pediatrics,53,42,11,82.83,15.28,810,540,1.5,0.2075,270,Overloaded
2016-05-12,PED-05,Pediatrics,51,43,8,74.27,15.31,781,540,1.4463,0.1569,241,Overloaded
2016-05-12,PED-06,Pediatrics,42,32,10,37.95,15.24,640,540,1.1852,0.2381,100,Overloaded
2016-05-12,PED-07,Pediatrics,47,36,11,57.11,15.19,714,540,1.3222,0.234,174,Overloaded
2016-05-12,PED-08,Pediatrics,36,29,7,14.33,15.22,548,540,1.0148,0.1944,8,Overloaded
2016-05-12,PED-09,Pediatrics,54,41,13,84.59,15.22,822,540,1.5222,0.2407,282,Overloaded
2016-05-12,PED-10,Pediatrics,38,30,8,22.39,15.26,580,540,1.0741,0.2105,40,Overloaded
2016-05-12,PED-11,Pediatrics,40,31,9,31.02,15.28,611,540,1.1315,0.225,71,Overloaded
2016-05-12,PED-12,Pediatrics,42,34,8,39.36,15.17,637,540,1.1796,0.1905,97,Overloaded
2016-05-12,PED-13,Pediatrics,42,32,10,37.93,15.29,642,540,1.1889,0.2381,102,Overloaded
2016-05-12,PED-14,Pediatrics,38,29,9,21.84,15.21,578,540,1.0704,0.2368,38,Overloaded
2016-05-12,PED-15,Pediatrics,48,38,10,61.62,15.33,736,540,1.363,0.2083,196,Overloaded
2016-05-12,PED-16,Pediatrics,51,38,13,74.45,15.22,776,540,1.437,0.2549,236,Overloaded
2016-05-12,PED-17,Pediatrics,38,29,9,21.68,15.18,577,540,1.0685,0.2368,37,Overloaded
2016-05-12,PED-18,Pediatrics,45,35,10,50.22,15.22,685,540,1.2685,0.2222,145,Overloaded
2016-05-12,PED-19,Pediatrics,51,44,7,71.82,15.1,770,540,1.4259,0.1373,230,Overloaded
2016-05-12,PED-20,Pediatrics,40,34,6,30.75,15.12,605,540,1.1204,0.15,65,Overloaded
2016-05-12,PED-21,Pediatrics,36,30,6,14.11,15.33,552,540,1.0222,0.1667,12,Overloaded
2016-05-12,PED-22,Pediatrics,31,25,6,11.97,15.16,470,540,0.8704,0.1935,-70,Balanced
2016-05-12,PED-23,Pediatrics,40,33,7,29.2,15.15,606,540,1.1222,0.175,66,Overloaded
2016-05-12,PED-24,Pediatrics,43,34,9,42.56,15.26,656,540,1.2148,0.2093,116,Overloaded
2016-05-12,REH-01,Rehabilitation,7,4,3,18.0,37.57,263,450,0.5844,0.4286,-187,Underused
2016-05-12,REH-02,Rehabilitation,5,4,1,15.4,32.6,163,450,0.3622,0.2,-287,Underused
2016-05-12,REH-03,Rehabilitation,1,1,0,16.0,32.0,32,450,0.0711,0.0,-418,Underused
2016-05-12,REH-04,Rehabilitation,4,4,0,16.75,36.5,146,450,0.3244,0.0,-304,Underused
2016-05-12,REH-05,Rehabilitation,5,3,2,18.0,36.0,180,450,0.4,0.4,-270,Underused
2016-05-12,REH-06,Rehabilitation,6,5,1,19.0,35.5,213,450,0.4733,0.1667,-237,Underused
2016-05-12,REH-07,Rehabilitation,2,2,0,16.0,32.0,64,450,0.1422,0.0,-386,Underused
2016-05-12,REH-08,Rehabilitation,3,3,0,20.33,35.0,105,450,0.2333,0.0,-345,Underused
2016-05-12,REH-09,Rehabilitation,4,4,0,18.25,39.5,158,450,0.3511,0.0,-292,Underused
2016-05-12,REH-10,Rehabilitation,7,6,1,16.0,33.71,236,450,0.5244,0.1429,-214,Underused
2016-05-12,REH-11,Rehabilitation,5,4,1,18.6,35.8,179,450,0.3978,0.2,-271,Underused
2016-05-12,REH-12,Rehabilitation,5,4,1,14.6,31.6,158,450,0.3511,0.2,-292,Underused
2016-05-12,REH-13,Rehabilitation,2,2,0,16.0,34.0,68,450,0.1511,0.0,-382,Underused
2016-05-12,REH-15,Rehabilitation,4,3,1,17.75,33.0,132,450,0.2933,0.25,-318,Underused
2016-05-12,REH-16,Rehabilitation,5,3,2,18.2,38.0,190,450,0.4222,0.4,-260,Underused
2016-05-12,REH-17,Rehabilitation,7,7,0,17.29,34.14,239,450,0.5311,0.0,-211,Underused
2016-05-12,REH-18,Rehabilitation,4,3,1,15.0,32.5,130,450,0.2889,0.25,-320,Underused
2016-05-12,REH-20,Rehabilitation,2,2,0,18.5,35.5,71,450,0.1578,0.0,-379,Underused
2016-05-12,REH-21,Rehabilitation,3,3,0,17.0,40.0,120,450,0.2667,0.0,-330,Underused
2016-05-12,REH-22,Rehabilitation,6,6,0,19.17,36.17,217,450,0.4822,0.0,-233,Underused
2016-05-12,REH-23,Rehabilitation,2,2,0,15.0,36.5,73,450,0.1622,0.0,-377,Underused
2016-05-12,REH-24,Rehabilitation,2,2,0,13.5,36.5,73,450,0.1622,0.0,-377,Underused
2016-05-12,WH-01,Women's Health,34,29,5,31.82,18.71,636,540,1.1778,0.1471,96,Overloaded
2016-05-12,WH-02,Women's Health,51,38,13,94.35,18.67,952,540,1.763,0.2549,412,Overloaded
2016-05-12,WH-03,Women's Health,42,36,6,63.55,18.62,782,540,1.4481,0.1429,242,Overloaded
2016-05-12,WH-04,Women's Health,43,27,16,67.05,18.6,800,540,1.4815,0.3721,260,Overloaded
2016-05-12,WH-05,Women's Health,44,35,9,68.86,18.32,806,540,1.4926,0.2045,266,Overloaded
2016-05-12,WH-06,Women's Health,43,36,7,68.19,18.56,798,540,1.4778,0.1628,258,Overloaded
2016-05-12,WH-07,Women's Health,44,32,12,70.91,18.64,820,540,1.5185,0.2727,280,Overloaded
2016-05-12,WH-08,Women's Health,37,32,5,43.76,18.59,688,540,1.2741,0.1351,148,Overloaded
2016-05-12,WH-09,Women's Health,42,33,9,61.95,18.43,774,540,1.4333,0.2143,234,Overloaded
2016-05-12,WH-10,Women's Health,29,26,3,15.1,18.41,534,540,0.9889,0.1034,-6,Overloaded
2016-05-12,WH-11,Women's Health,49,39,10,88.0,18.24,894,540,1.6556,0.2041,354,Overloaded
2016-05-12,WH-12,Women's Health,53,36,17,95.0,18.6,986,540,1.8259,0.3208,446,Overloaded
2016-05-12,WH-13,Women's Health,41,31,10,59.32,18.73,768,540,1.4222,0.2439,228,Overloaded
2016-05-12,WH-14,Women's Health,49,38,11,89.02,18.33,898,540,1.663,0.2245,358,Overloaded
2016-05-12,WH-15,Women's Health,47,36,11,83.64,18.68,878,540,1.6259,0.234,338,Overloaded
2016-05-12,WH-16,Women's Health,41,34,7,58.88,18.39,754,540,1.3963,0.1707,214,Overloaded
2016-05-12,WH-17,Women's Health,38,30,8,48.34,18.79,714,540,1.3222,0.2105,174,Overloaded
2016-05-12,WH-18,Women's Health,51,41,10,94.49,18.55,946,540,1.7519,0.1961,406,Overloaded
2016-05-12,WH-19,Women's Health,56,49,7,95.0,18.43,1032,540,1.9111,0.125,492,Overloaded
2016-05-12,WH-20,Women's Health,46,36,10,77.61,18.26,840,540,1.5556,0.2174,300,Overloaded
2016-05-12,WH-21,Women's Health,44,34,10,69.91,18.59,818,540,1.5148,0.2273,278,Overloaded
2016-05-12,WH-22,Women's Health,42,27,15,63.69,18.62,782,540,1.4481,0.3571,242,Overloaded
2016-05-12,WH-23,Women's Health,47,35,12,82.7,18.47,868,540,1.6074,0.2553,328,Overloaded
2016-05-12,WH-24,Women's Health,42,36,6,63.1,18.48,776,540,1.437,0.1429,236,Overloaded
2016-05-13,BH-01,Behavioral Health,3,1,2,17.0,29.33,88,480,0.1833,0.6667,-392,Underused
2016-05-13,BH-02,Behavioral Health,3,3,0,17.0,30.67,92,480,0.1917,0.0,-388,Underused
2016-05-13,BH-03,Behavioral Health,4,4,0,19.25,27.0,108,480,0.225,0.0,-372,Underused
2016-05-13,BH-04,Behavioral Health,2,2,0,21.0,26.0,52,480,0.1083,0.0,-428,Underused
2016-05-13,BH-05,Behavioral Health,8,7,1,16.88,27.75,222,480,0.4625,0.125,-258,Underused
2016-05-13,BH-06,Behavioral Health,6,3,3,17.67,29.33,176,480,0.3667,0.5,-304,Underused
2016-05-13,BH-07,Behavioral Health,8,7,1,17.38,28.5,228,480,0.475,0.125,-252,Underused
2016-05-13,BH-08,Behavioral Health,3,3,0,16.67,26.67,80,480,0.1667,0.0,-400,Underused
2016-05-13,BH-09,Behavioral Health,3,2,1,16.67,28.67,86,480,0.1792,0.3333,-394,Underused
2016-05-13,BH-10,Behavioral Health,6,6,0,17.5,30.67,184,480,0.3833,0.0,-296,Underused
2016-05-13,BH-11,Behavioral Health,1,1,0,16.0,26.0,26,480,0.0542,0.0,-454,Underused
2016-05-13,BH-12,Behavioral Health,2,2,0,14.5,28.0,56,480,0.1167,0.0,-424,Underused
2016-05-13,BH-13,Behavioral Health,5,5,0,18.2,28.0,140,480,0.2917,0.0,-340,Underused
2016-05-13,BH-14,Behavioral Health,3,2,1,17.67,28.67,86,480,0.1792,0.3333,-394,Underused
2016-05-13,BH-15,Behavioral Health,2,2,0,16.0,28.0,56,480,0.1167,0.0,-424,Underused
2016-05-13,BH-16,Behavioral Health,3,3,0,19.67,28.67,86,480,0.1792,0.0,-394,Underused
2016-05-13,BH-17,Behavioral Health,2,2,0,14.5,26.0,52,480,0.1083,0.0,-428,Underused
2016-05-13,BH-18,Behavioral Health,2,1,1,21.0,29.0,58,480,0.1208,0.5,-422,Underused
2016-05-13,BH-19,Behavioral Health,4,4,0,17.0,26.0,104,480,0.2167,0.0,-376,Underused
2016-05-13,BH-20,Behavioral Health,4,3,1,16.5,27.5,110,480,0.2292,0.25,-370,Underused
2016-05-13,BH-21,Behavioral Health,2,2,0,17.5,28.0,56,480,0.1167,0.0,-424,Underused
2016-05-13,BH-22,Behavioral Health,5,4,1,20.0,28.8,144,480,0.3,0.2,-336,Underused
2016-05-13,BH-23,Behavioral Health,2,1,1,14.5,26.0,52,480,0.1083,0.5,-428,Underused
2016-05-13,BH-24,Behavioral Health,3,3,0,17.33,26.0,78,480,0.1625,0.0,-402,Underused
2016-05-13,CHR-01,Chronic Care,19,13,6,18.05,26.11,496,510,0.9725,0.3158,-14,Overloaded
2016-05-13,CHR-02,Chronic Care,17,12,5,17.35,25.41,432,510,0.8471,0.2941,-78,Balanced
2016-05-13,CHR-03,Chronic Care,23,16,7,28.87,25.74,592,510,1.1608,0.3043,82,Overloaded
2016-05-13,CHR-04,Chronic Care,20,16,4,18.65,25.8,516,510,1.0118,0.2,6,Overloaded
2016-05-13,CHR-05,Chronic Care,20,12,8,17.75,25.3,506,510,0.9922,0.4,-4,Overloaded
2016-05-13,CHR-06,Chronic Care,25,18,7,36.0,25.2,630,510,1.2353,0.28,120,Overloaded
2016-05-13,CHR-07,Chronic Care,24,20,4,30.42,25.25,606,510,1.1882,0.1667,96,Overloaded
2016-05-13,CHR-08,Chronic Care,19,14,5,17.32,24.84,472,510,0.9255,0.2632,-38,Overloaded
2016-05-13,CHR-09,Chronic Care,21,13,8,18.62,24.95,524,510,1.0275,0.381,14,Overloaded
2016-05-13,CHR-10,Chronic Care,18,17,1,17.0,25.67,462,510,0.9059,0.0556,-48,Overloaded
2016-05-13,CHR-11,Chronic Care,21,19,2,20.38,25.71,540,510,1.0588,0.0952,30,Overloaded
2016-05-13,CHR-12,Chronic Care,20,14,6,17.15,25.0,500,510,0.9804,0.3,-10,Overloaded
2016-05-13,CHR-13,Chronic Care,21,18,3,18.62,25.24,530,510,1.0392,0.1429,20,Overloaded
2016-05-13,CHR-14,Chronic Care,20,15,5,18.75,25.5,510,510,1.0,0.25,0,Overloaded
2016-05-13,CHR-15,Chronic Care,20,17,3,17.45,24.9,498,510,0.9765,0.15,-12,Overloaded
2016-05-13,CHR-16,Chronic Care,15,13,2,16.93,25.73,386,510,0.7569,0.1333,-124,Balanced
2016-05-13,CHR-17,Chronic Care,24,20,4,30.46,25.25,606,510,1.1882,0.1667,96,Overloaded
2016-05-13,CHR-18,Chronic Care,21,20,1,22.1,25.62,538,510,1.0549,0.0476,28,Overloaded
2016-05-13,CHR-19,Chronic Care,16,12,4,16.0,25.12,402,510,0.7882,0.25,-108,Balanced
2016-05-13,CHR-20,Chronic Care,13,10,3,16.69,24.77,322,510,0.6314,0.2308,-188,Balanced
2016-05-13,CHR-21,Chronic Care,20,17,3,17.5,25.0,500,510,0.9804,0.15,-10,Overloaded
2016-05-13,CHR-22,Chronic Care,12,10,2,18.25,25.67,308,510,0.6039,0.1667,-202,Balanced
2016-05-13,CHR-23,Chronic Care,19,15,4,18.32,26.11,496,510,0.9725,0.2105,-14,Overloaded
2016-05-13,CHR-24,Chronic Care,22,21,1,25.05,25.64,564,510,1.1059,0.0455,54,Overloaded
2016-05-13,FM-01,Family Medicine,37,29,8,33.41,17.22,637,540,1.1796,0.2162,97,Overloaded
2016-05-13,FM-02,Family Medicine,31,22,9,14.68,17.26,535,540,0.9907,0.2903,-5,Overloaded
2016-05-13,FM-03,Family Medicine,32,24,8,14.06,17.19,550,540,1.0185,0.25,10,Overloaded
2016-05-13,FM-04,Family Medicine,34,27,7,24.68,17.47,594,540,1.1,0.2059,54,Overloaded
2016-05-13,FM-05,Family Medicine,31,25,6,14.19,17.26,535,540,0.9907,0.1935,-5,Overloaded
2016-05-13,FM-06,Family Medicine,36,27,9,31.58,17.22,620,540,1.1481,0.25,80,Overloaded
2016-05-13,FM-07,Family Medicine,30,27,3,13.27,17.2,516,540,0.9556,0.1,-24,Overloaded
2016-05-13,FM-08,Family Medicine,39,33,6,43.03,17.21,671,540,1.2426,0.1538,131,Overloaded
2016-05-13,FM-09,Family Medicine,35,29,6,26.06,17.29,605,540,1.1204,0.1714,65,Overloaded
2016-05-13,FM-10,Family Medicine,38,29,9,40.32,17.32,658,540,1.2185,0.2368,118,Overloaded
2016-05-13,FM-11,Family Medicine,42,32,10,53.9,17.19,722,540,1.337,0.2381,182,Overloaded
2016-05-13,FM-12,Family Medicine,33,26,7,17.48,17.12,565,540,1.0463,0.2121,25,Overloaded
2016-05-13,FM-13,Family Medicine,37,27,10,34.57,17.27,639,540,1.1833,0.2703,99,Overloaded
2016-05-13,FM-14,Family Medicine,38,32,6,40.32,17.37,660,540,1.2222,0.1579,120,Overloaded
2016-05-13,FM-15,Family Medicine,41,32,9,51.0,17.44,715,540,1.3241,0.2195,175,Overloaded
2016-05-13,FM-16,Family Medicine,31,24,7,14.97,17.26,535,540,0.9907,0.2258,-5,Overloaded
2016-05-13,FM-17,Family Medicine,49,38,11,82.22,17.29,847,540,1.5685,0.2245,307,Overloaded
2016-05-13,FM-18,Family Medicine,42,36,6,54.95,17.29,726,540,1.3444,0.1429,186,Overloaded
2016-05-13,FM-19,Family Medicine,36,30,6,30.5,17.28,622,540,1.1519,0.1667,82,Overloaded
2016-05-13,FM-20,Family Medicine,27,16,11,12.44,17.37,469,540,0.8685,0.4074,-71,Balanced
2016-05-13,FM-21,Family Medicine,33,28,5,18.09,17.18,567,540,1.05,0.1515,27,Overloaded
2016-05-13,FM-22,Family Medicine,40,30,10,48.0,17.35,694,540,1.2852,0.25,154,Overloaded
2016-05-13,FM-23,Family Medicine,38,32,6,39.34,17.42,662,540,1.2259,0.1579,122,Overloaded
2016-05-13,FM-24,Family Medicine,50,41,9,86.68,17.32,866,540,1.6037,0.18,326,Overloaded
2016-05-13,GER-01,Geriatrics,15,11,4,15.73,32.2,483,480,1.0062,0.2667,3,Overloaded
2016-05-13,GER-02,Geriatrics,22,17,5,44.86,33.45,736,480,1.5333,0.2273,256,Overloaded
2016-05-13,GER-03,Geriatrics,22,20,2,40.82,31.82,700,480,1.4583,0.0909,220,Overloaded
2016-05-13,GER-04,Geriatrics,25,22,3,53.44,31.96,799,480,1.6646,0.12,319,Overloaded
2016-05-13,GER-05,Geriatrics,19,17,2,32.11,33.53,637,480,1.3271,0.1053,157,Overloaded
2016-05-13,GER-06,Geriatrics,17,16,1,23.82,33.0,561,480,1.1688,0.0588,81,Overloaded
2016-05-13,GER-07,Geriatrics,18,14,4,26.39,32.67,588,480,1.225,0.2222,108,Overloaded
2016-05-13,GER-08,Geriatrics,21,15,6,38.62,32.62,685,480,1.4271,0.2857,205,Overloaded
2016-05-13,GER-09,Geriatrics,26,20,6,61.12,33.85,880,480,1.8333,0.2308,400,Overloaded
2016-05-13,GER-10,Geriatrics,24,22,2,51.67,32.83,788,480,1.6417,0.0833,308,Overloaded
2016-05-13,GER-11,Geriatrics,18,15,3,26.28,32.89,592,480,1.2333,0.1667,112,Overloaded
2016-05-13,GER-12,Geriatrics,25,22,3,54.6,32.52,813,480,1.6938,0.12,333,Overloaded
2016-05-13,GER-13,Geriatrics,17,14,3,23.29,32.88,559,480,1.1646,0.1765,79,Overloaded
2016-05-13,GER-14,Geriatrics,23,22,1,48.04,32.74,753,480,1.5688,0.0435,273,Overloaded
2016-05-13,GER-15,Geriatrics,20,13,7,34.65,32.8,656,480,1.3667,0.35,176,Overloaded
2016-05-13,GER-16,Geriatrics,23,20,3,49.43,33.52,771,480,1.6062,0.1304,291,Overloaded
2016-05-13,GER-17,Geriatrics,23,21,2,48.65,33.78,777,480,1.6188,0.087,297,Overloaded
2016-05-13,GER-18,Geriatrics,16,12,4,19.69,32.62,522,480,1.0875,0.25,42,Overloaded
2016-05-13,GER-19,Geriatrics,22,20,2,42.23,32.64,718,480,1.4958,0.0909,238,Overloaded
2016-05-13,GER-20,Geriatrics,13,11,2,14.92,32.69,425,480,0.8854,0.1538,-55,Balanced
2016-05-13,GER-21,Geriatrics,30,21,9,74.77,32.87,986,480,2.0542,0.3,506,Overloaded
2016-05-13,GER-22,Geriatrics,29,21,8,71.62,33.0,957,480,1.9938,0.2759,477,Overloaded
2016-05-13,GER-23,Geriatrics,22,19,3,42.91,33.09,728,480,1.5167,0.1364,248,Overloaded
2016-05-13,GER-24,Geriatrics,15,11,4,18.8,33.27,499,480,1.0396,0.2667,19,Overloaded
2016-05-13,PED-01,Pediatrics,31,22,9,11.9,15.23,472,540,0.8741,0.2903,-68,Balanced
2016-05-13,PED-02,Pediatrics,29,27,2,13.45,15.21,441,540,0.8167,0.069,-99,Balanced
2016-05-13,PED-03,Pediatrics,47,37,10,58.04,15.15,712,540,1.3185,0.2128,172,Overloaded
2016-05-13,PED-04,Pediatrics,44,36,8,46.68,15.11,665,540,1.2315,0.1818,125,Overloaded
2016-05-13,PED-05,Pediatrics,43,28,15,44.42,15.51,667,540,1.2352,0.3488,127,Overloaded
2016-05-13,PED-06,Pediatrics,43,33,10,43.91,15.28,657,540,1.2167,0.2326,117,Overloaded
2016-05-13,PED-07,Pediatrics,43,35,8,42.02,15.23,655,540,1.213,0.186,115,Overloaded
2016-05-13,PED-08,Pediatrics,45,30,15,51.96,15.38,692,540,1.2815,0.3333,152,Overloaded
2016-05-13,PED-09,Pediatrics,44,29,15,45.77,15.18,668,540,1.237,0.3409,128,Overloaded
2016-05-13,PED-10,Pediatrics,36,29,7,16.44,15.33,552,540,1.0222,0.1944,12,Overloaded
2016-05-13,PED-11,Pediatrics,37,26,11,18.95,15.24,564,540,1.0444,0.2973,24,Overloaded
2016-05-13,PED-12,Pediatrics,41,30,11,34.59,15.24,625,540,1.1574,0.2683,85,Overloaded
2016-05-13,PED-13,Pediatrics,44,29,15,46.61,15.23,670,540,1.2407,0.3409,130,Overloaded
2016-05-13,PED-14,Pediatrics,43,34,9,43.33,15.21,654,540,1.2111,0.2093,114,Overloaded
2016-05-13,PED-15,Pediatrics,44,36,8,45.32,15.14,666,540,1.2333,0.1818,126,Overloaded
2016-05-13,PED-16,Pediatrics,43,35,8,43.47,15.21,654,540,1.2111,0.186,114,Overloaded
2016-05-13,PED-17,Pediatrics,44,33,11,46.91,15.3,673,540,1.2463,0.25,133,Overloaded
2016-05-13,PED-18,Pediatrics,39,29,10,27.13,15.26,595,540,1.1019,0.2564,55,Overloaded
2016-05-13,PED-19,Pediatrics,40,28,12,30.52,15.2,608,540,1.1259,0.3,68,Overloaded
2016-05-13,PED-20,Pediatrics,46,34,12,54.74,15.13,696,540,1.2889,0.2609,156,Overloaded
2016-05-13,PED-21,Pediatrics,53,38,15,82.19,15.25,808,540,1.4963,0.283,268,Overloaded
2016-05-13,PED-22,Pediatrics,44,33,11,47.09,15.23,670,540,1.2407,0.25,130,Overloaded
2016-05-13,PED-23,Pediatrics,38,28,10,22.42,15.26,580,540,1.0741,0.2632,40,Overloaded
2016-05-13,PED-24,Pediatrics,47,42,5,58.68,15.19,714,540,1.3222,0.1064,174,Overloaded
2016-05-13,REH-01,Rehabilitation,7,6,1,17.43,35.14,246,450,0.5467,0.1429,-204,Underused
2016-05-13,REH-02,Rehabilitation,3,2,1,17.33,31.33,94,450,0.2089,0.3333,-356,Underused
2016-05-13,REH-03,Rehabilitation,3,3,0,18.0,38.33,115,450,0.2556,0.0,-335,Underused
2016-05-13,REH-04,Rehabilitation,6,5,1,20.17,37.67,226,450,0.5022,0.1667,-224,Underused
2016-05-13,REH-05,Rehabilitation,4,3,1,19.5,35.0,140,450,0.3111,0.25,-310,Underused
2016-05-13,REH-06,Rehabilitation,2,2,0,21.5,42.0,84,450,0.1867,0.0,-366,Underused
2016-05-13,REH-07,Rehabilitation,5,3,2,16.6,34.2,171,450,0.38,0.4,-279,Underused
2016-05-13,REH-08,Rehabilitation,3,2,1,16.67,34.67,104,450,0.2311,0.3333,-346,Underused
2016-05-13,REH-09,Rehabilitation,4,3,1,17.5,37.5,150,450,0.3333,0.25,-300,Underused
2016-05-13,REH-10,Rehabilitation,2,1,1,17.5,35.0,70,450,0.1556,0.5,-380,Underused
2016-05-13,REH-11,Rehabilitation,2,1,1,17.5,35.0,70,450,0.1556,0.5,-380,Underused
2016-05-13,REH-12,Rehabilitation,3,2,1,20.0,37.0,111,450,0.2467,0.3333,-339,Underused
2016-05-13,REH-13,Rehabilitation,3,3,0,19.67,39.67,119,450,0.2644,0.0,-331,Underused
2016-05-13,REH-14,Rehabilitation,8,7,1,18.62,34.38,275,450,0.6111,0.125,-175,Balanced
2016-05-13,REH-15,Rehabilitation,4,4,0,17.5,39.5,158,450,0.3511,0.0,-292,Underused
2016-05-13,REH-16,Rehabilitation,6,4,2,18.17,38.5,231,450,0.5133,0.3333,-219,Underused
2016-05-13,REH-17,Rehabilitation,2,2,0,16.0,37.5,75,450,0.1667,0.0,-375,Underused
2016-05-13,REH-18,Rehabilitation,5,4,1,20.8,35.6,178,450,0.3956,0.2,-272,Underused
2016-05-13,REH-19,Rehabilitation,1,1,0,13.0,32.0,32,450,0.0711,0.0,-418,Underused
2016-05-13,REH-20,Rehabilitation,2,2,0,17.0,32.0,64,450,0.1422,0.0,-386,Underused
2016-05-13,REH-21,Rehabilitation,5,2,3,17.0,35.8,179,450,0.3978,0.6,-271,Underused
2016-05-13,REH-22,Rehabilitation,6,4,2,18.67,38.5,231,450,0.5133,0.3333,-219,Underused
2016-05-13,REH-23,Rehabilitation,3,3,0,16.0,35.0,105,450,0.2333,0.0,-345,Underused
2016-05-13,REH-24,Rehabilitation,1,1,0,13.0,32.0,32,450,0.0711,0.0,-418,Underused
2016-05-13,WH-01,Women's Health,36,25,11,39.53,18.56,668,540,1.237,0.3056,128,Overloaded
2016-05-13,WH-02,Women's Health,40,34,6,55.0,18.35,734,540,1.3593,0.15,194,Overloaded
2016-05-13,WH-03,Women's Health,38,28,10,47.79,18.53,704,540,1.3037,0.2632,164,Overloaded
2016-05-13,WH-04,Women's Health,33,23,10,28.73,18.61,614,540,1.137,0.303,74,Overloaded
2016-05-13,WH-05,Women's Health,46,31,15,80.13,18.74,862,540,1.5963,0.3261,322,Overloaded
2016-05-13,WH-06,Women's Health,36,27,9,39.56,18.5,666,540,1.2333,0.25,126,Overloaded
2016-05-13,WH-07,Women's Health,39,32,7,49.74,18.31,714,540,1.3222,0.1795,174,Overloaded
2016-05-13,WH-08,Women's Health,31,25,6,21.87,18.84,584,540,1.0815,0.1935,44,Overloaded
2016-05-13,WH-09,Women's Health,42,29,13,62.5,18.52,778,540,1.4407,0.3095,238,Overloaded
2016-05-13,WH-10,Women's Health,35,23,12,36.94,18.63,652,540,1.2074,0.3429,112,Overloaded
2016-05-13,WH-11,Women's Health,46,34,12,78.96,18.52,852,540,1.5778,0.2609,312,Overloaded
2016-05-13,WH-12,Women's Health,36,27,9,41.11,18.61,670,540,1.2407,0.25,130,Overloaded
2016-05-13,WH-13,Women's Health,40,28,12,57.88,19.05,762,540,1.4111,0.3,222,Overloaded
2016-05-13,WH-14,Women's Health,37,25,12,44.3,18.65,690,540,1.2778,0.3243,150,Overloaded
2016-05-13,WH-15,Women's Health,44,34,10,71.2,18.55,816,540,1.5111,0.2273,276,Overloaded
2016-05-13,WH-16,Women's Health,36,27,9,39.14,18.39,662,540,1.2259,0.25,122,Overloaded
2016-05-13,WH-17,Women's Health,35,22,13,34.0,18.34,642,540,1.1889,0.3714,102,Overloaded
2016-05-13,WH-18,Women's Health,47,36,11,84.0,18.51,870,540,1.6111,0.234,330,Overloaded
2016-05-13,WH-19,Women's Health,47,32,15,83.06,18.55,872,540,1.6148,0.3191,332,Overloaded
2016-05-13,WH-20,Women's Health,42,30,12,64.4,18.57,780,540,1.4444,0.2857,240,Overloaded
2016-05-13,WH-21,Women's Health,40,31,9,54.28,18.45,738,540,1.3667,0.225,198,Overloaded
2016-05-13,WH-22,Women's Health,47,35,12,82.81,18.47,868,540,1.6074,0.2553,328,Overloaded
2016-05-13,WH-23,Women's Health,43,35,8,67.63,18.6,800,540,1.4815,0.186,260,Overloaded
2016-05-13,WH-24,Women's Health,32,21,11,24.38,18.62,596,540,1.1037,0.3438,56,Overloaded
2016-05-14,BH-05,Behavioral Health,1,1,0,13.0,26.0,26,480,0.0542,0.0,-454,Underused
2016-05-14,BH-14,Behavioral Health,1,1,0,16.0,30.0,30,480,0.0625,0.0,-450,Underused
2016-05-14,CHR-02,Chronic Care,1,0,1,18.0,24.0,24,510,0.0471,1.0,-486,Underused
2016-05-14,CHR-03,Chronic Care,1,0,1,16.0,28.0,28,510,0.0549,1.0,-482,Underused
2016-05-14,CHR-09,Chronic Care,1,1,0,16.0,24.0,24,510,0.0471,0.0,-486,Underused
2016-05-14,CHR-10,Chronic Care,1,1,0,18.0,24.0,24,510,0.0471,0.0,-486,Underused
2016-05-14,CHR-12,Chronic Care,1,1,0,21.0,24.0,24,510,0.0471,0.0,-486,Underused
2016-05-14,CHR-14,Chronic Care,1,1,0,11.0,24.0,24,510,0.0471,0.0,-486,Underused
2016-05-14,CHR-17,Chronic Care,1,1,0,13.0,24.0,24,510,0.0471,0.0,-486,Underused
2016-05-14,CHR-18,Chronic Care,1,1,0,18.0,24.0,24,510,0.0471,0.0,-486,Underused
2016-05-14,CHR-20,Chronic Care,1,1,0,16.0,24.0,24,510,0.0471,0.0,-486,Underused
2016-05-14,CHR-22,Chronic Care,1,1,0,21.0,24.0,24,510,0.0471,0.0,-486,Underused
2016-05-14,CHR-23,Chronic Care,1,1,0,13.0,24.0,24,510,0.0471,0.0,-486,Underused
2016-05-14,FM-07,Family Medicine,1,1,0,8.0,17.0,17,540,0.0315,0.0,-523,Underused
2016-05-14,FM-09,Family Medicine,1,1,0,13.0,17.0,17,540,0.0315,0.0,-523,Underused
2016-05-14,FM-10,Family Medicine,1,0,1,13.0,17.0,17,540,0.0315,1.0,-523,Underused
2016-05-14,FM-13,Family Medicine,1,1,0,13.0,17.0,17,540,0.0315,0.0,-523,Underused
2016-05-14,FM-14,Family Medicine,1,1,0,18.0,17.0,17,540,0.0315,0.0,-523,Underused
2016-05-14,FM-17,Family Medicine,2,2,0,14.0,18.0,36,540,0.0667,0.0,-504,Underused
2016-05-14,FM-18,Family Medicine,1,0,1,8.0,17.0,17,540,0.0315,1.0,-523,Underused
2016-05-14,FM-20,Family Medicine,1,0,1,10.0,17.0,17,540,0.0315,1.0,-523,Underused
2016-05-14,GER-02,Geriatrics,1,0,1,13.0,33.0,33,480,0.0688,1.0,-447,Underused
2016-05-14,GER-06,Geriatrics,1,1,0,14.0,37.0,37,480,0.0771,0.0,-443,Underused
2016-05-14,GER-08,Geriatrics,1,1,0,8.0,29.0,29,480,0.0604,0.0,-451,Underused
2016-05-14,GER-12,Geriatrics,2,1,1,16.0,37.0,74,480,0.1542,0.5,-406,Underused
2016-05-14,GER-14,Geriatrics,1,1,0,15.0,29.0,29,480,0.0604,0.0,-451,Underused
2016-05-14,GER-15,Geriatrics,1,1,0,21.0,37.0,37,480,0.0771,0.0,-443,Underused
2016-05-14,GER-18,Geriatrics,1,1,0,13.0,33.0,33,480,0.0688,0.0,-447,Underused
2016-05-14,GER-19,Geriatrics,1,1,0,11.0,33.0,33,480,0.0688,0.0,-447,Underused
2016-05-14,GER-21,Geriatrics,1,1,0,19.0,37.0,37,480,0.0771,0.0,-443,Underused
2016-05-14,REH-14,Rehabilitation,1,1,0,11.0,32.0,32,450,0.0711,0.0,-418,Underused
2016-05-14,WH-10,Women's Health,1,1,0,13.0,20.0,20,540,0.037,0.0,-520,Underused
2016-05-14,WH-16,Women's Health,1,1,0,10.0,18.0,18,540,0.0333,0.0,-522,Underused
2016-05-14,WH-17,Women's Health,1,1,0,8.0,20.0,20,540,0.037,0.0,-520,Underused
2016-05-14,WH-18,Women's Health,1,0,1,13.0,18.0,18,540,0.0333,1.0,-522,Underused
2016-05-14,WH-20,Women's Health,1,0,1,13.0,18.0,18,540,0.0333,1.0,-522,Underused
2016-05-14,WH-21,Women's Health,1,1,0,13.0,18.0,18,540,0.0333,0.0,-522,Underused
2016-05-16,BH-01,Behavioral Health,5,5,0,16.6,28.4,142,480,0.2958,0.0,-338,Underused
2016-05-16,BH-02,Behavioral Health,7,5,2,16.29,27.43,192,480,0.4,0.2857,-288,Underused
2016-05-16,BH-03,Behavioral Health,4,2,2,15.25,28.5,114,480,0.2375,0.5,-366,Underused
2016-05-16,BH-04,Behavioral Health,6,3,3,18.17,29.0,174,480,0.3625,0.5,-306,Underused
2016-05-16,BH-05,Behavioral Health,6,4,2,16.33,28.33,170,480,0.3542,0.3333,-310,Underused
2016-05-16,BH-06,Behavioral Health,8,8,0,20.25,29.0,232,480,0.4833,0.0,-248,Underused
2016-05-16,BH-07,Behavioral Health,5,4,1,17.6,28.4,142,480,0.2958,0.2,-338,Underused
2016-05-16,BH-08,Behavioral Health,8,6,2,17.0,27.5,220,480,0.4583,0.25,-260,Underused
2016-05-16,BH-09,Behavioral Health,9,7,2,17.11,28.22,254,480,0.5292,0.2222,-226,Underused
2016-05-16,BH-10,Behavioral Health,10,5,5,17.8,27.8,278,480,0.5792,0.5,-202,Underused
2016-05-16,BH-11,Behavioral Health,3,2,1,15.67,27.33,82,480,0.1708,0.3333,-398,Underused
2016-05-16,BH-12,Behavioral Health,3,2,1,17.67,29.33,88,480,0.1833,0.3333,-392,Underused
2016-05-16,BH-13,Behavioral Health,5,3,2,17.6,28.4,142,480,0.2958,0.4,-338,Underused
2016-05-16,BH-14,Behavioral Health,4,3,1,17.75,28.0,112,480,0.2333,0.25,-368,Underused
2016-05-16,BH-15,Behavioral Health,7,6,1,17.14,29.43,206,480,0.4292,0.1429,-274,Underused
2016-05-16,BH-16,Behavioral Health,7,7,0,20.43,28.29,198,480,0.4125,0.0,-282,Underused
2016-05-16,BH-17,Behavioral Health,2,2,0,16.0,28.0,56,480,0.1167,0.0,-424,Underused
2016-05-16,BH-18,Behavioral Health,4,3,1,16.5,28.0,112,480,0.2333,0.25,-368,Underused
2016-05-16,BH-19,Behavioral Health,3,3,0,18.33,26.0,78,480,0.1625,0.0,-402,Underused
2016-05-16,BH-20,Behavioral Health,2,1,1,20.0,30.0,60,480,0.125,0.5,-420,Underused
2016-05-16,BH-21,Behavioral Health,6,3,3,16.0,28.33,170,480,0.3542,0.5,-310,Underused
2016-05-16,BH-22,Behavioral Health,5,2,3,17.0,29.2,146,480,0.3042,0.6,-334,Underused
2016-05-16,BH-23,Behavioral Health,5,1,4,17.2,28.8,144,480,0.3,0.8,-336,Underused
2016-05-16,BH-24,Behavioral Health,9,7,2,16.33,27.78,250,480,0.5208,0.2222,-230,Underused
2016-05-16,CHR-01,Chronic Care,18,13,5,15.67,25.89,466,510,0.9137,0.2778,-44,Overloaded
2016-05-16,CHR-02,Chronic Care,17,14,3,16.65,25.65,436,510,0.8549,0.1765,-74,Balanced
2016-05-16,CHR-03,Chronic Care,16,14,2,16.69,26.38,422,510,0.8275,0.125,-88,Balanced
2016-05-16,CHR-04,Chronic Care,18,14,4,16.5,25.11,452,510,0.8863,0.2222,-58,Balanced
2016-05-16,CHR-05,Chronic Care,22,17,5,21.0,24.82,546,510,1.0706,0.2273,36,Overloaded
2016-05-16,CHR-06,Chronic Care,17,14,3,16.59,25.88,440,510,0.8627,0.1765,-70,Balanced
2016-05-16,CHR-07,Chronic Care,24,18,6,30.17,25.0,600,510,1.1765,0.25,90,Overloaded
2016-05-16,CHR-08,Chronic Care,24,21,3,32.08,25.17,604,510,1.1843,0.125,94,Overloaded
2016-05-16,CHR-09,Chronic Care,17,13,4,15.71,26.0,442,510,0.8667,0.2353,-68,Balanced
2016-05-16,CHR-10,Chronic Care,24,19,5,32.21,25.42,610,510,1.1961,0.2083,100,Overloaded
2016-05-16,CHR-11,Chronic Care,23,16,7,26.61,25.13,578,510,1.1333,0.3043,68,Overloaded
2016-05-16,CHR-12,Chronic Care,18,14,4,17.28,25.56,460,510,0.902,0.2222,-50,Overloaded
2016-05-16,CHR-13,Chronic Care,14,12,2,16.79,25.71,360,510,0.7059,0.1429,-150,Balanced
2016-05-16,CHR-14,Chronic Care,20,16,4,19.0,25.2,504,510,0.9882,0.2,-6,Overloaded
2016-05-16,CHR-15,Chronic Care,21,13,8,19.81,25.71,540,510,1.0588,0.381,30,Overloaded
2016-05-16,CHR-16,Chronic Care,16,14,2,15.88,24.88,398,510,0.7804,0.125,-112,Balanced
2016-05-16,CHR-17,Chronic Care,27,22,5,42.85,25.33,684,510,1.3412,0.1852,174,Overloaded
2016-05-16,CHR-18,Chronic Care,19,18,1,16.37,24.53,466,510,0.9137,0.0526,-44,Overloaded
2016-05-16,CHR-19,Chronic Care,27,24,3,44.74,25.78,696,510,1.3647,0.1111,186,Overloaded
2016-05-16,CHR-20,Chronic Care,20,15,5,18.95,25.6,512,510,1.0039,0.25,2,Overloaded
2016-05-16,CHR-21,Chronic Care,16,14,2,15.69,25.75,412,510,0.8078,0.125,-98,Balanced
2016-05-16,CHR-22,Chronic Care,26,18,8,40.62,25.54,664,510,1.302,0.3077,154,Overloaded
2016-05-16,CHR-23,Chronic Care,23,21,2,26.26,25.04,576,510,1.1294,0.087,66,Overloaded
2016-05-16,CHR-24,Chronic Care,29,22,7,51.07,25.03,726,510,1.4235,0.2414,216,Overloaded
2016-05-16,FM-01,Family Medicine,46,33,13,72.5,17.61,810,540,1.5,0.2826,270,Overloaded
2016-05-16,FM-02,Family Medicine,41,33,8,51.68,17.39,713,540,1.3204,0.1951,173,Overloaded
2016-05-16,FM-03,Family Medicine,40,34,6,45.58,17.15,686,540,1.2704,0.15,146,Overloaded
2016-05-16,FM-04,Family Medicine,48,38,10,80.15,17.33,832,540,1.5407,0.2083,292,Overloaded
2016-05-16,FM-05,Family Medicine,27,21,6,12.93,17.44,471,540,0.8722,0.2222,-69,Balanced
2016-05-16,FM-06,Family Medicine,37,26,11,35.22,17.27,639,540,1.1833,0.2973,99,Overloaded
2016-05-16,FM-07,Family Medicine,38,32,6,38.45,17.26,656,540,1.2148,0.1579,116,Overloaded
2016-05-16,FM-08,Family Medicine,35,29,6,27.37,17.23,603,540,1.1167,0.1714,63,Overloaded
2016-05-16,FM-09,Family Medicine,33,25,8,17.73,17.18,567,540,1.05,0.2424,27,Overloaded
2016-05-16,FM-10,Family Medicine,29,21,8,13.55,17.41,505,540,0.9352,0.2759,-35,Overloaded
2016-05-16,FM-11,Family Medicine,44,30,14,62.27,17.32,762,540,1.4111,0.3182,222,Overloaded
2016-05-16,FM-12,Family Medicine,42,31,11,56.45,17.38,730,540,1.3519,0.2619,190,Overloaded
2016-05-16,FM-13,Family Medicine,52,43,9,92.33,17.23,896,540,1.6593,0.1731,356,Overloaded
2016-05-16,FM-14,Family Medicine,54,37,17,95.0,17.59,950,540,1.7593,0.3148,410,Overloaded
2016-05-16,FM-15,Family Medicine,36,31,5,32.03,17.5,630,540,1.1667,0.1389,90,Overloaded
2016-05-16,FM-16,Family Medicine,53,41,12,94.75,17.34,919,540,1.7019,0.2264,379,Overloaded
2016-05-16,FM-17,Family Medicine,46,37,9,69.76,17.22,792,540,1.4667,0.1957,252,Overloaded
2016-05-16,FM-18,Family Medicine,45,30,15,67.67,17.31,779,540,1.4426,0.3333,239,Overloaded
2016-05-16,FM-19,Family Medicine,48,43,5,79.88,17.5,840,540,1.5556,0.1042,300,Overloaded
2016-05-16,FM-20,Family Medicine,51,38,13,89.76,17.27,881,540,1.6315,0.2549,341,Overloaded
2016-05-16,FM-21,Family Medicine,50,37,13,85.76,17.32,866,540,1.6037,0.26,326,Overloaded
2016-05-16,FM-22,Family Medicine,50,36,14,86.66,17.32,866,540,1.6037,0.28,326,Overloaded
2016-05-16,FM-23,Family Medicine,51,38,13,89.27,17.31,883,540,1.6352,0.2549,343,Overloaded
2016-05-16,FM-24,Family Medicine,55,40,15,95.0,17.18,945,540,1.75,0.2727,405,Overloaded
2016-05-16,GER-01,Geriatrics,18,18,0,26.22,32.44,584,480,1.2167,0.0,104,Overloaded
2016-05-16,GER-02,Geriatrics,25,19,6,54.96,32.6,815,480,1.6979,0.24,335,Overloaded
2016-05-16,GER-03,Geriatrics,29,23,6,70.03,32.45,941,480,1.9604,0.2069,461,Overloaded
2016-05-16,GER-04,Geriatrics,21,19,2,35.9,31.48,661,480,1.3771,0.0952,181,Overloaded
2016-05-16,GER-05,Geriatrics,23,22,1,47.3,33.09,761,480,1.5854,0.0435,281,Overloaded
2016-05-16,GER-06,Geriatrics,31,24,7,79.06,32.29,1001,480,2.0854,0.2258,521,Overloaded
2016-05-16,GER-07,Geriatrics,21,16,5,35.19,31.67,665,480,1.3854,0.2381,185,Overloaded
2016-05-16,GER-08,Geriatrics,21,16,5,38.71,32.71,687,480,1.4312,0.2381,207,Overloaded
2016-05-16,GER-09,Geriatrics,32,29,3,80.28,32.31,1034,480,2.1542,0.0938,554,Overloaded
2016-05-16,GER-10,Geriatrics,15,13,2,16.73,31.67,475,480,0.9896,0.1333,-5,Overloaded
2016-05-16,GER-11,Geriatrics,21,15,6,36.05,32.24,677,480,1.4104,0.2857,197,Overloaded
2016-05-16,GER-12,Geriatrics,21,16,5,38.0,32.43,681,480,1.4188,0.2381,201,Overloaded
2016-05-16,GER-13,Geriatrics,19,17,2,30.11,32.89,625,480,1.3021,0.1053,145,Overloaded
2016-05-16,GER-14,Geriatrics,33,30,3,86.73,33.12,1093,480,2.2771,0.0909,613,Overloaded
2016-05-16,GER-15,Geriatrics,24,20,4,50.88,33.17,796,480,1.6583,0.1667,316,Overloaded
2016-05-16,GER-16,Geriatrics,26,20,6,61.58,33.54,872,480,1.8167,0.2308,392,Overloaded
2016-05-16,GER-17,Geriatrics,24,19,5,50.79,32.83,788,480,1.6417,0.2083,308,Overloaded
2016-05-16,GER-18,Geriatrics,22,18,4,44.68,33.27,732,480,1.525,0.1818,252,Overloaded
2016-05-16,GER-19,Geriatrics,12,12,0,15.08,33.5,402,480,0.8375,0.0,-78,Balanced
2016-05-16,GER-20,Geriatrics,28,24,4,66.11,32.29,904,480,1.8833,0.1429,424,Overloaded
2016-05-16,GER-21,Geriatrics,36,34,2,92.72,32.67,1176,480,2.45,0.0556,696,Overloaded
2016-05-16,GER-22,Geriatrics,33,27,6,85.24,32.27,1065,480,2.2188,0.1818,585,Overloaded
2016-05-16,GER-23,Geriatrics,23,20,3,48.7,33.17,763,480,1.5896,0.1304,283,Overloaded
2016-05-16,GER-24,Geriatrics,18,15,3,26.33,32.22,580,480,1.2083,0.1667,100,Overloaded
2016-05-16,PED-01,Pediatrics,54,42,12,86.65,15.24,823,540,1.5241,0.2222,283,Overloaded
2016-05-16,PED-02,Pediatrics,59,42,17,95.0,15.2,897,540,1.6611,0.2881,357,Overloaded
2016-05-16,PED-03,Pediatrics,52,41,11,77.96,15.23,792,540,1.4667,0.2115,252,Overloaded
2016-05-16,PED-04,Pediatrics,53,43,10,81.64,15.13,802,540,1.4852,0.1887,262,Overloaded
2016-05-16,PED-05,Pediatrics,42,33,9,37.95,15.19,638,540,1.1815,0.2143,98,Overloaded
2016-05-16,PED-06,Pediatrics,52,40,12,79.21,15.19,790,540,1.463,0.2308,250,Overloaded
2016-05-16,PED-07,Pediatrics,45,36,9,49.58,15.18,683,540,1.2648,0.2,143,Overloaded
2016-05-16,PED-08,Pediatrics,54,44,10,85.98,15.15,818,540,1.5148,0.1852,278,Overloaded
2016-05-16,PED-09,Pediatrics,54,45,9,86.09,15.22,822,540,1.5222,0.1667,282,Overloaded
2016-05-16,PED-10,Pediatrics,54,40,14,87.57,15.3,826,540,1.5296,0.2593,286,Overloaded
2016-05-16,PED-11,Pediatrics,54,40,14,86.72,15.3,826,540,1.5296,0.2593,286,Overloaded
2016-05-16,PED-12,Pediatrics,51,36,15,74.37,15.12,771,540,1.4278,0.2941,231,Overloaded
2016-05-16,PED-13,Pediatrics,55,44,11,89.13,15.18,835,540,1.5463,0.2,295,Overloaded
2016-05-16,PED-14,Pediatrics,56,39,17,93.07,15.27,855,540,1.5833,0.3036,315,Overloaded
2016-05-16,PED-15,Pediatrics,52,41,11,77.54,15.17,789,540,1.4611,0.2115,249,Overloaded
2016-05-16,PED-16,Pediatrics,48,33,15,62.46,15.21,730,540,1.3519,0.3125,190,Overloaded
2016-05-16,PED-17,Pediatrics,56,46,10,93.16,15.38,861,540,1.5944,0.1786,321,Overloaded
2016-05-16,PED-18,Pediatrics,46,37,9,53.96,15.15,697,540,1.2907,0.1957,157,Overloaded
2016-05-16,PED-19,Pediatrics,39,35,4,25.13,15.1,589,540,1.0907,0.1026,49,Overloaded
2016-05-16,PED-20,Pediatrics,48,37,11,61.92,15.12,726,540,1.3444,0.2292,186,Overloaded
2016-05-16,PED-21,Pediatrics,45,37,8,50.73,15.29,688,540,1.2741,0.1778,148,Overloaded
2016-05-16,PED-22,Pediatrics,61,52,9,95.0,15.21,928,540,1.7185,0.1475,388,Overloaded
2016-05-16,PED-23,Pediatrics,42,29,13,37.74,15.19,638,540,1.1815,0.3095,98,Overloaded
2016-05-16,PED-24,Pediatrics,39,31,8,27.31,15.26,595,540,1.1019,0.2051,55,Overloaded
2016-05-16,REH-01,Rehabilitation,4,4,0,19.0,38.0,152,450,0.3378,0.0,-298,Underused
2016-05-16,REH-02,Rehabilitation,2,2,0,14.5,37.5,75,450,0.1667,0.0,-375,Underused
2016-05-16,REH-03,Rehabilitation,1,1,0,13.0,32.0,32,450,0.0711,0.0,-418,Underused
2016-05-16,REH-04,Rehabilitation,2,2,0,17.0,33.0,66,450,0.1467,0.0,-384,Underused
2016-05-16,REH-05,Rehabilitation,5,4,1,14.8,33.8,169,450,0.3756,0.2,-281,Underused
2016-05-16,REH-06,Rehabilitation,5,5,0,18.4,33.4,167,450,0.3711,0.0,-283,Underused
2016-05-16,REH-07,Rehabilitation,2,0,2,14.5,34.0,68,450,0.1511,1.0,-382,Underused
2016-05-16,REH-08,Rehabilitation,5,4,1,19.2,38.6,193,450,0.4289,0.2,-257,Underused
2016-05-16,REH-09,Rehabilitation,4,3,1,17.25,35.25,141,450,0.3133,0.25,-309,Underused
2016-05-16,REH-10,Rehabilitation,8,5,3,16.88,34.75,278,450,0.6178,0.375,-172,Balanced
2016-05-16,REH-11,Rehabilitation,2,2,0,13.0,32.0,64,450,0.1422,0.0,-386,Underused
2016-05-16,REH-12,Rehabilitation,4,3,1,15.25,34.75,139,450,0.3089,0.25,-311,Underused
2016-05-16,REH-13,Rehabilitation,3,2,1,17.0,38.67,116,450,0.2578,0.3333,-334,Underused
2016-05-16,REH-14,Rehabilitation,4,4,0,17.75,34.75,139,450,0.3089,0.0,-311,Underused
2016-05-16,REH-15,Rehabilitation,2,2,0,18.5,36.5,73,450,0.1622,0.0,-377,Underused
2016-05-16,REH-16,Rehabilitation,7,6,1,19.71,37.57,263,450,0.5844,0.1429,-187,Underused
2016-05-16,REH-17,Rehabilitation,4,2,2,17.0,37.75,151,450,0.3356,0.5,-299,Underused
2016-05-16,REH-18,Rehabilitation,4,3,1,18.5,34.25,137,450,0.3044,0.25,-313,Underused
2016-05-16,REH-20,Rehabilitation,3,2,1,14.0,31.33,94,450,0.2089,0.3333,-356,Underused
2016-05-16,REH-21,Rehabilitation,1,0,1,13.0,39.0,39,450,0.0867,1.0,-411,Underused
2016-05-16,REH-22,Rehabilitation,1,1,0,13.0,32.0,32,450,0.0711,0.0,-418,Underused
2016-05-16,REH-23,Rehabilitation,2,1,1,21.0,39.5,79,450,0.1756,0.5,-371,Underused
2016-05-16,REH-24,Rehabilitation,2,2,0,18.5,34.0,68,450,0.1511,0.0,-382,Underused
2016-05-16,WH-01,Women's Health,39,31,8,51.08,18.67,728,540,1.3481,0.2051,188,Overloaded
2016-05-16,WH-02,Women's Health,45,35,10,75.6,18.44,830,540,1.537,0.2222,290,Overloaded
2016-05-16,WH-03,Women's Health,43,28,15,68.44,18.79,808,540,1.4963,0.3488,268,Overloaded
2016-05-16,WH-04,Women's Health,45,30,15,75.82,18.49,832,540,1.5407,0.3333,292,Overloaded
2016-05-16,WH-05,Women's Health,50,33,17,92.42,18.4,920,540,1.7037,0.34,380,Overloaded
2016-05-16,WH-06,Women's Health,56,39,17,95.0,18.64,1044,540,1.9333,0.3036,504,Overloaded
2016-05-16,WH-07,Women's Health,48,39,9,87.08,18.54,890,540,1.6481,0.1875,350,Overloaded
2016-05-16,WH-08,Women's Health,48,31,17,87.94,18.58,892,540,1.6519,0.3542,352,Overloaded
2016-05-16,WH-09,Women's Health,35,26,9,36.0,18.69,654,540,1.2111,0.2571,114,Overloaded
2016-05-16,WH-10,Women's Health,41,24,17,60.44,18.59,762,540,1.4111,0.4146,222,Overloaded
2016-05-16,WH-11,Women's Health,45,31,14,75.84,18.67,840,540,1.5556,0.3111,300,Overloaded
2016-05-16,WH-12,Women's Health,42,32,10,64.07,18.43,774,540,1.4333,0.2381,234,Overloaded
2016-05-16,WH-13,Women's Health,47,36,11,84.51,18.77,882,540,1.6333,0.234,342,Overloaded
2016-05-16,WH-14,Women's Health,48,38,10,87.52,18.46,886,540,1.6407,0.2083,346,Overloaded
2016-05-16,WH-15,Women's Health,49,38,11,90.92,18.82,922,540,1.7074,0.2245,382,Overloaded
2016-05-16,WH-16,Women's Health,49,36,13,90.22,18.33,898,540,1.663,0.2653,358,Overloaded
2016-05-16,WH-17,Women's Health,42,32,10,62.07,18.43,774,540,1.4333,0.2381,234,Overloaded
2016-05-16,WH-18,Women's Health,39,27,12,50.9,18.41,718,540,1.3296,0.3077,178,Overloaded
2016-05-16,WH-19,Women's Health,49,38,11,89.67,18.61,912,540,1.6889,0.2245,372,Overloaded
2016-05-16,WH-20,Women's Health,55,42,13,95.0,18.87,1038,540,1.9222,0.2364,498,Overloaded
2016-05-16,WH-21,Women's Health,31,24,7,19.42,18.65,578,540,1.0704,0.2258,38,Overloaded
2016-05-16,WH-22,Women's Health,36,24,12,39.39,18.44,664,540,1.2296,0.3333,124,Overloaded
2016-05-16,WH-23,Women's Health,39,30,9,51.85,18.62,726,540,1.3444,0.2308,186,Overloaded
2016-05-16,WH-24,Women's Health,48,37,11,87.02,18.46,886,540,1.6407,0.2292,346,Overloaded
2016-05-17,BH-01,Behavioral Health,5,4,1,18.8,30.0,150,480,0.3125,0.2,-330,Underused
2016-05-17,BH-02,Behavioral Health,9,5,4,18.22,28.44,256,480,0.5333,0.4444,-224,Underused
2016-05-17,BH-03,Behavioral Health,5,2,3,18.0,29.6,148,480,0.3083,0.6,-332,Underused
2016-05-17,BH-04,Behavioral Health,1,1,0,24.0,34.0,34,480,0.0708,0.0,-446,Underused
2016-05-17,BH-05,Behavioral Health,3,2,1,16.67,26.0,78,480,0.1625,0.3333,-402,Underused
2016-05-17,BH-06,Behavioral Health,4,0,4,15.75,28.0,112,480,0.2333,1.0,-368,Underused
2016-05-17,BH-07,Behavioral Health,5,3,2,18.2,28.4,142,480,0.2958,0.4,-338,Underused
2016-05-17,BH-08,Behavioral Health,3,3,0,16.0,26.0,78,480,0.1625,0.0,-402,Underused
2016-05-17,BH-10,Behavioral Health,5,3,2,16.2,28.0,140,480,0.2917,0.4,-340,Underused
2016-05-17,BH-11,Behavioral Health,8,7,1,17.5,27.75,222,480,0.4625,0.125,-258,Underused
2016-05-17,BH-12,Behavioral Health,2,1,1,18.5,32.0,64,480,0.1333,0.5,-416,Underused
2016-05-17,BH-13,Behavioral Health,6,5,1,18.5,28.67,172,480,0.3583,0.1667,-308,Underused
2016-05-17,BH-14,Behavioral Health,5,3,2,15.4,29.6,148,480,0.3083,0.4,-332,Underused
2016-05-17,BH-15,Behavioral Health,8,6,2,15.25,27.75,222,480,0.4625,0.25,-258,Underused
2016-05-17,BH-16,Behavioral Health,4,3,1,14.5,26.0,104,480,0.2167,0.25,-376,Underused
2016-05-17,BH-17,Behavioral Health,4,2,2,16.75,29.5,118,480,0.2458,0.5,-362,Underused
2016-05-17,BH-18,Behavioral Health,3,2,1,18.67,28.67,86,480,0.1792,0.3333,-394,Underused
2016-05-17,BH-19,Behavioral Health,2,2,0,16.0,30.0,60,480,0.125,0.0,-420,Underused
2016-05-17,BH-20,Behavioral Health,5,4,1,18.4,28.0,140,480,0.2917,0.2,-340,Underused
2016-05-17,BH-21,Behavioral Health,4,3,1,19.25,28.5,114,480,0.2375,0.25,-366,Underused
2016-05-17,BH-22,Behavioral Health,3,1,2,17.67,28.67,86,480,0.1792,0.6667,-394,Underused
2016-05-17,BH-23,Behavioral Health,2,2,0,17.0,27.0,54,480,0.1125,0.0,-426,Underused
2016-05-17,BH-24,Behavioral Health,1,0,1,16.0,28.0,28,480,0.0583,1.0,-452,Underused
2016-05-17,CHR-01,Chronic Care,25,22,3,34.4,25.12,628,510,1.2314,0.12,118,Overloaded
2016-05-17,CHR-02,Chronic Care,27,21,6,45.11,25.33,684,510,1.3412,0.2222,174,Overloaded
2016-05-17,CHR-03,Chronic Care,18,15,3,16.94,25.67,462,510,0.9059,0.1667,-48,Overloaded
2016-05-17,CHR-04,Chronic Care,15,11,4,18.93,25.73,386,510,0.7569,0.2667,-124,Balanced
2016-05-17,CHR-05,Chronic Care,17,14,3,15.18,25.06,426,510,0.8353,0.1765,-84,Balanced
2016-05-17,CHR-06,Chronic Care,15,10,5,16.93,24.8,372,510,0.7294,0.3333,-138,Balanced
2016-05-17,CHR-07,Chronic Care,23,21,2,29.04,25.83,594,510,1.1647,0.087,84,Overloaded
2016-05-17,CHR-08,Chronic Care,15,11,4,16.33,25.33,380,510,0.7451,0.2667,-130,Balanced
2016-05-17,CHR-09,Chronic Care,16,13,3,16.62,25.62,410,510,0.8039,0.1875,-100,Balanced
2016-05-17,CHR-10,Chronic Care,27,20,7,48.04,26.0,702,510,1.3765,0.2593,192,Overloaded
2016-05-17,CHR-11,Chronic Care,13,12,1,15.92,25.08,326,510,0.6392,0.0769,-184,Balanced
2016-05-17,CHR-12,Chronic Care,21,16,5,19.86,25.24,530,510,1.0392,0.2381,20,Overloaded
2016-05-17,CHR-13,Chronic Care,20,14,6,15.9,24.7,494,510,0.9686,0.3,-16,Overloaded
2016-05-17,CHR-14,Chronic Care,23,19,4,28.87,25.48,586,510,1.149,0.1739,76,Overloaded
2016-05-17,CHR-15,Chronic Care,20,20,0,16.15,24.5,490,510,0.9608,0.0,-20,Overloaded
2016-05-17,CHR-16,Chronic Care,21,18,3,21.95,25.52,536,510,1.051,0.1429,26,Overloaded
2016-05-17,CHR-17,Chronic Care,21,19,2,16.48,24.29,510,510,1.0,0.0952,0,Overloaded
2016-05-17,CHR-18,Chronic Care,23,18,5,29.13,25.65,590,510,1.1569,0.2174,80,Overloaded
2016-05-17,CHR-19,Chronic Care,14,11,3,14.43,25.14,352,510,0.6902,0.2143,-158,Balanced
2016-05-17,CHR-20,Chronic Care,15,11,4,15.87,25.47,382,510,0.749,0.2667,-128,Balanced
2016-05-17,CHR-21,Chronic Care,19,16,3,18.0,25.58,486,510,0.9529,0.1579,-24,Overloaded
2016-05-17,CHR-22,Chronic Care,22,18,4,22.77,24.73,544,510,1.0667,0.1818,34,Overloaded
2016-05-17,CHR-23,Chronic Care,22,18,4,23.95,25.36,558,510,1.0941,0.1818,48,Overloaded
2016-05-17,CHR-24,Chronic Care,18,16,2,16.89,25.0,450,510,0.8824,0.1111,-60,Balanced
2016-05-17,FM-01,Family Medicine,49,43,6,83.0,17.29,847,540,1.5685,0.1224,307,Overloaded
2016-05-17,FM-02,Family Medicine,41,33,8,50.71,17.2,705,540,1.3056,0.1951,165,Overloaded
2016-05-17,FM-03,Family Medicine,49,38,11,83.35,17.41,853,540,1.5796,0.2245,313,Overloaded
2016-05-17,FM-04,Family Medicine,39,26,13,42.62,17.26,673,540,1.2463,0.3333,133,Overloaded
2016-05-17,FM-05,Family Medicine,46,39,7,71.65,17.48,804,540,1.4889,0.1522,264,Overloaded
2016-05-17,FM-06,Family Medicine,35,30,5,28.17,17.34,607,540,1.1241,0.1429,67,Overloaded
2016-05-17,FM-07,Family Medicine,42,36,6,53.6,17.19,722,540,1.337,0.1429,182,Overloaded
2016-05-17,FM-08,Family Medicine,39,31,8,43.08,17.26,673,540,1.2463,0.2051,133,Overloaded
2016-05-17,FM-09,Family Medicine,47,34,13,74.43,17.34,815,540,1.5093,0.2766,275,Overloaded
2016-05-17,FM-10,Family Medicine,40,24,16,46.28,17.2,688,540,1.2741,0.4,148,Overloaded
2016-05-17,FM-11,Family Medicine,47,40,7,73.66,17.13,805,540,1.4907,0.1489,265,Overloaded
2016-05-17,FM-12,Family Medicine,48,38,10,80.88,17.42,836,540,1.5481,0.2083,296,Overloaded
2016-05-17,FM-13,Family Medicine,40,39,1,45.0,17.1,684,540,1.2667,0.025,144,Overloaded
2016-05-17,FM-14,Family Medicine,46,34,12,70.78,17.26,794,540,1.4704,0.2609,254,Overloaded
2016-05-17,FM-15,Family Medicine,42,30,12,55.02,17.38,730,540,1.3519,0.2857,190,Overloaded
2016-05-17,FM-16,Family Medicine,44,34,10,63.27,17.27,760,540,1.4074,0.2273,220,Overloaded
2016-05-17,FM-17,Family Medicine,46,35,11,70.54,17.3,796,540,1.4741,0.2391,256,Overloaded
2016-05-17,FM-18,Family Medicine,45,37,8,68.76,17.31,779,540,1.4426,0.1778,239,Overloaded
2016-05-17,FM-19,Family Medicine,45,36,9,67.09,17.44,785,540,1.4537,0.2,245,Overloaded
2016-05-17,FM-20,Family Medicine,46,36,10,69.98,17.17,790,540,1.463,0.2174,250,Overloaded
2016-05-17,FM-21,Family Medicine,46,37,9,69.65,17.17,790,540,1.463,0.1957,250,Overloaded
2016-05-17,FM-22,Family Medicine,48,42,6,78.54,17.21,826,540,1.5296,0.125,286,Overloaded
2016-05-17,FM-23,Family Medicine,34,22,12,21.41,17.24,586,540,1.0852,0.3529,46,Overloaded
2016-05-17,FM-24,Family Medicine,48,38,10,80.38,17.33,832,540,1.5407,0.2083,292,Overloaded
2016-05-17,GER-01,Geriatrics,24,20,4,48.29,32.25,774,480,1.6125,0.1667,294,Overloaded
2016-05-17,GER-02,Geriatrics,25,22,3,55.6,32.92,823,480,1.7146,0.12,343,Overloaded
2016-05-17,GER-03,Geriatrics,18,17,1,23.22,31.67,570,480,1.1875,0.0556,90,Overloaded
2016-05-17,GER-04,Geriatrics,26,25,1,60.81,33.23,864,480,1.8,0.0385,384,Overloaded
2016-05-17,GER-05,Geriatrics,25,21,4,49.24,30.84,771,480,1.6062,0.16,291,Overloaded
2016-05-17,GER-06,Geriatrics,31,28,3,79.68,32.74,1015,480,2.1146,0.0968,535,Overloaded
2016-05-17,GER-07,Geriatrics,21,16,5,37.57,32.33,679,480,1.4146,0.2381,199,Overloaded
2016-05-17,GER-08,Geriatrics,24,20,4,52.88,32.92,790,480,1.6458,0.1667,310,Overloaded
2016-05-17,GER-09,Geriatrics,15,12,3,17.2,33.0,495,480,1.0312,0.2,15,Overloaded
2016-05-17,GER-10,Geriatrics,16,14,2,19.62,31.75,508,480,1.0583,0.125,28,Overloaded
2016-05-17,GER-11,Geriatrics,15,13,2,16.93,32.87,493,480,1.0271,0.1333,13,Overloaded
2016-05-17,GER-12,Geriatrics,24,19,5,51.5,33.08,794,480,1.6542,0.2083,314,Overloaded
2016-05-17,GER-13,Geriatrics,26,25,1,57.27,32.23,838,480,1.7458,0.0385,358,Overloaded
2016-05-17,GER-14,Geriatrics,25,21,4,55.6,33.16,829,480,1.7271,0.16,349,Overloaded
2016-05-17,GER-15,Geriatrics,15,12,3,17.87,33.13,497,480,1.0354,0.2,17,Overloaded
2016-05-17,GER-16,Geriatrics,23,20,3,48.78,33.35,767,480,1.5979,0.1304,287,Overloaded
2016-05-17,GER-17,Geriatrics,27,18,9,61.7,32.26,871,480,1.8146,0.3333,391,Overloaded
2016-05-17,GER-18,Geriatrics,16,16,0,21.81,33.0,528,480,1.1,0.0,48,Overloaded
2016-05-17,GER-19,Geriatrics,27,23,4,62.0,32.33,873,480,1.8188,0.1481,393,Overloaded
2016-05-17,GER-20,Geriatrics,16,16,0,22.75,33.38,534,480,1.1125,0.0,54,Overloaded
2016-05-17,GER-21,Geriatrics,23,18,5,46.13,32.57,749,480,1.5604,0.2174,269,Overloaded
2016-05-17,GER-22,Geriatrics,21,18,3,39.86,32.43,681,480,1.4188,0.1429,201,Overloaded
2016-05-17,GER-23,Geriatrics,20,15,5,30.7,31.7,634,480,1.3208,0.25,154,Overloaded
2016-05-17,GER-24,Geriatrics,20,19,1,35.0,32.5,650,480,1.3542,0.05,170,Overloaded
2016-05-17,PED-01,Pediatrics,36,30,6,14.5,15.25,549,540,1.0167,0.1667,9,Overloaded
2016-05-17,PED-02,Pediatrics,44,33,11,46.59,15.14,666,540,1.2333,0.25,126,Overloaded
2016-05-17,PED-03,Pediatrics,45,38,7,49.29,15.13,681,540,1.2611,0.1556,141,Overloaded
2016-05-17,PED-04,Pediatrics,37,31,6,19.86,15.27,565,540,1.0463,0.1622,25,Overloaded
2016-05-17,PED-05,Pediatrics,45,32,13,50.29,15.27,687,540,1.2722,0.2889,147,Overloaded
2016-05-17,PED-06,Pediatrics,43,28,15,42.7,15.23,655,540,1.213,0.3488,115,Overloaded
2016-05-17,PED-07,Pediatrics,39,29,10,25.97,15.23,594,540,1.1,0.2564,54,Overloaded
2016-05-17,PED-08,Pediatrics,35,26,9,14.14,15.06,527,540,0.9759,0.2571,-13,Overloaded
2016-05-17,PED-09,Pediatrics,57,45,12,94.68,15.12,862,540,1.5963,0.2105,322,Overloaded
2016-05-17,PED-10,Pediatrics,40,27,13,31.15,15.22,609,540,1.1278,0.325,69,Overloaded
2016-05-17,PED-11,Pediatrics,42,34,8,37.17,15.14,636,540,1.1778,0.1905,96,Overloaded
2016-05-17,PED-12,Pediatrics,49,41,8,67.06,15.18,744,540,1.3778,0.1633,204,Overloaded
2016-05-17,PED-13,Pediatrics,46,33,13,53.39,15.15,697,540,1.2907,0.2826,157,Overloaded
2016-05-17,PED-14,Pediatrics,30,21,9,13.33,15.4,462,540,0.8556,0.3,-78,Balanced
2016-05-17,PED-15,Pediatrics,40,29,11,30.82,15.35,614,540,1.137,0.275,74,Overloaded
2016-05-17,PED-16,Pediatrics,55,45,10,89.87,15.18,835,540,1.5463,0.1818,295,Overloaded
2016-05-17,PED-17,Pediatrics,40,32,8,28.72,15.15,606,540,1.1222,0.2,66,Overloaded
2016-05-17,PED-18,Pediatrics,42,33,9,38.86,15.21,639,540,1.1833,0.2143,99,Overloaded
2016-05-17,PED-19,Pediatrics,48,40,8,62.0,15.15,727,540,1.3463,0.1667,187,Overloaded
2016-05-17,PED-20,Pediatrics,49,42,7,67.04,15.18,744,540,1.3778,0.1429,204,Overloaded
2016-05-17,PED-21,Pediatrics,50,35,15,70.92,15.3,765,540,1.4167,0.3,225,Overloaded
2016-05-17,PED-22,Pediatrics,35,21,14,13.97,15.23,533,540,0.987,0.4,-7,Overloaded
2016-05-17,PED-23,Pediatrics,53,44,9,80.89,15.11,801,540,1.4833,0.1698,261,Overloaded
2016-05-17,PED-24,Pediatrics,43,32,11,42.88,15.21,654,540,1.2111,0.2558,114,Overloaded
2016-05-17,REH-01,Rehabilitation,1,0,1,16.0,43.0,43,450,0.0956,1.0,-407,Underused
2016-05-17,REH-02,Rehabilitation,4,4,0,18.0,37.5,150,450,0.3333,0.0,-300,Underused
2016-05-17,REH-03,Rehabilitation,4,3,1,16.5,32.5,130,450,0.2889,0.25,-320,Underused
2016-05-17,REH-04,Rehabilitation,2,2,0,16.0,36.5,73,450,0.1622,0.0,-377,Underused
2016-05-17,REH-05,Rehabilitation,5,4,1,16.0,36.0,180,450,0.4,0.2,-270,Underused
2016-05-17,REH-06,Rehabilitation,3,3,0,21.67,42.0,126,450,0.28,0.0,-324,Underused
2016-05-17,REH-07,Rehabilitation,6,5,1,17.5,33.67,202,450,0.4489,0.1667,-248,Underused
2016-05-17,REH-08,Rehabilitation,8,5,3,19.88,36.0,288,450,0.64,0.375,-162,Balanced
2016-05-17,REH-09,Rehabilitation,2,2,0,17.5,35.0,70,450,0.1556,0.0,-380,Underused
2016-05-17,REH-10,Rehabilitation,1,1,0,16.0,32.0,32,450,0.0711,0.0,-418,Underused
2016-05-17,REH-11,Rehabilitation,2,2,0,21.5,36.0,72,450,0.16,0.0,-378,Underused
2016-05-17,REH-12,Rehabilitation,4,4,0,17.0,32.5,130,450,0.2889,0.0,-320,Underused
2016-05-17,REH-13,Rehabilitation,4,2,2,18.25,37.0,148,450,0.3289,0.5,-302,Underused
2016-05-17,REH-14,Rehabilitation,1,1,0,24.0,41.0,41,450,0.0911,0.0,-409,Underused
2016-05-17,REH-15,Rehabilitation,5,5,0,17.0,34.2,171,450,0.38,0.0,-279,Underused
2016-05-17,REH-16,Rehabilitation,4,4,0,16.25,33.0,132,450,0.2933,0.0,-318,Underused
2016-05-17,REH-17,Rehabilitation,4,4,0,17.5,35.75,143,450,0.3178,0.0,-307,Underused
2016-05-17,REH-18,Rehabilitation,3,2,1,19.33,34.33,103,450,0.2289,0.3333,-347,Underused
2016-05-17,REH-19,Rehabilitation,9,7,2,19.22,37.11,334,450,0.7422,0.2222,-116,Balanced
2016-05-17,REH-20,Rehabilitation,4,3,1,17.25,36.75,147,450,0.3267,0.25,-303,Underused
2016-05-17,REH-21,Rehabilitation,3,1,2,21.33,34.67,104,450,0.2311,0.6667,-346,Underused
2016-05-17,REH-22,Rehabilitation,5,5,0,18.2,37.4,187,450,0.4156,0.0,-263,Underused
2016-05-17,REH-23,Rehabilitation,3,2,1,16.0,34.67,104,450,0.2311,0.3333,-346,Underused
2016-05-17,REH-24,Rehabilitation,5,5,0,16.6,37.8,189,450,0.42,0.0,-261,Underused
2016-05-17,WH-01,Women's Health,51,44,7,94.71,18.55,946,540,1.7519,0.1373,406,Overloaded
2016-05-17,WH-02,Women's Health,44,34,10,71.11,18.36,808,540,1.4963,0.2273,268,Overloaded
2016-05-17,WH-03,Women's Health,43,32,11,68.79,18.84,810,540,1.5,0.2558,270,Overloaded
2016-05-17,WH-04,Women's Health,42,30,12,63.9,18.52,778,540,1.4407,0.2857,238,Overloaded
2016-05-17,WH-05,Women's Health,54,40,14,95.0,18.33,990,540,1.8333,0.2593,450,Overloaded
2016-05-17,WH-06,Women's Health,41,25,16,60.02,18.49,758,540,1.4037,0.3902,218,Overloaded
2016-05-17,WH-07,Women's Health,51,40,11,94.73,18.39,938,540,1.737,0.2157,398,Overloaded
2016-05-17,WH-08,Women's Health,49,36,13,90.63,18.65,914,540,1.6926,0.2653,374,Overloaded
2016-05-17,WH-09,Women's Health,46,34,12,79.2,18.52,852,540,1.5778,0.2609,312,Overloaded
2016-05-17,WH-10,Women's Health,45,37,8,74.76,18.31,824,540,1.5259,0.1778,284,Overloaded
2016-05-17,WH-11,Women's Health,57,48,9,95.0,18.49,1054,540,1.9519,0.1579,514,Overloaded
2016-05-17,WH-12,Women's Health,49,34,15,89.94,18.53,908,540,1.6815,0.3061,368,Overloaded
2016-05-17,WH-13,Women's Health,57,39,18,95.0,18.49,1054,540,1.9519,0.3158,514,Overloaded
2016-05-17,WH-14,Women's Health,49,36,13,90.49,18.45,904,540,1.6741,0.2653,364,Overloaded
2016-05-17,WH-15,Women's Health,41,34,7,58.95,18.49,758,540,1.4037,0.1707,218,Overloaded
2016-05-17,WH-16,Women's Health,45,34,11,75.78,18.31,824,540,1.5259,0.2444,284,Overloaded
2016-05-17,WH-17,Women's Health,37,30,7,42.19,18.38,680,540,1.2593,0.1892,140,Overloaded
2016-05-17,WH-18,Women's Health,39,30,9,50.95,18.36,716,540,1.3259,0.2308,176,Overloaded
2016-05-17,WH-19,Women's Health,49,36,13,89.37,18.29,896,540,1.6593,0.2653,356,Overloaded
2016-05-17,WH-20,Women's Health,47,39,8,84.17,18.55,872,540,1.6148,0.1702,332,Overloaded
2016-05-17,WH-21,Women's Health,39,28,11,49.74,18.26,712,540,1.3185,0.2821,172,Overloaded
2016-05-17,WH-22,Women's Health,40,32,8,56.25,18.5,740,540,1.3704,0.2,200,Overloaded
2016-05-17,WH-23,Women's Health,36,27,9,39.53,18.56,668,540,1.237,0.25,128,Overloaded
2016-05-17,WH-24,Women's Health,44,33,11,71.57,18.27,804,540,1.4889,0.25,264,Overloaded
2016-05-18,BH-01,Behavioral Health,3,2,1,16.67,26.0,78,480,0.1625,0.3333,-402,Underused
2016-05-18,BH-02,Behavioral Health,6,6,0,17.33,28.33,170,480,0.3542,0.0,-310,Underused
2016-05-18,BH-03,Behavioral Health,5,5,0,17.0,30.0,150,480,0.3125,0.0,-330,Underused
2016-05-18,BH-04,Behavioral Health,6,4,2,17.0,27.67,166,480,0.3458,0.3333,-314,Underused
2016-05-18,BH-05,Behavioral Health,5,4,1,16.4,27.6,138,480,0.2875,0.2,-342,Underused
2016-05-18,BH-06,Behavioral Health,5,5,0,17.6,28.4,142,480,0.2958,0.0,-338,Underused
2016-05-18,BH-07,Behavioral Health,4,4,0,17.25,27.5,110,480,0.2292,0.0,-370,Underused
2016-05-18,BH-08,Behavioral Health,5,5,0,15.8,26.4,132,480,0.275,0.0,-348,Underused
2016-05-18,BH-09,Behavioral Health,4,4,0,15.25,26.0,104,480,0.2167,0.0,-376,Underused
2016-05-18,BH-10,Behavioral Health,7,5,2,18.57,30.29,212,480,0.4417,0.2857,-268,Underused
2016-05-18,BH-11,Behavioral Health,2,2,0,20.0,28.0,56,480,0.1167,0.0,-424,Underused
2016-05-18,BH-12,Behavioral Health,5,3,2,17.2,28.4,142,480,0.2958,0.4,-338,Underused
2016-05-18,BH-13,Behavioral Health,3,2,1,14.0,26.0,78,480,0.1625,0.3333,-402,Underused
2016-05-18,BH-14,Behavioral Health,6,5,1,17.83,29.67,178,480,0.3708,0.1667,-302,Underused
2016-05-18,BH-15,Behavioral Health,4,1,3,15.75,28.0,112,480,0.2333,0.75,-368,Underused
2016-05-18,BH-16,Behavioral Health,6,6,0,17.67,27.0,162,480,0.3375,0.0,-318,Underused
2016-05-18,BH-17,Behavioral Health,5,4,1,16.4,28.8,144,480,0.3,0.2,-336,Underused
2016-05-18,BH-18,Behavioral Health,3,2,1,15.0,28.67,86,480,0.1792,0.3333,-394,Underused
2016-05-18,BH-19,Behavioral Health,6,4,2,17.33,27.33,164,480,0.3417,0.3333,-316,Underused
2016-05-18,BH-20,Behavioral Health,6,5,1,20.0,30.67,184,480,0.3833,0.1667,-296,Underused
2016-05-18,BH-21,Behavioral Health,4,4,0,20.5,28.0,112,480,0.2333,0.0,-368,Underused
2016-05-18,BH-22,Behavioral Health,3,2,1,16.67,27.33,82,480,0.1708,0.3333,-398,Underused
2016-05-18,BH-23,Behavioral Health,1,1,0,16.0,26.0,26,480,0.0542,0.0,-454,Underused
2016-05-18,BH-24,Behavioral Health,7,4,3,17.29,27.43,192,480,0.4,0.4286,-288,Underused
2016-05-18,CHR-01,Chronic Care,18,13,5,16.17,25.33,456,510,0.8941,0.2778,-54,Balanced
2016-05-18,CHR-02,Chronic Care,29,26,3,50.72,25.03,726,510,1.4235,0.1034,216,Overloaded
2016-05-18,CHR-03,Chronic Care,20,15,5,16.95,24.8,496,510,0.9725,0.25,-14,Overloaded
2016-05-18,CHR-04,Chronic Care,27,22,5,45.59,25.78,696,510,1.3647,0.1852,186,Overloaded
2016-05-18,CHR-05,Chronic Care,18,16,2,16.94,25.44,458,510,0.898,0.1111,-52,Balanced
2016-05-18,CHR-06,Chronic Care,24,18,6,32.17,25.08,602,510,1.1804,0.25,92,Overloaded
2016-05-18,CHR-07,Chronic Care,25,18,7,37.92,26.16,654,510,1.2824,0.28,144,Overloaded
2016-05-18,CHR-08,Chronic Care,25,23,2,36.64,25.36,634,510,1.2431,0.08,124,Overloaded
2016-05-18,CHR-09,Chronic Care,27,19,8,42.48,25.26,682,510,1.3373,0.2963,172,Overloaded
2016-05-18,CHR-10,Chronic Care,21,16,5,20.76,25.81,542,510,1.0627,0.2381,32,Overloaded
2016-05-18,CHR-11,Chronic Care,16,13,3,14.81,25.5,408,510,0.8,0.1875,-102,Balanced
2016-05-18,CHR-12,Chronic Care,19,17,2,17.47,25.37,482,510,0.9451,0.1053,-28,Overloaded
2016-05-18,CHR-13,Chronic Care,13,10,3,15.0,25.38,330,510,0.6471,0.2308,-180,Balanced
2016-05-18,CHR-14,Chronic Care,21,14,7,19.05,25.24,530,510,1.0392,0.3333,20,Overloaded
2016-05-18,CHR-15,Chronic Care,32,28,4,64.44,25.31,810,510,1.5882,0.125,300,Overloaded
2016-05-18,CHR-16,Chronic Care,21,19,2,22.67,25.81,542,510,1.0627,0.0952,32,Overloaded
2016-05-18,CHR-17,Chronic Care,23,18,5,27.13,25.04,576,510,1.1294,0.2174,66,Overloaded
2016-05-18,CHR-18,Chronic Care,21,18,3,20.9,25.24,530,510,1.0392,0.1429,20,Overloaded
2016-05-18,CHR-19,Chronic Care,19,16,3,17.05,25.05,476,510,0.9333,0.1579,-34,Overloaded
2016-05-18,CHR-20,Chronic Care,20,14,6,20.05,25.9,518,510,1.0157,0.3,8,Overloaded
2016-05-18,CHR-21,Chronic Care,24,20,4,31.83,25.58,614,510,1.2039,0.1667,104,Overloaded
2016-05-18,CHR-22,Chronic Care,12,9,3,16.83,24.83,298,510,0.5843,0.25,-212,Underused
2016-05-18,CHR-23,Chronic Care,23,18,5,29.09,25.91,596,510,1.1686,0.2174,86,Overloaded
2016-05-18,CHR-24,Chronic Care,21,18,3,23.33,25.9,544,510,1.0667,0.1429,34,Overloaded
2016-05-18,FM-01,Family Medicine,46,37,9,70.17,17.17,790,540,1.463,0.1957,250,Overloaded
2016-05-18,FM-02,Family Medicine,34,27,7,24.0,17.29,588,540,1.0889,0.2059,48,Overloaded
2016-05-18,FM-03,Family Medicine,44,36,8,63.5,17.45,768,540,1.4222,0.1818,228,Overloaded
2016-05-18,FM-04,Family Medicine,48,40,8,79.17,17.25,828,540,1.5333,0.1667,288,Overloaded
2016-05-18,FM-05,Family Medicine,40,26,14,47.08,17.35,694,540,1.2852,0.35,154,Overloaded
2016-05-18,FM-06,Family Medicine,56,43,13,95.0,17.29,968,540,1.7926,0.2321,428,Overloaded
2016-05-18,FM-07,Family Medicine,55,50,5,95.0,17.22,947,540,1.7537,0.0909,407,Overloaded
2016-05-18,FM-08,Family Medicine,43,39,4,59.88,17.28,743,540,1.3759,0.093,203,Overloaded
2016-05-18,FM-09,Family Medicine,45,36,9,66.89,17.31,779,540,1.4426,0.2,239,Overloaded
2016-05-18,FM-10,Family Medicine,49,43,6,83.39,17.29,847,540,1.5685,0.1224,307,Overloaded
2016-05-18,FM-11,Family Medicine,44,37,7,62.25,17.18,756,540,1.4,0.1591,216,Overloaded
2016-05-18,FM-12,Family Medicine,45,35,10,68.04,17.31,779,540,1.4426,0.2222,239,Overloaded
2016-05-18,FM-13,Family Medicine,36,28,8,31.31,17.44,628,540,1.163,0.2222,88,Overloaded
2016-05-18,FM-14,Family Medicine,47,41,6,74.64,17.3,813,540,1.5056,0.1277,273,Overloaded
2016-05-18,FM-15,Family Medicine,45,40,5,66.6,17.36,781,540,1.4463,0.1111,241,Overloaded
2016-05-18,FM-16,Family Medicine,36,23,13,31.25,17.33,624,540,1.1556,0.3611,84,Overloaded
2016-05-18,FM-17,Family Medicine,35,29,6,27.4,17.4,609,540,1.1278,0.1714,69,Overloaded
2016-05-18,FM-18,Family Medicine,46,39,7,70.52,17.13,788,540,1.4593,0.1522,248,Overloaded
2016-05-18,FM-19,Family Medicine,35,29,6,26.66,17.17,601,540,1.113,0.1714,61,Overloaded
2016-05-18,FM-20,Family Medicine,39,37,2,44.67,17.46,681,540,1.2611,0.0513,141,Overloaded
2016-05-18,FM-21,Family Medicine,42,40,2,54.26,17.19,722,540,1.337,0.0476,182,Overloaded
2016-05-18,FM-22,Family Medicine,52,41,11,93.54,17.31,900,540,1.6667,0.2115,360,Overloaded
2016-05-18,FM-23,Family Medicine,34,31,3,22.29,17.18,584,540,1.0815,0.0882,44,Overloaded
2016-05-18,FM-24,Family Medicine,47,34,13,75.47,17.3,813,540,1.5056,0.2766,273,Overloaded
2016-05-18,GER-01,Geriatrics,20,18,2,32.95,32.3,646,480,1.3458,0.1,166,Overloaded
2016-05-18,GER-02,Geriatrics,19,16,3,31.0,32.47,617,480,1.2854,0.1579,137,Overloaded
2016-05-18,GER-03,Geriatrics,20,16,4,32.55,32.3,646,480,1.3458,0.2,166,Overloaded
2016-05-18,GER-04,Geriatrics,23,19,4,48.09,32.74,753,480,1.5688,0.1739,273,Overloaded
2016-05-18,GER-05,Geriatrics,21,18,3,39.9,33.0,693,480,1.4438,0.1429,213,Overloaded
2016-05-18,GER-06,Geriatrics,21,15,6,40.86,33.57,705,480,1.4688,0.2857,225,Overloaded
2016-05-18,GER-07,Geriatrics,24,19,5,47.83,32.17,772,480,1.6083,0.2083,292,Overloaded
2016-05-18,GER-08,Geriatrics,21,17,4,35.71,31.76,667,480,1.3896,0.1905,187,Overloaded
2016-05-18,GER-09,Geriatrics,25,19,6,52.8,32.28,807,480,1.6812,0.24,327,Overloaded
2016-05-18,GER-10,Geriatrics,26,20,6,59.38,32.54,846,480,1.7625,0.2308,366,Overloaded
2016-05-18,GER-11,Geriatrics,21,19,2,37.81,32.43,681,480,1.4188,0.0952,201,Overloaded
2016-05-18,GER-12,Geriatrics,18,16,2,28.5,33.44,602,480,1.2542,0.1111,122,Overloaded
2016-05-18,GER-13,Geriatrics,19,19,0,29.0,32.47,617,480,1.2854,0.0,137,Overloaded
2016-05-18,GER-14,Geriatrics,12,11,1,14.25,32.5,390,480,0.8125,0.0833,-90,Balanced
2016-05-18,GER-15,Geriatrics,24,21,3,49.46,32.5,780,480,1.625,0.125,300,Overloaded
2016-05-18,GER-16,Geriatrics,18,15,3,29.28,33.22,598,480,1.2458,0.1667,118,Overloaded
2016-05-18,GER-17,Geriatrics,18,16,2,24.83,32.22,580,480,1.2083,0.1111,100,Overloaded
2016-05-18,GER-18,Geriatrics,24,23,1,51.25,32.42,778,480,1.6208,0.0417,298,Overloaded
2016-05-18,GER-19,Geriatrics,14,12,2,14.5,31.86,446,480,0.9292,0.1429,-34,Overloaded
2016-05-18,GER-20,Geriatrics,25,21,4,52.52,31.56,789,480,1.6438,0.16,309,Overloaded
2016-05-18,GER-21,Geriatrics,20,19,1,35.8,33.5,670,480,1.3958,0.05,190,Overloaded
2016-05-18,GER-22,Geriatrics,21,19,2,39.24,32.52,683,480,1.4229,0.0952,203,Overloaded
2016-05-18,GER-23,Geriatrics,19,18,1,29.79,32.68,621,480,1.2938,0.0526,141,Overloaded
2016-05-18,GER-24,Geriatrics,32,24,8,81.44,32.44,1038,480,2.1625,0.25,558,Overloaded
2016-05-18,PED-01,Pediatrics,40,34,6,29.48,15.2,608,540,1.1259,0.15,68,Overloaded
2016-05-18,PED-02,Pediatrics,51,42,9,75.82,15.27,779,540,1.4426,0.1765,239,Overloaded
2016-05-18,PED-03,Pediatrics,49,37,12,65.55,15.16,743,540,1.3759,0.2449,203,Overloaded
2016-05-18,PED-04,Pediatrics,52,37,15,79.35,15.25,793,540,1.4685,0.2885,253,Overloaded
2016-05-18,PED-05,Pediatrics,44,31,13,46.77,15.3,673,540,1.2463,0.2955,133,Overloaded
2016-05-18,PED-06,Pediatrics,47,37,10,59.62,15.17,713,540,1.3204,0.2128,173,Overloaded
2016-05-18,PED-07,Pediatrics,52,44,8,77.02,15.08,784,540,1.4519,0.1538,244,Overloaded
2016-05-18,PED-08,Pediatrics,50,37,13,71.54,15.22,761,540,1.4093,0.26,221,Overloaded
2016-05-18,PED-09,Pediatrics,42,31,11,37.9,15.24,640,540,1.1852,0.2619,100,Overloaded
2016-05-18,PED-10,Pediatrics,39,30,9,26.1,15.18,592,540,1.0963,0.2308,52,Overloaded
2016-05-18,PED-11,Pediatrics,45,40,5,50.38,15.18,683,540,1.2648,0.1111,143,Overloaded
2016-05-18,PED-12,Pediatrics,40,34,6,31.98,15.35,614,540,1.137,0.15,74,Overloaded
2016-05-18,PED-13,Pediatrics,48,38,10,62.04,15.23,731,540,1.3537,0.2083,191,Overloaded
2016-05-18,PED-14,Pediatrics,51,37,14,75.82,15.33,782,540,1.4481,0.2745,242,Overloaded
2016-05-18,PED-15,Pediatrics,53,35,18,81.51,15.19,805,540,1.4907,0.3396,265,Overloaded
2016-05-18,PED-16,Pediatrics,44,32,12,47.5,15.2,669,540,1.2389,0.2727,129,Overloaded
2016-05-18,PED-17,Pediatrics,44,36,8,45.68,15.14,666,540,1.2333,0.1818,126,Overloaded
2016-05-18,PED-18,Pediatrics,41,30,11,33.63,15.1,619,540,1.1463,0.2683,79,Overloaded
2016-05-18,PED-19,Pediatrics,41,36,5,33.29,15.15,621,540,1.15,0.122,81,Overloaded
2016-05-18,PED-20,Pediatrics,53,39,14,83.4,15.25,808,540,1.4963,0.2642,268,Overloaded
2016-05-18,PED-21,Pediatrics,43,28,15,41.67,15.21,654,540,1.2111,0.3488,114,Overloaded
2016-05-18,PED-22,Pediatrics,42,31,11,39.52,15.19,638,540,1.1815,0.2619,98,Overloaded
2016-05-18,PED-23,Pediatrics,43,33,10,41.77,15.19,653,540,1.2093,0.2326,113,Overloaded
2016-05-18,PED-24,Pediatrics,40,34,6,30.92,15.22,609,540,1.1278,0.15,69,Overloaded
2016-05-18,REH-01,Rehabilitation,2,1,1,14.5,34.0,68,450,0.1511,0.5,-382,Underused
2016-05-18,REH-02,Rehabilitation,4,4,0,19.75,34.5,138,450,0.3067,0.0,-312,Underused
2016-05-18,REH-03,Rehabilitation,1,0,1,21.0,41.0,41,450,0.0911,1.0,-409,Underused
2016-05-18,REH-04,Rehabilitation,5,4,1,17.8,37.0,185,450,0.4111,0.2,-265,Underused
2016-05-18,REH-05,Rehabilitation,2,1,1,19.0,43.5,87,450,0.1933,0.5,-363,Underused
2016-05-18,REH-06,Rehabilitation,3,3,0,20.33,37.67,113,450,0.2511,0.0,-337,Underused
2016-05-18,REH-07,Rehabilitation,2,2,0,17.0,32.0,64,450,0.1422,0.0,-386,Underused
2016-05-18,REH-08,Rehabilitation,3,3,0,19.33,35.67,107,450,0.2378,0.0,-343,Underused
2016-05-18,REH-09,Rehabilitation,4,3,1,14.5,35.25,141,450,0.3133,0.25,-309,Underused
2016-05-18,REH-10,Rehabilitation,4,2,2,18.5,36.5,146,450,0.3244,0.5,-304,Underused
2016-05-18,REH-11,Rehabilitation,1,1,0,13.0,37.0,37,450,0.0822,0.0,-413,Underused
2016-05-18,REH-12,Rehabilitation,4,4,0,16.5,36.0,144,450,0.32,0.0,-306,Underused
2016-05-18,REH-13,Rehabilitation,2,2,0,16.0,39.5,79,450,0.1756,0.0,-371,Underused
2016-05-18,REH-14,Rehabilitation,3,2,1,19.33,34.33,103,450,0.2289,0.3333,-347,Underused
2016-05-18,REH-15,Rehabilitation,2,2,0,19.0,43.0,86,450,0.1911,0.0,-364,Underused
2016-05-18,REH-16,Rehabilitation,5,5,0,17.4,32.0,160,450,0.3556,0.0,-290,Underused
2016-05-18,REH-17,Rehabilitation,4,4,0,18.25,38.5,154,450,0.3422,0.0,-296,Underused
2016-05-18,REH-18,Rehabilitation,6,2,4,16.17,34.67,208,450,0.4622,0.6667,-242,Underused
2016-05-18,REH-19,Rehabilitation,1,1,0,24.0,45.0,45,450,0.1,0.0,-405,Underused
2016-05-18,REH-20,Rehabilitation,2,2,0,17.5,41.0,82,450,0.1822,0.0,-368,Underused
2016-05-18,REH-21,Rehabilitation,2,2,0,16.0,38.5,77,450,0.1711,0.0,-373,Underused
2016-05-18,REH-22,Rehabilitation,3,3,0,18.33,35.0,105,450,0.2333,0.0,-345,Underused
2016-05-18,REH-23,Rehabilitation,2,1,1,16.0,35.0,70,450,0.1556,0.5,-380,Underused
2016-05-18,REH-24,Rehabilitation,6,4,2,20.33,37.67,226,450,0.5022,0.3333,-224,Underused
2016-05-18,WH-01,Women's Health,46,37,9,77.89,18.26,840,540,1.5556,0.1957,300,Overloaded
2016-05-18,WH-02,Women's Health,43,36,7,68.26,18.65,802,540,1.4852,0.1628,262,Overloaded
2016-05-18,WH-03,Women's Health,38,29,9,47.05,18.53,704,540,1.3037,0.2368,164,Overloaded
2016-05-18,WH-04,Women's Health,46,36,10,79.33,18.52,852,540,1.5778,0.2174,312,Overloaded
2016-05-18,WH-05,Women's Health,53,41,12,95.0,18.45,978,540,1.8111,0.2264,438,Overloaded
2016-05-18,WH-06,Women's Health,40,29,11,56.92,18.65,746,540,1.3815,0.275,206,Overloaded
2016-05-18,WH-07,Women's Health,38,34,4,48.79,18.74,712,540,1.3185,0.1053,172,Overloaded
2016-05-18,WH-08,Women's Health,49,34,15,90.76,18.57,910,540,1.6852,0.3061,370,Overloaded
2016-05-18,WH-09,Women's Health,52,39,13,95.0,18.27,950,540,1.7593,0.25,410,Overloaded
2016-05-18,WH-10,Women's Health,45,32,13,75.29,18.36,826,540,1.5296,0.2889,286,Overloaded
2016-05-18,WH-11,Women's Health,43,33,10,66.26,18.28,786,540,1.4556,0.2326,246,Overloaded
2016-05-18,WH-12,Women's Health,42,33,9,64.74,18.57,780,540,1.4444,0.2143,240,Overloaded
2016-05-18,WH-13,Women's Health,34,26,8,30.5,18.47,628,540,1.163,0.2353,88,Overloaded
2016-05-18,WH-14,Women's Health,38,27,11,49.08,18.68,710,540,1.3148,0.2895,170,Overloaded
2016-05-18,WH-15,Women's Health,44,27,17,71.3,18.59,818,540,1.5148,0.3864,278,Overloaded
2016-05-18,WH-16,Women's Health,54,41,13,95.0,18.56,1002,540,1.8556,0.2407,462,Overloaded
2016-05-18,WH-17,Women's Health,40,30,10,55.78,18.6,744,540,1.3778,0.25,204,Overloaded
2016-05-18,WH-18,Women's Health,47,38,9,83.38,18.38,864,540,1.6,0.1915,324,Overloaded
2016-05-18,WH-19,Women's Health,44,33,11,71.0,18.5,814,540,1.5074,0.25,274,Overloaded
2016-05-18,WH-20,Women's Health,42,31,11,63.69,18.24,766,540,1.4185,0.2619,226,Overloaded
2016-05-18,WH-21,Women's Health,35,28,7,34.91,18.51,648,540,1.2,0.2,108,Overloaded
2016-05-18,WH-22,Women's Health,47,37,10,83.55,18.38,864,540,1.6,0.2128,324,Overloaded
2016-05-18,WH-23,Women's Health,37,32,5,43.7,18.38,680,540,1.2593,0.1351,140,Overloaded
2016-05-18,WH-24,Women's Health,31,21,10,19.71,18.52,574,540,1.063,0.3226,34,Overloaded
2016-05-19,BH-01,Behavioral Health,1,1,0,18.0,26.0,26,480,0.0542,0.0,-454,Underused
2016-05-19,BH-02,Behavioral Health,4,3,1,20.0,29.5,118,480,0.2458,0.25,-362,Underused
2016-05-19,BH-03,Behavioral Health,5,5,0,16.4,28.0,140,480,0.2917,0.0,-340,Underused
2016-05-19,BH-04,Behavioral Health,6,5,1,17.5,27.0,162,480,0.3375,0.1667,-318,Underused
2016-05-19,BH-05,Behavioral Health,5,2,3,15.4,28.0,140,480,0.2917,0.6,-340,Underused
2016-05-19,BH-06,Behavioral Health,7,4,3,19.71,27.71,194,480,0.4042,0.4286,-286,Underused
2016-05-19,BH-07,Behavioral Health,2,2,0,17.0,26.0,52,480,0.1083,0.0,-428,Underused
2016-05-19,BH-08,Behavioral Health,4,4,0,21.25,29.0,116,480,0.2417,0.0,-364,Underused
2016-05-19,BH-09,Behavioral Health,4,4,0,16.5,26.0,104,480,0.2167,0.0,-376,Underused
2016-05-19,BH-10,Behavioral Health,4,2,2,19.0,28.0,112,480,0.2333,0.5,-368,Underused
2016-05-19,BH-11,Behavioral Health,6,6,0,16.83,28.33,170,480,0.3542,0.0,-310,Underused
2016-05-19,BH-12,Behavioral Health,1,1,0,16.0,26.0,26,480,0.0542,0.0,-454,Underused
2016-05-19,BH-13,Behavioral Health,4,3,1,16.25,26.0,104,480,0.2167,0.25,-376,Underused
2016-05-19,BH-14,Behavioral Health,5,4,1,21.2,30.8,154,480,0.3208,0.2,-326,Underused
2016-05-19,BH-15,Behavioral Health,5,3,2,16.4,28.0,140,480,0.2917,0.4,-340,Underused
2016-05-19,BH-16,Behavioral Health,2,1,1,20.0,31.0,62,480,0.1292,0.5,-418,Underused
2016-05-19,BH-17,Behavioral Health,6,5,1,17.17,28.0,168,480,0.35,0.1667,-312,Underused
2016-05-19,BH-18,Behavioral Health,2,1,1,19.5,27.0,54,480,0.1125,0.5,-426,Underused
2016-05-19,BH-19,Behavioral Health,6,5,1,18.17,27.33,164,480,0.3417,0.1667,-316,Underused
2016-05-19,BH-20,Behavioral Health,5,4,1,16.0,27.6,138,480,0.2875,0.2,-342,Underused
2016-05-19,BH-21,Behavioral Health,4,4,0,16.75,30.0,120,480,0.25,0.0,-360,Underused
2016-05-19,BH-22,Behavioral Health,5,3,2,19.8,28.0,140,480,0.2917,0.4,-340,Underused
2016-05-19,BH-23,Behavioral Health,5,5,0,16.0,27.6,138,480,0.2875,0.0,-342,Underused
2016-05-19,BH-24,Behavioral Health,5,4,1,17.0,29.6,148,480,0.3083,0.2,-332,Underused
2016-05-19,CHR-01,Chronic Care,24,20,4,31.62,25.67,616,510,1.2078,0.1667,106,Overloaded
2016-05-19,CHR-02,Chronic Care,10,6,4,16.5,25.8,258,510,0.5059,0.4,-252,Underused
2016-05-19,CHR-03,Chronic Care,28,20,8,46.25,25.14,704,510,1.3804,0.2857,194,Overloaded
2016-05-19,CHR-04,Chronic Care,22,17,5,23.45,24.82,546,510,1.0706,0.2273,36,Overloaded
2016-05-19,CHR-05,Chronic Care,22,17,5,22.82,25.45,560,510,1.098,0.2273,50,Overloaded
2016-05-19,CHR-06,Chronic Care,21,17,4,18.71,25.24,530,510,1.0392,0.1905,20,Overloaded
2016-05-19,CHR-07,Chronic Care,16,14,2,16.0,24.88,398,510,0.7804,0.125,-112,Balanced
2016-05-19,CHR-08,Chronic Care,19,18,1,17.26,25.47,484,510,0.949,0.0526,-26,Overloaded
2016-05-19,CHR-09,Chronic Care,12,9,3,14.92,25.0,300,510,0.5882,0.25,-210,Underused
2016-05-19,CHR-10,Chronic Care,17,14,3,16.76,25.41,432,510,0.8471,0.1765,-78,Balanced
2016-05-19,CHR-11,Chronic Care,16,10,6,17.12,27.0,432,510,0.8471,0.375,-78,Balanced
2016-05-19,CHR-12,Chronic Care,26,16,10,41.46,25.77,670,510,1.3137,0.3846,160,Overloaded
2016-05-19,CHR-13,Chronic Care,26,19,7,38.54,24.92,648,510,1.2706,0.2692,138,Overloaded
2016-05-19,CHR-14,Chronic Care,20,15,5,19.15,25.3,506,510,0.9922,0.25,-4,Overloaded
2016-05-19,CHR-15,Chronic Care,18,14,4,15.94,25.33,456,510,0.8941,0.2222,-54,Balanced
2016-05-19,CHR-16,Chronic Care,25,19,6,34.96,24.72,618,510,1.2118,0.24,108,Overloaded
2016-05-19,CHR-17,Chronic Care,27,20,7,43.11,25.56,690,510,1.3529,0.2593,180,Overloaded
2016-05-19,CHR-18,Chronic Care,21,18,3,19.43,25.05,526,510,1.0314,0.1429,16,Overloaded
2016-05-19,CHR-19,Chronic Care,15,11,4,15.67,24.93,374,510,0.7333,0.2667,-136,Balanced
2016-05-19,CHR-20,Chronic Care,12,11,1,17.75,26.67,320,510,0.6275,0.0833,-190,Balanced
2016-05-19,CHR-21,Chronic Care,19,16,3,15.63,24.84,472,510,0.9255,0.1579,-38,Overloaded
2016-05-19,CHR-22,Chronic Care,23,16,7,26.7,24.96,574,510,1.1255,0.3043,64,Overloaded
2016-05-19,CHR-23,Chronic Care,26,23,3,36.85,25.0,650,510,1.2745,0.1154,140,Overloaded
2016-05-19,CHR-24,Chronic Care,27,24,3,43.85,25.19,680,510,1.3333,0.1111,170,Overloaded
2016-05-19,FM-01,Family Medicine,46,41,5,70.61,17.26,794,540,1.4704,0.1087,254,Overloaded
2016-05-19,FM-02,Family Medicine,45,35,10,68.38,17.4,783,540,1.45,0.2222,243,Overloaded
2016-05-19,FM-03,Family Medicine,44,37,7,62.2,17.23,758,540,1.4037,0.1591,218,Overloaded
2016-05-19,FM-04,Family Medicine,38,25,13,39.74,17.37,660,540,1.2222,0.3421,120,Overloaded
2016-05-19,FM-05,Family Medicine,52,43,9,92.63,17.35,902,540,1.6704,0.1731,362,Overloaded
2016-05-19,FM-06,Family Medicine,51,38,13,91.25,17.55,895,540,1.6574,0.2549,355,Overloaded
2016-05-19,FM-07,Family Medicine,52,44,8,92.63,17.35,902,540,1.6704,0.1538,362,Overloaded
2016-05-19,FM-08,Family Medicine,41,35,6,51.8,17.34,711,540,1.3167,0.1463,171,Overloaded
2016-05-19,FM-09,Family Medicine,37,30,7,35.49,17.43,645,540,1.1944,0.1892,105,Overloaded
2016-05-19,FM-10,Family Medicine,40,28,12,46.75,17.25,690,540,1.2778,0.3,150,Overloaded
2016-05-19,FM-11,Family Medicine,39,28,11,42.36,17.21,671,540,1.2426,0.2821,131,Overloaded
2016-05-19,FM-12,Family Medicine,46,38,8,71.7,17.3,796,540,1.4741,0.1739,256,Overloaded
2016-05-19,FM-13,Family Medicine,44,38,6,62.09,17.27,760,540,1.4074,0.1364,220,Overloaded
2016-05-19,FM-14,Family Medicine,36,30,6,32.89,17.44,628,540,1.163,0.1667,88,Overloaded
2016-05-19,FM-15,Family Medicine,46,40,6,71.15,17.39,800,540,1.4815,0.1304,260,Overloaded
2016-05-19,FM-16,Family Medicine,42,36,6,57.29,17.52,736,540,1.363,0.1429,196,Overloaded
2016-05-19,FM-17,Family Medicine,35,28,7,28.6,17.57,615,540,1.1389,0.2,75,Overloaded
2016-05-19,FM-18,Family Medicine,43,36,7,59.12,17.23,741,540,1.3722,0.1628,201,Overloaded
2016-05-19,FM-19,Family Medicine,56,46,10,95.0,17.25,966,540,1.7889,0.1786,426,Overloaded
2016-05-19,FM-20,Family Medicine,32,25,7,15.28,17.25,552,540,1.0222,0.2188,12,Overloaded
2016-05-19,FM-21,Family Medicine,49,35,14,83.06,17.37,851,540,1.5759,0.2857,311,Overloaded
2016-05-19,FM-22,Family Medicine,35,28,7,27.77,17.29,605,540,1.1204,0.2,65,Overloaded
2016-05-19,FM-23,Family Medicine,46,37,9,71.41,17.43,802,540,1.4852,0.1957,262,Overloaded
2016-05-19,FM-24,Family Medicine,44,35,9,63.98,17.32,762,540,1.4111,0.2045,222,Overloaded
2016-05-19,GER-01,Geriatrics,14,11,3,15.86,32.29,452,480,0.9417,0.2143,-28,Overloaded
2016-05-19,GER-02,Geriatrics,25,18,7,58.92,33.88,847,480,1.7646,0.28,367,Overloaded
2016-05-19,GER-03,Geriatrics,30,29,1,73.13,32.47,974,480,2.0292,0.0333,494,Overloaded
2016-05-19,GER-04,Geriatrics,21,16,5,36.43,31.76,667,480,1.3896,0.2381,187,Overloaded
2016-05-19,GER-05,Geriatrics,24,20,4,49.54,31.92,766,480,1.5958,0.1667,286,Overloaded
2016-05-19,GER-06,Geriatrics,20,17,3,34.5,32.4,648,480,1.35,0.15,168,Overloaded
2016-05-19,GER-07,Geriatrics,20,18,2,37.3,33.5,670,480,1.3958,0.1,190,Overloaded
2016-05-19,GER-08,Geriatrics,21,16,5,39.67,32.81,689,480,1.4354,0.2381,209,Overloaded
2016-05-19,GER-09,Geriatrics,21,19,2,37.76,32.71,687,480,1.4312,0.0952,207,Overloaded
2016-05-19,GER-10,Geriatrics,18,16,2,27.22,32.33,582,480,1.2125,0.1111,102,Overloaded
2016-05-19,GER-11,Geriatrics,13,8,5,13.31,31.92,415,480,0.8646,0.3846,-65,Balanced
2016-05-19,GER-12,Geriatrics,22,19,3,43.86,32.91,724,480,1.5083,0.1364,244,Overloaded
2016-05-19,GER-13,Geriatrics,19,15,4,27.84,31.53,599,480,1.2479,0.2105,119,Overloaded
2016-05-19,GER-14,Geriatrics,21,19,2,36.71,31.86,669,480,1.3938,0.0952,189,Overloaded
2016-05-19,GER-15,Geriatrics,22,17,5,39.09,31.36,690,480,1.4375,0.2273,210,Overloaded
2016-05-19,GER-16,Geriatrics,25,22,3,56.76,33.32,833,480,1.7354,0.12,353,Overloaded
2016-05-19,GER-17,Geriatrics,27,22,5,61.41,32.63,881,480,1.8354,0.1852,401,Overloaded
2016-05-19,GER-18,Geriatrics,17,13,4,23.12,32.41,551,480,1.1479,0.2353,71,Overloaded
2016-05-19,GER-19,Geriatrics,23,19,4,45.09,32.22,741,480,1.5438,0.1739,261,Overloaded
2016-05-19,GER-20,Geriatrics,21,18,3,38.52,32.52,683,480,1.4229,0.1429,203,Overloaded
2016-05-19,GER-21,Geriatrics,14,12,2,14.36,32.29,452,480,0.9417,0.1429,-28,Overloaded
2016-05-19,GER-22,Geriatrics,21,14,7,38.43,32.81,689,480,1.4354,0.3333,209,Overloaded
2016-05-19,GER-23,Geriatrics,20,19,1,33.3,32.7,654,480,1.3625,0.05,174,Overloaded
2016-05-19,GER-24,Geriatrics,24,18,6,50.21,32.33,776,480,1.6167,0.25,296,Overloaded
2016-05-19,PED-01,Pediatrics,52,42,10,79.1,15.37,799,540,1.4796,0.1923,259,Overloaded
2016-05-19,PED-02,Pediatrics,50,39,11,71.62,15.3,765,540,1.4167,0.22,225,Overloaded
2016-05-19,PED-03,Pediatrics,37,29,8,17.7,15.16,561,540,1.0389,0.2162,21,Overloaded
2016-05-19,PED-04,Pediatrics,44,36,8,46.34,15.16,667,540,1.2352,0.1818,127,Overloaded
2016-05-19,PED-05,Pediatrics,47,39,8,57.98,15.23,716,540,1.3259,0.1702,176,Overloaded
2016-05-19,PED-06,Pediatrics,47,36,11,58.47,15.21,715,540,1.3241,0.234,175,Overloaded
2016-05-19,PED-07,Pediatrics,45,37,8,51.07,15.36,691,540,1.2796,0.1778,151,Overloaded
2016-05-19,PED-08,Pediatrics,31,25,6,12.97,15.16,470,540,0.8704,0.1935,-70,Balanced
2016-05-19,PED-09,Pediatrics,37,28,9,17.95,15.19,562,540,1.0407,0.2432,22,Overloaded
2016-05-19,PED-10,Pediatrics,51,39,12,75.22,15.22,776,540,1.437,0.2353,236,Overloaded
2016-05-19,PED-11,Pediatrics,48,38,10,62.38,15.25,732,540,1.3556,0.2083,192,Overloaded
2016-05-19,PED-12,Pediatrics,38,30,8,22.74,15.21,578,540,1.0704,0.2105,38,Overloaded
2016-05-19,PED-13,Pediatrics,42,38,4,38.02,15.17,637,540,1.1796,0.0952,97,Overloaded
2016-05-19,PED-14,Pediatrics,38,25,13,23.42,15.16,576,540,1.0667,0.3421,36,Overloaded
2016-05-19,PED-15,Pediatrics,48,38,10,61.71,15.1,725,540,1.3426,0.2083,185,Overloaded
2016-05-19,PED-16,Pediatrics,58,47,11,95.0,15.28,886,540,1.6407,0.1897,346,Overloaded
2016-05-19,PED-17,Pediatrics,55,39,16,90.02,15.24,838,540,1.5519,0.2909,298,Overloaded
2016-05-19,PED-18,Pediatrics,46,35,11,55.0,15.28,703,540,1.3019,0.2391,163,Overloaded
2016-05-19,PED-19,Pediatrics,53,40,13,83.06,15.42,817,540,1.513,0.2453,277,Overloaded
2016-05-19,PED-20,Pediatrics,35,32,3,14.14,15.17,531,540,0.9833,0.0857,-9,Overloaded
2016-05-19,PED-21,Pediatrics,41,28,13,33.49,15.17,622,540,1.1519,0.3171,82,Overloaded
2016-05-19,PED-22,Pediatrics,56,38,18,93.11,15.18,850,540,1.5741,0.3214,310,Overloaded
2016-05-19,PED-23,Pediatrics,47,28,19,57.89,15.15,712,540,1.3185,0.4043,172,Overloaded
2016-05-19,PED-24,Pediatrics,40,34,6,30.9,15.2,608,540,1.1259,0.15,68,Overloaded
2016-05-19,REH-01,Rehabilitation,4,4,0,17.5,39.75,159,450,0.3533,0.0,-291,Underused
2016-05-19,REH-02,Rehabilitation,4,4,0,20.5,37.25,149,450,0.3311,0.0,-301,Underused
2016-05-19,REH-03,Rehabilitation,5,5,0,18.2,38.4,192,450,0.4267,0.0,-258,Underused
2016-05-19,REH-04,Rehabilitation,4,3,1,18.0,35.25,141,450,0.3133,0.25,-309,Underused
2016-05-19,REH-05,Rehabilitation,5,5,0,19.4,39.4,197,450,0.4378,0.0,-253,Underused
2016-05-19,REH-06,Rehabilitation,6,4,2,17.67,32.33,194,450,0.4311,0.3333,-256,Underused
2016-05-19,REH-07,Rehabilitation,3,3,0,20.67,39.67,119,450,0.2644,0.0,-331,Underused
2016-05-19,REH-08,Rehabilitation,6,4,2,19.17,35.83,215,450,0.4778,0.3333,-235,Underused
2016-05-19,REH-09,Rehabilitation,2,2,0,14.5,34.5,69,450,0.1533,0.0,-381,Underused
2016-05-19,REH-10,Rehabilitation,1,0,1,13.0,37.0,37,450,0.0822,1.0,-413,Underused
2016-05-19,REH-11,Rehabilitation,5,5,0,15.2,32.8,164,450,0.3644,0.0,-286,Underused
2016-05-19,REH-12,Rehabilitation,6,6,0,17.67,34.5,207,450,0.46,0.0,-243,Underused
2016-05-19,REH-13,Rehabilitation,2,2,0,17.5,39.5,79,450,0.1756,0.0,-371,Underused
2016-05-19,REH-14,Rehabilitation,4,4,0,19.75,34.25,137,450,0.3044,0.0,-313,Underused
2016-05-19,REH-15,Rehabilitation,6,4,2,16.17,33.67,202,450,0.4489,0.3333,-248,Underused
2016-05-19,REH-16,Rehabilitation,4,3,1,16.5,35.25,141,450,0.3133,0.25,-309,Underused
2016-05-19,REH-17,Rehabilitation,4,2,2,18.75,35.5,142,450,0.3156,0.5,-308,Underused
2016-05-19,REH-18,Rehabilitation,3,2,1,16.67,32.67,98,450,0.2178,0.3333,-352,Underused
2016-05-19,REH-19,Rehabilitation,8,7,1,16.0,35.5,284,450,0.6311,0.125,-166,Balanced
2016-05-19,REH-20,Rehabilitation,7,5,2,18.14,34.71,243,450,0.54,0.2857,-207,Underused
2016-05-19,REH-21,Rehabilitation,5,4,1,19.6,39.4,197,450,0.4378,0.2,-253,Underused
2016-05-19,REH-22,Rehabilitation,3,2,1,16.67,33.33,100,450,0.2222,0.3333,-350,Underused
2016-05-19,REH-23,Rehabilitation,5,5,0,16.0,35.0,175,450,0.3889,0.0,-275,Underused
2016-05-19,REH-24,Rehabilitation,7,6,1,20.71,40.71,285,450,0.6333,0.1429,-165,Balanced
2016-05-19,WH-01,Women's Health,50,40,10,92.52,18.48,924,540,1.7111,0.2,384,Overloaded
2016-05-19,WH-02,Women's Health,43,35,8,67.74,18.33,788,540,1.4593,0.186,248,Overloaded
2016-05-19,WH-03,Women's Health,36,25,11,39.47,18.5,666,540,1.2333,0.3056,126,Overloaded
2016-05-19,WH-04,Women's Health,35,28,7,36.6,18.57,650,540,1.2037,0.2,110,Overloaded
2016-05-19,WH-05,Women's Health,31,25,6,17.26,18.26,566,540,1.0481,0.1935,26,Overloaded
2016-05-19,WH-06,Women's Health,34,23,11,31.76,18.47,628,540,1.163,0.3235,88,Overloaded
2016-05-19,WH-07,Women's Health,45,36,9,75.02,18.53,834,540,1.5444,0.2,294,Overloaded
2016-05-19,WH-08,Women's Health,43,33,10,67.91,18.51,796,540,1.4741,0.2326,256,Overloaded
2016-05-19,WH-09,Women's Health,35,25,10,37.06,18.86,660,540,1.2222,0.2857,120,Overloaded
2016-05-19,WH-10,Women's Health,41,30,11,59.54,18.44,756,540,1.4,0.2683,216,Overloaded
2016-05-19,WH-11,Women's Health,40,30,10,55.78,18.7,748,540,1.3852,0.25,208,Overloaded
2016-05-19,WH-12,Women's Health,40,31,9,57.05,18.5,740,540,1.3704,0.225,200,Overloaded
2016-05-19,WH-13,Women's Health,36,28,8,38.67,18.39,662,540,1.2259,0.2222,122,Overloaded
2016-05-19,WH-14,Women's Health,34,27,7,32.21,18.41,626,540,1.1593,0.2059,86,Overloaded
2016-05-19,WH-15,Women's Health,43,33,10,68.21,18.65,802,540,1.4852,0.2326,262,Overloaded
2016-05-19,WH-16,Women's Health,39,35,4,50.77,18.26,712,540,1.3185,0.1026,172,Overloaded
2016-05-19,WH-17,Women's Health,39,32,7,51.77,18.56,724,540,1.3407,0.1795,184,Overloaded
2016-05-19,WH-18,Women's Health,36,27,9,40.42,18.61,670,540,1.2407,0.25,130,Overloaded
2016-05-19,WH-19,Women's Health,36,27,9,39.56,18.61,670,540,1.2407,0.25,130,Overloaded
2016-05-19,WH-20,Women's Health,41,35,6,57.59,18.15,744,540,1.3778,0.1463,204,Overloaded
2016-05-19,WH-21,Women's Health,45,32,13,75.09,18.62,838,540,1.5519,0.2889,298,Overloaded
2016-05-19,WH-22,Women's Health,37,32,5,43.62,18.54,686,540,1.2704,0.1351,146,Overloaded
2016-05-19,WH-23,Women's Health,38,30,8,46.92,18.53,704,540,1.3037,0.2105,164,Overloaded
2016-05-19,WH-24,Women's Health,41,32,9,59.39,18.39,754,540,1.3963,0.2195,214,Overloaded
2016-05-20,BH-01,Behavioral Health,4,4,0,15.25,28.0,112,480,0.2333,0.0,-368,Underused
2016-05-20,BH-02,Behavioral Health,1,1,0,18.0,28.0,28,480,0.0583,0.0,-452,Underused
2016-05-20,BH-03,Behavioral Health,7,6,1,17.29,29.71,208,480,0.4333,0.1429,-272,Underused
2016-05-20,BH-04,Behavioral Health,5,3,2,17.0,29.2,146,480,0.3042,0.4,-334,Underused
2016-05-20,BH-05,Behavioral Health,3,2,1,15.67,26.67,80,480,0.1667,0.3333,-400,Underused
2016-05-20,BH-06,Behavioral Health,8,7,1,16.88,27.0,216,480,0.45,0.125,-264,Underused
2016-05-20,BH-07,Behavioral Health,5,2,3,16.4,28.4,142,480,0.2958,0.6,-338,Underused
2016-05-20,BH-08,Behavioral Health,6,5,1,19.5,30.33,182,480,0.3792,0.1667,-298,Underused
2016-05-20,BH-09,Behavioral Health,4,3,1,18.25,29.5,118,480,0.2458,0.25,-362,Underused
2016-05-20,BH-10,Behavioral Health,6,4,2,18.83,28.67,172,480,0.3583,0.3333,-308,Underused
2016-05-20,BH-11,Behavioral Health,3,2,1,15.0,30.0,90,480,0.1875,0.3333,-390,Underused
2016-05-20,BH-12,Behavioral Health,10,9,1,17.5,27.8,278,480,0.5792,0.1,-202,Underused
2016-05-20,BH-13,Behavioral Health,6,3,3,16.5,30.67,184,480,0.3833,0.5,-296,Underused
2016-05-20,BH-14,Behavioral Health,5,4,1,17.0,27.2,136,480,0.2833,0.2,-344,Underused
2016-05-20,BH-15,Behavioral Health,3,2,1,17.67,28.67,86,480,0.1792,0.3333,-394,Underused
2016-05-20,BH-16,Behavioral Health,6,4,2,15.83,26.67,160,480,0.3333,0.3333,-320,Underused
2016-05-20,BH-17,Behavioral Health,8,7,1,15.25,26.25,210,480,0.4375,0.125,-270,Underused
2016-05-20,BH-18,Behavioral Health,3,2,1,18.33,26.67,80,480,0.1667,0.3333,-400,Underused
2016-05-20,BH-19,Behavioral Health,4,4,0,17.75,27.5,110,480,0.2292,0.0,-370,Underused
2016-05-20,BH-20,Behavioral Health,6,4,2,18.0,27.0,162,480,0.3375,0.3333,-318,Underused
2016-05-20,BH-21,Behavioral Health,6,5,1,19.17,29.67,178,480,0.3708,0.1667,-302,Underused
2016-05-20,BH-22,Behavioral Health,3,3,0,18.67,27.33,82,480,0.1708,0.0,-398,Underused
2016-05-20,BH-23,Behavioral Health,3,2,1,18.0,28.67,86,480,0.1792,0.3333,-394,Underused
2016-05-20,BH-24,Behavioral Health,2,2,0,19.0,30.0,60,480,0.125,0.0,-420,Underused
2016-05-20,CHR-01,Chronic Care,18,14,4,15.44,25.56,460,510,0.902,0.2222,-50,Overloaded
2016-05-20,CHR-02,Chronic Care,18,15,3,16.83,25.0,450,510,0.8824,0.1667,-60,Balanced
2016-05-20,CHR-03,Chronic Care,11,8,3,14.55,25.45,280,510,0.549,0.2727,-230,Underused
2016-05-20,CHR-04,Chronic Care,20,16,4,20.5,25.8,516,510,1.0118,0.2,6,Overloaded
2016-05-20,CHR-05,Chronic Care,15,10,5,16.13,26.13,392,510,0.7686,0.3333,-118,Balanced
2016-05-20,CHR-06,Chronic Care,19,19,0,18.53,25.58,486,510,0.9529,0.0,-24,Overloaded
2016-05-20,CHR-07,Chronic Care,18,12,6,15.67,25.33,456,510,0.8941,0.3333,-54,Balanced
2016-05-20,CHR-08,Chronic Care,11,10,1,16.55,25.27,278,510,0.5451,0.0909,-232,Underused
2016-05-20,CHR-09,Chronic Care,22,17,5,24.68,25.64,564,510,1.1059,0.2273,54,Overloaded
2016-05-20,CHR-10,Chronic Care,11,11,0,17.09,25.09,276,510,0.5412,0.0,-234,Underused
2016-05-20,CHR-11,Chronic Care,19,13,6,17.68,25.58,486,510,0.9529,0.3158,-24,Overloaded
2016-05-20,CHR-12,Chronic Care,19,17,2,17.26,25.79,490,510,0.9608,0.1053,-20,Overloaded
2016-05-20,CHR-13,Chronic Care,23,20,3,29.3,25.83,594,510,1.1647,0.1304,84,Overloaded
2016-05-20,CHR-14,Chronic Care,23,20,3,26.7,24.87,572,510,1.1216,0.1304,62,Overloaded
2016-05-20,CHR-15,Chronic Care,10,9,1,15.1,25.2,252,510,0.4941,0.1,-258,Underused
2016-05-20,CHR-16,Chronic Care,25,20,5,36.52,25.44,636,510,1.2471,0.2,126,Overloaded
2016-05-20,CHR-17,Chronic Care,20,11,9,17.65,25.6,512,510,1.0039,0.45,2,Overloaded
2016-05-20,CHR-18,Chronic Care,17,11,6,16.12,24.82,422,510,0.8275,0.3529,-88,Balanced
2016-05-20,CHR-19,Chronic Care,17,13,4,14.88,25.18,428,510,0.8392,0.2353,-82,Balanced
2016-05-20,CHR-20,Chronic Care,8,6,2,16.12,25.5,204,510,0.4,0.25,-306,Underused
2016-05-20,CHR-21,Chronic Care,20,20,0,20.2,25.8,516,510,1.0118,0.0,6,Overloaded
2016-05-20,CHR-22,Chronic Care,16,13,3,15.81,25.0,400,510,0.7843,0.1875,-110,Balanced
2016-05-20,CHR-23,Chronic Care,22,17,5,22.77,25.45,560,510,1.098,0.2273,50,Overloaded
2016-05-20,CHR-24,Chronic Care,20,16,4,19.65,25.7,514,510,1.0078,0.2,4,Overloaded
2016-05-20,FM-01,Family Medicine,38,31,7,39.34,17.37,660,540,1.2222,0.1842,120,Overloaded
2016-05-20,FM-02,Family Medicine,37,29,8,36.51,17.38,643,540,1.1907,0.2162,103,Overloaded
2016-05-20,FM-03,Family Medicine,35,25,10,24.8,17.17,601,540,1.113,0.2857,61,Overloaded
2016-05-20,FM-04,Family Medicine,39,31,8,43.95,17.36,677,540,1.2537,0.2051,137,Overloaded
2016-05-20,FM-05,Family Medicine,36,27,9,31.97,17.39,626,540,1.1593,0.25,86,Overloaded
2016-05-20,FM-06,Family Medicine,29,23,6,14.14,17.41,505,540,0.9352,0.2069,-35,Overloaded
2016-05-20,FM-07,Family Medicine,42,30,12,54.07,17.29,726,540,1.3444,0.2857,186,Overloaded
2016-05-20,FM-08,Family Medicine,40,32,8,49.38,17.55,702,540,1.3,0.2,162,Overloaded
2016-05-20,FM-09,Family Medicine,37,28,9,34.43,17.32,641,540,1.187,0.2432,101,Overloaded
2016-05-20,FM-10,Family Medicine,46,40,6,71.46,17.3,796,540,1.4741,0.1304,256,Overloaded
2016-05-20,FM-11,Family Medicine,39,34,5,42.79,17.31,675,540,1.25,0.1282,135,Overloaded
2016-05-20,FM-12,Family Medicine,36,26,10,32.11,17.39,626,540,1.1593,0.2778,86,Overloaded
2016-05-20,FM-13,Family Medicine,45,32,13,66.4,17.36,781,540,1.4463,0.2889,241,Overloaded
2016-05-20,FM-14,Family Medicine,37,31,6,35.51,17.22,637,540,1.1796,0.1622,97,Overloaded
2016-05-20,FM-15,Family Medicine,43,37,6,58.44,17.28,743,540,1.3759,0.1395,203,Overloaded
2016-05-20,FM-16,Family Medicine,41,36,5,53.78,17.59,721,540,1.3352,0.122,181,Overloaded
2016-05-20,FM-17,Family Medicine,31,26,5,13.71,17.32,537,540,0.9944,0.1613,-3,Overloaded
2016-05-20,FM-18,Family Medicine,49,44,5,83.08,17.29,847,540,1.5685,0.102,307,Overloaded
2016-05-20,FM-19,Family Medicine,40,31,9,46.08,17.2,688,540,1.2741,0.225,148,Overloaded
2016-05-20,FM-20,Family Medicine,40,34,6,46.95,17.25,690,540,1.2778,0.15,150,Overloaded
2016-05-20,FM-21,Family Medicine,36,30,6,31.17,17.28,622,540,1.1519,0.1667,82,Overloaded
2016-05-20,FM-22,Family Medicine,28,21,7,13.29,17.36,486,540,0.9,0.25,-54,Overloaded
2016-05-20,FM-23,Family Medicine,32,26,6,13.94,17.25,552,540,1.0222,0.1875,12,Overloaded
2016-05-20,FM-24,Family Medicine,39,26,13,44.26,17.46,681,540,1.2611,0.3333,141,Overloaded
2016-05-20,GER-01,Geriatrics,21,19,2,41.0,33.67,707,480,1.4729,0.0952,227,Overloaded
2016-05-20,GER-02,Geriatrics,24,22,2,47.92,31.75,762,480,1.5875,0.0833,282,Overloaded
2016-05-20,GER-03,Geriatrics,9,6,3,14.78,33.22,299,480,0.6229,0.3333,-181,Balanced
2016-05-20,GER-04,Geriatrics,20,19,1,34.05,32.0,640,480,1.3333,0.05,160,Overloaded
2016-05-20,GER-05,Geriatrics,16,15,1,19.44,32.5,520,480,1.0833,0.0625,40,Overloaded
2016-05-20,GER-06,Geriatrics,23,16,7,47.91,32.57,749,480,1.5604,0.3043,269,Overloaded
2016-05-20,GER-07,Geriatrics,14,10,4,14.43,32.29,452,480,0.9417,0.2857,-28,Overloaded
2016-05-20,GER-08,Geriatrics,16,15,1,21.81,32.88,526,480,1.0958,0.0625,46,Overloaded
2016-05-20,GER-09,Geriatrics,19,15,4,29.95,32.58,619,480,1.2896,0.2105,139,Overloaded
2016-05-20,GER-10,Geriatrics,20,17,3,35.85,32.7,654,480,1.3625,0.15,174,Overloaded
2016-05-20,GER-11,Geriatrics,15,14,1,16.07,31.93,479,480,0.9979,0.0667,-1,Overloaded
2016-05-20,GER-12,Geriatrics,14,9,5,19.21,34.43,482,480,1.0042,0.3571,2,Overloaded
2016-05-20,GER-13,Geriatrics,20,16,4,35.4,33.5,670,480,1.3958,0.2,190,Overloaded
2016-05-20,GER-14,Geriatrics,19,15,4,28.68,31.95,607,480,1.2646,0.2105,127,Overloaded
2016-05-20,GER-15,Geriatrics,16,9,7,16.81,32.0,512,480,1.0667,0.4375,32,Overloaded
2016-05-20,GER-16,Geriatrics,16,15,1,23.44,33.62,538,480,1.1208,0.0625,58,Overloaded
2016-05-20,GER-17,Geriatrics,20,14,6,34.8,32.8,656,480,1.3667,0.3,176,Overloaded
2016-05-20,GER-18,Geriatrics,22,18,4,44.91,33.55,738,480,1.5375,0.1818,258,Overloaded
2016-05-20,GER-19,Geriatrics,13,10,3,12.92,31.77,413,480,0.8604,0.2308,-67,Balanced
2016-05-20,GER-20,Geriatrics,19,15,4,29.47,31.95,607,480,1.2646,0.2105,127,Overloaded
2016-05-20,GER-21,Geriatrics,19,13,6,30.21,32.47,617,480,1.2854,0.3158,137,Overloaded
2016-05-20,GER-22,Geriatrics,28,23,5,64.54,32.0,896,480,1.8667,0.1786,416,Overloaded
2016-05-20,GER-23,Geriatrics,16,15,1,20.56,32.88,526,480,1.0958,0.0625,46,Overloaded
2016-05-20,GER-24,Geriatrics,16,13,3,22.38,33.75,540,480,1.125,0.1875,60,Overloaded
2016-05-20,PED-01,Pediatrics,42,28,14,37.38,15.19,638,540,1.1815,0.3333,98,Overloaded
2016-05-20,PED-02,Pediatrics,44,29,15,46.73,15.25,671,540,1.2426,0.3409,131,Overloaded
2016-05-20,PED-03,Pediatrics,29,22,7,12.14,15.17,440,540,0.8148,0.2414,-100,Balanced
2016-05-20,PED-04,Pediatrics,37,25,12,21.65,15.46,572,540,1.0593,0.3243,32,Overloaded
2016-05-20,PED-05,Pediatrics,41,32,9,34.24,15.24,625,540,1.1574,0.2195,85,Overloaded
2016-05-20,PED-06,Pediatrics,36,27,9,15.33,15.22,548,540,1.0148,0.25,8,Overloaded
2016-05-20,PED-07,Pediatrics,45,30,15,50.56,15.29,688,540,1.2741,0.3333,148,Overloaded
2016-05-20,PED-08,Pediatrics,27,19,8,13.56,15.41,416,540,0.7704,0.2963,-124,Balanced
2016-05-20,PED-09,Pediatrics,50,41,9,69.66,15.16,758,540,1.4037,0.18,218,Overloaded
2016-05-20,PED-10,Pediatrics,36,31,5,14.33,15.11,544,540,1.0074,0.1389,4,Overloaded
2016-05-20,PED-11,Pediatrics,38,31,7,22.47,15.29,581,540,1.0759,0.1842,41,Overloaded
2016-05-20,PED-12,Pediatrics,38,30,8,23.0,15.29,581,540,1.0759,0.2105,41,Overloaded
2016-05-20,PED-13,Pediatrics,38,28,10,22.03,15.18,577,540,1.0685,0.2632,37,Overloaded
2016-05-20,PED-14,Pediatrics,55,41,14,90.56,15.25,839,540,1.5537,0.2545,299,Overloaded
2016-05-20,PED-15,Pediatrics,39,28,11,26.28,15.31,597,540,1.1056,0.2821,57,Overloaded
2016-05-20,PED-16,Pediatrics,36,30,6,15.67,15.31,551,540,1.0204,0.1667,11,Overloaded
2016-05-20,PED-17,Pediatrics,40,27,13,31.1,15.35,614,540,1.137,0.325,74,Overloaded
2016-05-20,PED-18,Pediatrics,25,15,10,14.08,15.16,379,540,0.7019,0.4,-161,Balanced
2016-05-20,PED-19,Pediatrics,45,34,11,52.33,15.49,697,540,1.2907,0.2444,157,Overloaded
2016-05-20,PED-20,Pediatrics,37,26,11,20.92,15.41,570,540,1.0556,0.2973,30,Overloaded
2016-05-20,PED-21,Pediatrics,54,38,16,86.06,15.19,820,540,1.5185,0.2963,280,Overloaded
2016-05-20,PED-22,Pediatrics,40,27,13,32.48,15.3,612,540,1.1333,0.325,72,Overloaded
2016-05-20,PED-23,Pediatrics,36,27,9,13.47,15.25,549,540,1.0167,0.25,9,Overloaded
2016-05-20,PED-24,Pediatrics,42,32,10,39.71,15.31,643,540,1.1907,0.2381,103,Overloaded
2016-05-20,REH-01,Rehabilitation,1,1,0,13.0,30.0,30,450,0.0667,0.0,-420,Underused
2016-05-20,REH-02,Rehabilitation,4,4,0,18.5,34.0,136,450,0.3022,0.0,-314,Underused
2016-05-20,REH-03,Rehabilitation,4,3,1,16.75,38.0,152,450,0.3378,0.25,-298,Underused
2016-05-20,REH-04,Rehabilitation,3,3,0,16.67,33.0,99,450,0.22,0.0,-351,Underused
2016-05-20,REH-05,Rehabilitation,5,2,3,15.4,32.0,160,450,0.3556,0.6,-290,Underused
2016-05-20,REH-06,Rehabilitation,6,6,0,17.17,36.67,220,450,0.4889,0.0,-230,Underused
2016-05-20,REH-07,Rehabilitation,1,0,1,13.0,32.0,32,450,0.0711,1.0,-418,Underused
2016-05-20,REH-08,Rehabilitation,7,5,2,18.57,35.14,246,450,0.5467,0.2857,-204,Underused
2016-05-20,REH-09,Rehabilitation,4,4,0,17.25,35.25,141,450,0.3133,0.0,-309,Underused
2016-05-20,REH-11,Rehabilitation,2,2,0,17.0,32.0,64,450,0.1422,0.0,-386,Underused
2016-05-20,REH-12,Rehabilitation,5,5,0,17.2,35.4,177,450,0.3933,0.0,-273,Underused
2016-05-20,REH-13,Rehabilitation,3,3,0,17.67,36.0,108,450,0.24,0.0,-342,Underused
2016-05-20,REH-14,Rehabilitation,2,2,0,22.5,36.0,72,450,0.16,0.0,-378,Underused
2016-05-20,REH-15,Rehabilitation,2,1,1,16.0,34.0,68,450,0.1511,0.5,-382,Underused
2016-05-20,REH-16,Rehabilitation,6,4,2,17.67,36.0,216,450,0.48,0.3333,-234,Underused
2016-05-20,REH-17,Rehabilitation,5,5,0,18.2,36.2,181,450,0.4022,0.0,-269,Underused
2016-05-20,REH-18,Rehabilitation,2,2,0,14.5,32.0,64,450,0.1422,0.0,-386,Underused
2016-05-20,REH-19,Rehabilitation,5,3,2,16.6,36.8,184,450,0.4089,0.4,-266,Underused
2016-05-20,REH-20,Rehabilitation,3,3,0,15.67,31.33,94,450,0.2089,0.0,-356,Underused
2016-05-20,REH-21,Rehabilitation,7,5,2,16.0,37.0,259,450,0.5756,0.2857,-191,Underused
2016-05-20,REH-22,Rehabilitation,1,1,0,21.0,30.0,30,450,0.0667,0.0,-420,Underused
2016-05-20,REH-23,Rehabilitation,6,5,1,15.83,34.33,206,450,0.4578,0.1667,-244,Underused
2016-05-20,REH-24,Rehabilitation,4,2,2,15.75,36.5,146,450,0.3244,0.5,-304,Underused
2016-05-20,WH-01,Women's Health,34,28,6,32.65,18.88,642,540,1.1889,0.1765,102,Overloaded
2016-05-20,WH-02,Women's Health,35,28,7,34.86,18.46,646,540,1.1963,0.2,106,Overloaded
2016-05-20,WH-03,Women's Health,37,24,13,42.7,18.49,684,540,1.2667,0.3514,144,Overloaded
2016-05-20,WH-04,Women's Health,34,23,11,33.47,18.71,636,540,1.1778,0.3235,96,Overloaded
2016-05-20,WH-05,Women's Health,32,25,7,23.78,18.5,592,540,1.0963,0.2188,52,Overloaded
2016-05-20,WH-06,Women's Health,39,31,8,52.1,18.51,722,540,1.337,0.2051,182,Overloaded
2016-05-20,WH-07,Women's Health,27,17,10,12.48,18.59,502,540,0.9296,0.3704,-38,Overloaded
2016-05-20,WH-08,Women's Health,41,31,10,60.2,18.44,756,540,1.4,0.2439,216,Overloaded
2016-05-20,WH-09,Women's Health,37,25,12,42.14,18.38,680,540,1.2593,0.3243,140,Overloaded
2016-05-20,WH-10,Women's Health,30,20,10,16.8,18.67,560,540,1.037,0.3333,20,Overloaded
2016-05-20,WH-11,Women's Health,42,30,12,62.29,18.38,772,540,1.4296,0.2857,232,Overloaded
2016-05-20,WH-12,Women's Health,38,27,11,47.47,18.32,696,540,1.2889,0.2895,156,Overloaded
2016-05-20,WH-13,Women's Health,41,24,17,58.59,18.49,758,540,1.4037,0.4146,218,Overloaded
2016-05-20,WH-14,Women's Health,37,27,10,44.89,18.7,692,540,1.2815,0.2703,152,Overloaded
2016-05-20,WH-15,Women's Health,45,32,13,77.93,18.93,852,540,1.5778,0.2889,312,Overloaded
2016-05-20,WH-16,Women's Health,43,31,12,68.09,18.51,796,540,1.4741,0.2791,256,Overloaded
2016-05-20,WH-17,Women's Health,36,25,11,38.33,18.44,664,540,1.2296,0.3056,124,Overloaded
2016-05-20,WH-18,Women's Health,44,28,16,72.82,18.68,822,540,1.5222,0.3636,282,Overloaded
2016-05-20,WH-19,Women's Health,41,30,11,59.41,18.44,756,540,1.4,0.2683,216,Overloaded
2016-05-20,WH-20,Women's Health,34,24,10,30.97,18.35,624,540,1.1556,0.2941,84,Overloaded
2016-05-20,WH-21,Women's Health,31,23,8,18.1,18.45,572,540,1.0593,0.2581,32,Overloaded
2016-05-20,WH-22,Women's Health,41,36,5,59.88,18.34,752,540,1.3926,0.122,212,Overloaded
2016-05-20,WH-23,Women's Health,38,30,8,45.95,18.32,696,540,1.2889,0.2105,156,Overloaded
2016-05-20,WH-24,Women's Health,44,30,14,72.32,18.59,818,540,1.5148,0.3182,278,Overloaded
2016-05-24,BH-01,Behavioral Health,3,2,1,20.33,27.33,82,480,0.1708,0.3333,-398,Underused
2016-05-24,BH-02,Behavioral Health,6,5,1,18.17,27.33,164,480,0.3417,0.1667,-316,Underused
2016-05-24,BH-03,Behavioral Health,5,2,3,14.0,26.4,132,480,0.275,0.6,-348,Underused
2016-05-24,BH-04,Behavioral Health,6,5,1,19.67,29.33,176,480,0.3667,0.1667,-304,Underused
2016-05-24,BH-05,Behavioral Health,3,3,0,17.0,29.33,88,480,0.1833,0.0,-392,Underused
2016-05-24,BH-06,Behavioral Health,6,4,2,18.5,29.33,176,480,0.3667,0.3333,-304,Underused
2016-05-24,BH-07,Behavioral Health,3,2,1,17.0,27.33,82,480,0.1708,0.3333,-398,Underused
2016-05-24,BH-08,Behavioral Health,1,1,0,19.0,30.0,30,480,0.0625,0.0,-450,Underused
2016-05-24,BH-09,Behavioral Health,5,5,0,17.2,28.8,144,480,0.3,0.0,-336,Underused
2016-05-24,BH-10,Behavioral Health,5,5,0,21.4,29.2,146,480,0.3042,0.0,-334,Underused
2016-05-24,BH-11,Behavioral Health,2,1,1,19.0,31.0,62,480,0.1292,0.5,-418,Underused
2016-05-24,BH-12,Behavioral Health,7,6,1,17.57,28.57,200,480,0.4167,0.1429,-280,Underused
2016-05-24,BH-13,Behavioral Health,7,5,2,16.43,28.0,196,480,0.4083,0.2857,-284,Underused
2016-05-24,BH-14,Behavioral Health,6,4,2,15.83,28.67,172,480,0.3583,0.3333,-308,Underused
2016-05-24,BH-15,Behavioral Health,7,7,0,17.29,28.57,200,480,0.4167,0.0,-280,Underused
2016-05-24,BH-16,Behavioral Health,5,3,2,15.0,27.6,138,480,0.2875,0.4,-342,Underused
2016-05-24,BH-17,Behavioral Health,2,1,1,16.5,30.0,60,480,0.125,0.5,-420,Underused
2016-05-24,BH-18,Behavioral Health,3,2,1,14.33,26.0,78,480,0.1625,0.3333,-402,Underused
2016-05-24,BH-19,Behavioral Health,2,2,0,16.5,31.0,62,480,0.1292,0.0,-418,Underused
2016-05-24,BH-20,Behavioral Health,8,8,0,17.38,27.5,220,480,0.4583,0.0,-260,Underused
2016-05-24,BH-21,Behavioral Health,1,1,0,14.0,30.0,30,480,0.0625,0.0,-450,Underused
2016-05-24,BH-22,Behavioral Health,3,3,0,19.67,28.67,86,480,0.1792,0.0,-394,Underused
2016-05-24,BH-23,Behavioral Health,7,5,2,14.71,27.14,190,480,0.3958,0.2857,-290,Underused
2016-05-24,BH-24,Behavioral Health,2,2,0,13.5,26.0,52,480,0.1083,0.0,-428,Underused
2016-05-24,CHR-01,Chronic Care,24,18,6,32.21,25.83,620,510,1.2157,0.25,110,Overloaded
2016-05-24,CHR-02,Chronic Care,25,22,3,35.68,25.36,634,510,1.2431,0.12,124,Overloaded
2016-05-24,CHR-03,Chronic Care,10,8,2,13.6,25.2,252,510,0.4941,0.2,-258,Underused
2016-05-24,CHR-04,Chronic Care,18,14,4,16.78,26.33,474,510,0.9294,0.2222,-36,Overloaded
2016-05-24,CHR-05,Chronic Care,16,15,1,13.06,26.0,416,510,0.8157,0.0625,-94,Balanced
2016-05-24,CHR-06,Chronic Care,21,16,5,20.67,25.9,544,510,1.0667,0.2381,34,Overloaded
2016-05-24,CHR-07,Chronic Care,17,14,3,14.65,25.06,426,510,0.8353,0.1765,-84,Balanced
2016-05-24,CHR-08,Chronic Care,19,15,4,16.58,25.26,480,510,0.9412,0.2105,-30,Overloaded
2016-05-24,CHR-09,Chronic Care,18,17,1,15.89,24.78,446,510,0.8745,0.0556,-64,Balanced
2016-05-24,CHR-10,Chronic Care,18,15,3,15.61,25.0,450,510,0.8824,0.1667,-60,Balanced
2016-05-24,CHR-11,Chronic Care,23,19,4,26.43,25.22,580,510,1.1373,0.1739,70,Overloaded
2016-05-24,CHR-12,Chronic Care,26,24,2,39.08,25.38,660,510,1.2941,0.0769,150,Overloaded
2016-05-24,CHR-13,Chronic Care,20,17,3,17.3,25.7,514,510,1.0078,0.15,4,Overloaded
2016-05-24,CHR-14,Chronic Care,20,14,6,15.15,24.5,490,510,0.9608,0.3,-20,Overloaded
2016-05-24,CHR-15,Chronic Care,15,13,2,15.07,25.2,378,510,0.7412,0.1333,-132,Balanced
2016-05-24,CHR-16,Chronic Care,23,20,3,29.04,25.65,590,510,1.1569,0.1304,80,Overloaded
2016-05-24,CHR-17,Chronic Care,26,21,5,39.23,25.31,658,510,1.2902,0.1923,148,Overloaded
2016-05-24,CHR-18,Chronic Care,25,19,6,35.24,25.44,636,510,1.2471,0.24,126,Overloaded
2016-05-24,CHR-19,Chronic Care,15,11,4,15.0,24.93,374,510,0.7333,0.2667,-136,Balanced
2016-05-24,CHR-20,Chronic Care,16,15,1,16.88,25.12,402,510,0.7882,0.0625,-108,Balanced
2016-05-24,CHR-21,Chronic Care,23,18,5,27.96,25.57,588,510,1.1529,0.2174,78,Overloaded
2016-05-24,CHR-22,Chronic Care,21,16,5,17.95,25.05,526,510,1.0314,0.2381,16,Overloaded
2016-05-24,CHR-23,Chronic Care,17,15,2,14.71,26.35,448,510,0.8784,0.1176,-62,Balanced
2016-05-24,CHR-24,Chronic Care,22,19,3,22.23,25.0,550,510,1.0784,0.1364,40,Overloaded
2016-05-24,FM-01,Family Medicine,36,26,10,29.89,17.33,624,540,1.1556,0.2778,84,Overloaded
2016-05-24,FM-02,Family Medicine,49,42,7,82.9,17.45,855,540,1.5833,0.1429,315,Overloaded
2016-05-24,FM-03,Family Medicine,43,35,8,57.47,17.23,741,540,1.3722,0.186,201,Overloaded
2016-05-24,FM-04,Family Medicine,43,34,9,58.88,17.47,751,540,1.3907,0.2093,211,Overloaded
2016-05-24,FM-05,Family Medicine,39,34,5,41.28,17.15,669,540,1.2389,0.1282,129,Overloaded
2016-05-24,FM-06,Family Medicine,40,30,10,47.75,17.45,698,540,1.2926,0.25,158,Overloaded
2016-05-24,FM-07,Family Medicine,40,31,9,46.95,17.45,698,540,1.2926,0.225,158,Overloaded
2016-05-24,FM-08,Family Medicine,39,35,4,42.26,17.31,675,540,1.25,0.1026,135,Overloaded
2016-05-24,FM-09,Family Medicine,41,37,4,48.24,17.2,705,540,1.3056,0.0976,165,Overloaded
2016-05-24,FM-10,Family Medicine,41,33,8,51.0,17.39,713,540,1.3204,0.1951,173,Overloaded
2016-05-24,FM-11,Family Medicine,39,30,9,42.18,17.36,677,540,1.2537,0.2308,137,Overloaded
2016-05-24,FM-12,Family Medicine,36,30,6,30.44,17.28,622,540,1.1519,0.1667,82,Overloaded
2016-05-24,FM-13,Family Medicine,42,32,10,53.64,17.29,726,540,1.3444,0.2381,186,Overloaded
2016-05-24,FM-14,Family Medicine,36,26,10,29.08,17.28,622,540,1.1519,0.2778,82,Overloaded
2016-05-24,FM-15,Family Medicine,44,37,7,60.91,17.32,762,540,1.4111,0.1591,222,Overloaded
2016-05-24,FM-16,Family Medicine,41,36,5,52.34,17.49,717,540,1.3278,0.122,177,Overloaded
2016-05-24,FM-17,Family Medicine,37,28,9,34.32,17.32,641,540,1.187,0.2432,101,Overloaded
2016-05-24,FM-18,Family Medicine,45,36,9,66.04,17.22,775,540,1.4352,0.2,235,Overloaded
2016-05-24,FM-19,Family Medicine,46,40,6,68.09,17.09,786,540,1.4556,0.1304,246,Overloaded
2016-05-24,FM-20,Family Medicine,36,27,9,29.5,17.28,622,540,1.1519,0.25,82,Overloaded
2016-05-24,FM-21,Family Medicine,42,29,13,52.71,17.14,720,540,1.3333,0.3095,180,Overloaded
2016-05-24,FM-22,Family Medicine,47,35,12,75.13,17.3,813,540,1.5056,0.2553,273,Overloaded
2016-05-24,FM-23,Family Medicine,30,22,8,12.4,17.27,518,540,0.9593,0.2667,-22,Overloaded
2016-05-24,FM-24,Family Medicine,36,30,6,31.72,17.44,628,540,1.163,0.1667,88,Overloaded
2016-05-24,GER-01,Geriatrics,19,16,3,29.47,32.89,625,480,1.3021,0.1579,145,Overloaded
2016-05-24,GER-02,Geriatrics,18,15,3,27.06,33.44,602,480,1.2542,0.1667,122,Overloaded
2016-05-24,GER-03,Geriatrics,18,16,2,24.56,32.56,586,480,1.2208,0.1111,106,Overloaded
2016-05-24,GER-04,Geriatrics,22,19,3,41.14,31.82,700,480,1.4583,0.1364,220,Overloaded
2016-05-24,GER-05,Geriatrics,22,18,4,42.73,33.36,734,480,1.5292,0.1818,254,Overloaded
2016-05-24,GER-06,Geriatrics,19,16,3,31.0,32.79,623,480,1.2979,0.1579,143,Overloaded
2016-05-24,GER-07,Geriatrics,12,12,0,13.08,31.5,378,480,0.7875,0.0,-102,Balanced
2016-05-24,GER-08,Geriatrics,20,18,2,35.5,32.8,656,480,1.3667,0.1,176,Overloaded
2016-05-24,GER-09,Geriatrics,27,20,7,62.11,33.15,895,480,1.8646,0.2593,415,Overloaded
2016-05-24,GER-10,Geriatrics,22,18,4,41.18,32.36,712,480,1.4833,0.1818,232,Overloaded
2016-05-24,GER-11,Geriatrics,22,18,4,39.41,32.09,706,480,1.4708,0.1818,226,Overloaded
2016-05-24,GER-12,Geriatrics,24,17,7,51.25,33.0,792,480,1.65,0.2917,312,Overloaded
2016-05-24,GER-13,Geriatrics,17,11,6,19.71,31.94,543,480,1.1312,0.3529,63,Overloaded
2016-05-24,GER-14,Geriatrics,25,21,4,53.2,32.52,813,480,1.6938,0.16,333,Overloaded
2016-05-24,GER-15,Geriatrics,28,24,4,64.21,32.36,906,480,1.8875,0.1429,426,Overloaded
2016-05-24,GER-16,Geriatrics,11,9,2,12.45,30.27,333,480,0.6938,0.1818,-147,Balanced
2016-05-24,GER-17,Geriatrics,14,12,2,14.79,33.14,464,480,0.9667,0.1429,-16,Overloaded
2016-05-24,GER-18,Geriatrics,19,14,5,32.16,33.32,633,480,1.3188,0.2632,153,Overloaded
2016-05-24,GER-19,Geriatrics,26,23,3,57.81,32.92,856,480,1.7833,0.1154,376,Overloaded
2016-05-24,GER-20,Geriatrics,21,19,2,36.33,32.24,677,480,1.4104,0.0952,197,Overloaded
2016-05-24,GER-21,Geriatrics,30,25,5,72.43,32.53,976,480,2.0333,0.1667,496,Overloaded
2016-05-24,GER-22,Geriatrics,27,22,5,60.81,32.41,875,480,1.8229,0.1852,395,Overloaded
2016-05-24,GER-23,Geriatrics,16,14,2,15.94,31.5,504,480,1.05,0.125,24,Overloaded
2016-05-24,GER-24,Geriatrics,17,14,3,25.35,34.06,579,480,1.2062,0.1765,99,Overloaded
2016-05-24,PED-01,Pediatrics,42,34,8,36.07,15.12,635,540,1.1759,0.1905,95,Overloaded
2016-05-24,PED-02,Pediatrics,46,40,6,54.8,15.28,703,540,1.3019,0.1304,163,Overloaded
2016-05-24,PED-03,Pediatrics,44,32,12,44.68,15.2,669,540,1.2389,0.2727,129,Overloaded
2016-05-24,PED-04,Pediatrics,34,28,6,12.74,15.12,514,540,0.9519,0.1765,-26,Overloaded
2016-05-24,PED-05,Pediatrics,49,38,11,65.02,15.24,747,540,1.3833,0.2245,207,Overloaded
2016-05-24,PED-06,Pediatrics,35,28,7,13.17,15.14,530,540,0.9815,0.2,-10,Overloaded
2016-05-24,PED-07,Pediatrics,31,29,2,11.1,15.16,470,540,0.8704,0.0645,-70,Balanced
2016-05-24,PED-08,Pediatrics,36,32,4,14.72,15.19,547,540,1.013,0.1111,7,Overloaded
2016-05-24,PED-09,Pediatrics,36,29,7,11.69,15.08,543,540,1.0056,0.1944,3,Overloaded
2016-05-24,PED-10,Pediatrics,42,33,9,37.1,15.14,636,540,1.1778,0.2143,96,Overloaded
2016-05-24,PED-11,Pediatrics,29,20,9,10.93,15.21,441,540,0.8167,0.3103,-99,Balanced
2016-05-24,PED-12,Pediatrics,34,29,5,14.18,15.29,520,540,0.963,0.1471,-20,Overloaded
2016-05-24,PED-13,Pediatrics,38,35,3,21.76,15.18,577,540,1.0685,0.0789,37,Overloaded
2016-05-24,PED-14,Pediatrics,33,29,4,12.67,15.21,502,540,0.9296,0.1212,-38,Overloaded
2016-05-24,PED-15,Pediatrics,35,28,7,10.97,15.17,531,540,0.9833,0.2,-9,Overloaded
2016-05-24,PED-16,Pediatrics,44,34,10,46.48,15.36,676,540,1.2519,0.2273,136,Overloaded
2016-05-24,PED-17,Pediatrics,33,28,5,11.21,15.15,500,540,0.9259,0.1515,-40,Overloaded
2016-05-24,PED-18,Pediatrics,39,35,4,25.69,15.18,592,540,1.0963,0.1026,52,Overloaded
2016-05-24,PED-19,Pediatrics,37,31,6,16.7,15.22,563,540,1.0426,0.1622,23,Overloaded
2016-05-24,PED-20,Pediatrics,45,32,13,49.73,15.18,683,540,1.2648,0.2889,143,Overloaded
2016-05-24,PED-21,Pediatrics,28,26,2,12.21,15.07,422,540,0.7815,0.0714,-118,Balanced
2016-05-24,PED-22,Pediatrics,43,37,6,41.42,15.16,652,540,1.2074,0.1395,112,Overloaded
2016-05-24,PED-23,Pediatrics,46,37,9,53.11,15.22,700,540,1.2963,0.1957,160,Overloaded
2016-05-24,PED-24,Pediatrics,33,31,2,12.24,15.18,501,540,0.9278,0.0606,-39,Overloaded
2016-05-24,REH-01,Rehabilitation,3,2,1,16.67,32.67,98,450,0.2178,0.3333,-352,Underused
2016-05-24,REH-02,Rehabilitation,6,3,3,15.5,35.33,212,450,0.4711,0.5,-238,Underused
2016-05-24,REH-03,Rehabilitation,3,3,0,17.67,42.0,126,450,0.28,0.0,-324,Underused
2016-05-24,REH-04,Rehabilitation,3,2,1,14.67,37.0,111,450,0.2467,0.3333,-339,Underused
2016-05-24,REH-05,Rehabilitation,4,4,0,18.0,35.75,143,450,0.3178,0.0,-307,Underused
2016-05-24,REH-06,Rehabilitation,3,3,0,20.0,38.33,115,450,0.2556,0.0,-335,Underused
2016-05-24,REH-07,Rehabilitation,7,6,1,15.86,35.71,250,450,0.5556,0.1429,-200,Underused
2016-05-24,REH-08,Rehabilitation,6,4,2,19.67,38.67,232,450,0.5156,0.3333,-218,Underused
2016-05-24,REH-09,Rehabilitation,4,4,0,21.5,38.5,154,450,0.3422,0.0,-296,Underused
2016-05-24,REH-10,Rehabilitation,1,1,0,24.0,38.0,38,450,0.0844,0.0,-412,Underused
2016-05-24,REH-11,Rehabilitation,2,2,0,17.5,36.0,72,450,0.16,0.0,-378,Underused
2016-05-24,REH-12,Rehabilitation,4,4,0,17.25,35.75,143,450,0.3178,0.0,-307,Underused
2016-05-24,REH-13,Rehabilitation,4,2,2,15.5,33.0,132,450,0.2933,0.5,-318,Underused
2016-05-24,REH-14,Rehabilitation,3,3,0,13.67,34.67,104,450,0.2311,0.0,-346,Underused
2016-05-24,REH-15,Rehabilitation,4,3,1,15.5,33.0,132,450,0.2933,0.25,-318,Underused
2016-05-24,REH-16,Rehabilitation,5,5,0,19.0,37.2,186,450,0.4133,0.0,-264,Underused
2016-05-24,REH-17,Rehabilitation,2,2,0,13.5,32.0,64,450,0.1422,0.0,-386,Underused
2016-05-24,REH-18,Rehabilitation,5,4,1,18.6,38.2,191,450,0.4244,0.2,-259,Underused
2016-05-24,REH-19,Rehabilitation,5,2,3,13.6,32.8,164,450,0.3644,0.6,-286,Underused
2016-05-24,REH-20,Rehabilitation,3,3,0,16.33,34.0,102,450,0.2267,0.0,-348,Underused
2016-05-24,REH-21,Rehabilitation,5,3,2,16.0,35.2,176,450,0.3911,0.4,-274,Underused
2016-05-24,REH-22,Rehabilitation,2,2,0,21.5,43.0,86,450,0.1911,0.0,-364,Underused
2016-05-24,REH-23,Rehabilitation,4,4,0,17.75,40.5,162,450,0.36,0.0,-288,Underused
2016-05-24,REH-24,Rehabilitation,2,2,0,14.0,38.5,77,450,0.1711,0.0,-373,Underused
2016-05-24,WH-01,Women's Health,38,26,12,45.32,18.42,700,540,1.2963,0.3158,160,Overloaded
2016-05-24,WH-02,Women's Health,47,34,13,80.77,18.3,860,540,1.5926,0.2766,320,Overloaded
2016-05-24,WH-03,Women's Health,57,42,15,95.0,18.53,1056,540,1.9556,0.2632,516,Overloaded
2016-05-24,WH-04,Women's Health,37,26,11,41.38,18.27,676,540,1.2519,0.2973,136,Overloaded
2016-05-24,WH-05,Women's Health,32,19,13,21.22,18.38,588,540,1.0889,0.4062,48,Overloaded
2016-05-24,WH-06,Women's Health,38,32,6,47.21,18.53,704,540,1.3037,0.1579,164,Overloaded
2016-05-24,WH-07,Women's Health,33,30,3,25.06,18.24,602,540,1.1148,0.0909,62,Overloaded
2016-05-24,WH-08,Women's Health,38,30,8,47.18,18.42,700,540,1.2963,0.2105,160,Overloaded
2016-05-24,WH-09,Women's Health,50,37,13,92.18,18.64,932,540,1.7259,0.26,392,Overloaded
2016-05-24,WH-10,Women's Health,43,30,13,65.65,18.33,788,540,1.4593,0.3023,248,Overloaded
2016-05-24,WH-11,Women's Health,51,35,16,93.84,18.55,946,540,1.7519,0.3137,406,Overloaded
2016-05-24,WH-12,Women's Health,46,35,11,79.26,18.61,856,540,1.5852,0.2391,316,Overloaded
2016-05-24,WH-13,Women's Health,34,24,10,28.85,18.29,622,540,1.1519,0.2941,82,Overloaded
2016-05-24,WH-14,Women's Health,55,42,13,95.0,18.62,1024,540,1.8963,0.2364,484,Overloaded
2016-05-24,WH-15,Women's Health,48,41,7,84.9,18.38,882,540,1.6333,0.1458,342,Overloaded
2016-05-24,WH-16,Women's Health,41,22,19,57.63,18.49,758,540,1.4037,0.4634,218,Overloaded
2016-05-24,WH-17,Women's Health,41,29,12,57.2,18.44,756,540,1.4,0.2927,216,Overloaded
2016-05-24,WH-18,Women's Health,36,29,7,37.92,18.28,658,540,1.2185,0.1944,118,Overloaded
2016-05-24,WH-19,Women's Health,41,29,12,57.27,18.34,752,540,1.3926,0.2927,212,Overloaded
2016-05-24,WH-20,Women's Health,32,21,11,24.06,18.62,596,540,1.1037,0.3438,56,Overloaded
2016-05-24,WH-21,Women's Health,37,30,7,42.78,18.54,686,540,1.2704,0.1892,146,Overloaded
2016-05-24,WH-22,Women's Health,26,18,8,10.92,18.62,484,540,0.8963,0.3077,-56,Balanced
2016-05-24,WH-23,Women's Health,27,22,5,10.04,18.44,498,540,0.9222,0.1852,-42,Overloaded
2016-05-24,WH-24,Women's Health,32,22,10,24.91,18.88,604,540,1.1185,0.3125,64,Overloaded
2016-05-25,BH-01,Behavioral Health,6,4,2,12.83,27.67,166,480,0.3458,0.3333,-314,Underused
2016-05-25,BH-02,Behavioral Health,1,1,0,14.0,30.0,30,480,0.0625,0.0,-450,Underused
2016-05-25,BH-03,Behavioral Health,4,3,1,15.5,27.5,110,480,0.2292,0.25,-370,Underused
2016-05-25,BH-04,Behavioral Health,6,5,1,16.5,28.33,170,480,0.3542,0.1667,-310,Underused
2016-05-25,BH-05,Behavioral Health,3,2,1,13.67,28.0,84,480,0.175,0.3333,-396,Underused
2016-05-25,BH-06,Behavioral Health,4,4,0,16.25,29.5,118,480,0.2458,0.0,-362,Underused
2016-05-25,BH-07,Behavioral Health,4,4,0,20.25,31.0,124,480,0.2583,0.0,-356,Underused
2016-05-25,BH-08,Behavioral Health,3,3,0,18.67,28.0,84,480,0.175,0.0,-396,Underused
2016-05-25,BH-09,Behavioral Health,3,3,0,15.33,28.0,84,480,0.175,0.0,-396,Underused
2016-05-25,BH-10,Behavioral Health,5,5,0,14.6,28.8,144,480,0.3,0.0,-336,Underused
2016-05-25,BH-11,Behavioral Health,10,8,2,15.3,27.0,270,480,0.5625,0.2,-210,Underused
2016-05-25,BH-12,Behavioral Health,6,5,1,17.33,26.67,160,480,0.3333,0.1667,-320,Underused
2016-05-25,BH-13,Behavioral Health,2,2,0,17.0,26.0,52,480,0.1083,0.0,-428,Underused
2016-05-25,BH-14,Behavioral Health,3,3,0,18.33,27.33,82,480,0.1708,0.0,-398,Underused
2016-05-25,BH-15,Behavioral Health,4,3,1,19.0,30.5,122,480,0.2542,0.25,-358,Underused
2016-05-25,BH-16,Behavioral Health,4,3,1,17.5,28.5,114,480,0.2375,0.25,-366,Underused
2016-05-25,BH-17,Behavioral Health,4,3,1,17.25,26.0,104,480,0.2167,0.25,-376,Underused
2016-05-25,BH-18,Behavioral Health,4,4,0,18.5,28.0,112,480,0.2333,0.0,-368,Underused
2016-05-25,BH-19,Behavioral Health,2,1,1,19.0,30.0,60,480,0.125,0.5,-420,Underused
2016-05-25,BH-20,Behavioral Health,4,4,0,17.5,28.0,112,480,0.2333,0.0,-368,Underused
2016-05-25,BH-21,Behavioral Health,3,3,0,18.67,28.0,84,480,0.175,0.0,-396,Underused
2016-05-25,BH-22,Behavioral Health,4,1,3,14.0,28.5,114,480,0.2375,0.75,-366,Underused
2016-05-25,BH-23,Behavioral Health,2,1,1,14.0,30.0,60,480,0.125,0.5,-420,Underused
2016-05-25,BH-24,Behavioral Health,5,3,2,15.8,29.6,148,480,0.3083,0.4,-332,Underused
2016-05-25,CHR-01,Chronic Care,19,16,3,16.95,26.11,496,510,0.9725,0.1579,-14,Overloaded
2016-05-25,CHR-02,Chronic Care,22,16,6,23.73,25.27,556,510,1.0902,0.2727,46,Overloaded
2016-05-25,CHR-03,Chronic Care,17,12,5,15.88,26.0,442,510,0.8667,0.2941,-68,Balanced
2016-05-25,CHR-04,Chronic Care,11,10,1,17.91,25.64,282,510,0.5529,0.0909,-228,Underused
2016-05-25,CHR-05,Chronic Care,19,18,1,14.79,25.16,478,510,0.9373,0.0526,-32,Overloaded
2016-05-25,CHR-06,Chronic Care,22,19,3,21.68,25.09,552,510,1.0824,0.1364,42,Overloaded
2016-05-25,CHR-07,Chronic Care,18,15,3,13.56,24.89,448,510,0.8784,0.1667,-62,Balanced
2016-05-25,CHR-08,Chronic Care,18,15,3,14.33,24.78,446,510,0.8745,0.1667,-64,Balanced
2016-05-25,CHR-09,Chronic Care,18,17,1,14.72,25.22,454,510,0.8902,0.0556,-56,Balanced
2016-05-25,CHR-10,Chronic Care,14,13,1,16.86,26.0,364,510,0.7137,0.0714,-146,Balanced
2016-05-25,CHR-11,Chronic Care,15,13,2,15.53,25.87,388,510,0.7608,0.1333,-122,Balanced
2016-05-25,CHR-12,Chronic Care,26,23,3,39.65,25.54,664,510,1.302,0.1154,154,Overloaded
2016-05-25,CHR-13,Chronic Care,25,22,3,35.8,25.76,644,510,1.2627,0.12,134,Overloaded
2016-05-25,CHR-14,Chronic Care,21,16,5,17.76,25.33,532,510,1.0431,0.2381,22,Overloaded
2016-05-25,CHR-15,Chronic Care,18,15,3,15.44,25.78,464,510,0.9098,0.1667,-46,Overloaded
2016-05-25,CHR-16,Chronic Care,19,17,2,18.21,25.79,490,510,0.9608,0.1053,-20,Overloaded
2016-05-25,CHR-17,Chronic Care,10,10,0,13.3,25.0,250,510,0.4902,0.0,-260,Underused
2016-05-25,CHR-18,Chronic Care,18,13,5,15.89,25.67,462,510,0.9059,0.2778,-48,Overloaded
2016-05-25,CHR-19,Chronic Care,18,14,4,15.61,25.56,460,510,0.902,0.2222,-50,Overloaded
2016-05-25,CHR-20,Chronic Care,19,17,2,15.21,24.74,470,510,0.9216,0.1053,-40,Overloaded
2016-05-25,CHR-21,Chronic Care,14,11,3,15.43,26.0,364,510,0.7137,0.2143,-146,Balanced
2016-05-25,CHR-22,Chronic Care,20,17,3,15.5,24.5,490,510,0.9608,0.15,-20,Overloaded
2016-05-25,CHR-23,Chronic Care,16,14,2,14.56,25.5,408,510,0.8,0.125,-102,Balanced
2016-05-25,CHR-24,Chronic Care,18,14,4,15.11,25.44,458,510,0.898,0.2222,-52,Balanced
2016-05-25,FM-01,Family Medicine,30,21,9,11.4,17.13,514,540,0.9519,0.3,-26,Overloaded
2016-05-25,FM-02,Family Medicine,42,33,9,56.38,17.43,732,540,1.3556,0.2143,192,Overloaded
2016-05-25,FM-03,Family Medicine,46,37,9,68.28,17.13,788,540,1.4593,0.1957,248,Overloaded
2016-05-25,FM-04,Family Medicine,34,27,7,21.29,17.12,582,540,1.0778,0.2059,42,Overloaded
2016-05-25,FM-05,Family Medicine,29,23,6,12.41,17.55,509,540,0.9426,0.2069,-31,Overloaded
2016-05-25,FM-06,Family Medicine,37,31,6,36.0,17.43,645,540,1.1944,0.1622,105,Overloaded
2016-05-25,FM-07,Family Medicine,46,38,8,71.46,17.43,802,540,1.4852,0.1739,262,Overloaded
2016-05-25,FM-08,Family Medicine,31,25,6,12.81,17.19,533,540,0.987,0.1935,-7,Overloaded
2016-05-25,FM-09,Family Medicine,36,32,4,29.58,17.28,622,540,1.1519,0.1111,82,Overloaded
2016-05-25,FM-10,Family Medicine,39,29,10,43.23,17.41,679,540,1.2574,0.2564,139,Overloaded
2016-05-25,FM-11,Family Medicine,44,36,8,63.3,17.5,770,540,1.4259,0.1818,230,Overloaded
2016-05-25,FM-12,Family Medicine,39,34,5,42.28,17.26,673,540,1.2463,0.1282,133,Overloaded
2016-05-25,FM-13,Family Medicine,47,35,12,74.17,17.51,823,540,1.5241,0.2553,283,Overloaded
2016-05-25,FM-14,Family Medicine,45,39,6,68.11,17.49,787,540,1.4574,0.1333,247,Overloaded
2016-05-25,FM-15,Family Medicine,37,34,3,33.43,17.38,643,540,1.1907,0.0811,103,Overloaded
2016-05-25,FM-16,Family Medicine,40,28,12,45.98,17.35,694,540,1.2852,0.3,154,Overloaded
2016-05-25,FM-17,Family Medicine,40,32,8,45.58,17.2,688,540,1.2741,0.2,148,Overloaded
2016-05-25,FM-18,Family Medicine,48,42,6,79.0,17.38,834,540,1.5444,0.125,294,Overloaded
2016-05-25,FM-19,Family Medicine,40,36,4,45.58,17.3,692,540,1.2815,0.1,152,Overloaded
2016-05-25,FM-20,Family Medicine,43,35,8,58.84,17.37,747,540,1.3833,0.186,207,Overloaded
2016-05-25,FM-21,Family Medicine,24,20,4,11.67,17.17,412,540,0.763,0.1667,-128,Balanced
2016-05-25,FM-22,Family Medicine,39,32,7,42.64,17.36,677,540,1.2537,0.1795,137,Overloaded
2016-05-25,FM-23,Family Medicine,33,30,3,18.27,17.42,575,540,1.0648,0.0909,35,Overloaded
2016-05-25,FM-24,Family Medicine,37,32,5,34.22,17.27,639,540,1.1833,0.1351,99,Overloaded
2016-05-25,GER-01,Geriatrics,29,22,7,68.1,32.45,941,480,1.9604,0.2414,461,Overloaded
2016-05-25,GER-02,Geriatrics,20,17,3,34.3,32.5,650,480,1.3542,0.15,170,Overloaded
2016-05-25,GER-03,Geriatrics,13,12,1,13.77,32.69,425,480,0.8854,0.0769,-55,Balanced
2016-05-25,GER-04,Geriatrics,22,17,5,42.64,32.55,716,480,1.4917,0.2273,236,Overloaded
2016-05-25,GER-05,Geriatrics,22,21,1,41.23,32.55,716,480,1.4917,0.0455,236,Overloaded
2016-05-25,GER-06,Geriatrics,14,14,0,13.71,31.86,446,480,0.9292,0.0,-34,Overloaded
2016-05-25,GER-07,Geriatrics,21,17,4,35.81,32.14,675,480,1.4062,0.1905,195,Overloaded
2016-05-25,GER-08,Geriatrics,23,15,8,45.22,32.39,745,480,1.5521,0.3478,265,Overloaded
2016-05-25,GER-09,Geriatrics,16,13,3,20.81,33.5,536,480,1.1167,0.1875,56,Overloaded
2016-05-25,GER-10,Geriatrics,28,26,2,65.54,32.14,900,480,1.875,0.0714,420,Overloaded
2016-05-25,GER-11,Geriatrics,24,17,7,47.62,32.33,776,480,1.6167,0.2917,296,Overloaded
2016-05-25,GER-12,Geriatrics,18,16,2,24.72,31.89,574,480,1.1958,0.1111,94,Overloaded
2016-05-25,GER-13,Geriatrics,27,22,5,61.52,32.93,889,480,1.8521,0.1852,409,Overloaded
2016-05-25,GER-14,Geriatrics,13,12,1,15.0,33.0,429,480,0.8938,0.0769,-51,Balanced
2016-05-25,GER-15,Geriatrics,25,21,4,55.12,33.32,833,480,1.7354,0.16,353,Overloaded
2016-05-25,GER-16,Geriatrics,14,10,4,14.14,32.43,454,480,0.9458,0.2857,-26,Overloaded
2016-05-25,GER-17,Geriatrics,22,16,6,41.32,32.55,716,480,1.4917,0.2727,236,Overloaded
2016-05-25,GER-18,Geriatrics,19,17,2,27.26,31.32,595,480,1.2396,0.1053,115,Overloaded
2016-05-25,GER-19,Geriatrics,24,18,6,50.29,32.92,790,480,1.6458,0.25,310,Overloaded
2016-05-25,GER-20,Geriatrics,25,24,1,54.0,32.28,807,480,1.6812,0.04,327,Overloaded
2016-05-25,GER-21,Geriatrics,19,16,3,23.53,31.21,593,480,1.2354,0.1579,113,Overloaded
2016-05-25,GER-22,Geriatrics,18,14,4,24.78,32.22,580,480,1.2083,0.2222,100,Overloaded
2016-05-25,GER-23,Geriatrics,21,21,0,39.9,33.76,709,480,1.4771,0.0,229,Overloaded
2016-05-25,GER-24,Geriatrics,16,14,2,18.94,32.5,520,480,1.0833,0.125,40,Overloaded
2016-05-25,PED-01,Pediatrics,33,28,5,12.3,15.18,501,540,0.9278,0.1515,-39,Overloaded
2016-05-25,PED-02,Pediatrics,35,30,5,13.49,15.29,535,540,0.9907,0.1429,-5,Overloaded
2016-05-25,PED-03,Pediatrics,42,33,9,36.9,15.19,638,540,1.1815,0.2143,98,Overloaded
2016-05-25,PED-04,Pediatrics,37,29,8,18.51,15.22,563,540,1.0426,0.2162,23,Overloaded
2016-05-25,PED-05,Pediatrics,39,29,10,25.72,15.31,597,540,1.1056,0.2564,57,Overloaded
2016-05-25,PED-06,Pediatrics,38,31,7,22.95,15.16,576,540,1.0667,0.1842,36,Overloaded
2016-05-25,PED-07,Pediatrics,43,34,9,40.53,15.12,650,540,1.2037,0.2093,110,Overloaded
2016-05-25,PED-08,Pediatrics,43,32,11,42.49,15.23,655,540,1.213,0.2558,115,Overloaded
2016-05-25,PED-09,Pediatrics,34,31,3,12.24,15.18,516,540,0.9556,0.0882,-24,Overloaded
2016-05-25,PED-10,Pediatrics,35,29,6,12.97,15.14,530,540,0.9815,0.1714,-10,Overloaded
2016-05-25,PED-11,Pediatrics,38,26,12,19.95,15.08,573,540,1.0611,0.3158,33,Overloaded
2016-05-25,PED-12,Pediatrics,42,34,8,38.19,15.19,638,540,1.1815,0.1905,98,Overloaded
2016-05-25,PED-13,Pediatrics,40,28,12,29.55,15.32,613,540,1.1352,0.3,73,Overloaded
2016-05-25,PED-14,Pediatrics,51,46,5,73.82,15.18,774,540,1.4333,0.098,234,Overloaded
2016-05-25,PED-15,Pediatrics,42,34,8,36.26,15.07,633,540,1.1722,0.1905,93,Overloaded
2016-05-25,PED-16,Pediatrics,36,24,12,14.86,15.36,553,540,1.0241,0.3333,13,Overloaded
2016-05-25,PED-17,Pediatrics,41,33,8,33.61,15.22,624,540,1.1556,0.1951,84,Overloaded
2016-05-25,PED-18,Pediatrics,32,24,8,13.75,15.06,482,540,0.8926,0.25,-58,Balanced
2016-05-25,PED-19,Pediatrics,33,24,9,11.76,15.24,503,540,0.9315,0.2727,-37,Overloaded
2016-05-25,PED-20,Pediatrics,49,42,7,65.96,15.33,751,540,1.3907,0.1429,211,Overloaded
2016-05-25,PED-21,Pediatrics,41,31,10,35.85,15.61,640,540,1.1852,0.2439,100,Overloaded
2016-05-25,PED-22,Pediatrics,40,27,13,30.18,15.25,610,540,1.1296,0.325,70,Overloaded
2016-05-25,PED-23,Pediatrics,43,32,11,41.49,15.23,655,540,1.213,0.2558,115,Overloaded
2016-05-25,PED-24,Pediatrics,37,26,11,18.7,15.14,560,540,1.037,0.2973,20,Overloaded
2016-05-25,REH-01,Rehabilitation,1,1,0,16.0,30.0,30,450,0.0667,0.0,-420,Underused
2016-05-25,REH-02,Rehabilitation,1,1,0,16.0,34.0,34,450,0.0756,0.0,-416,Underused
2016-05-25,REH-03,Rehabilitation,5,4,1,14.6,34.6,173,450,0.3844,0.2,-277,Underused
2016-05-25,REH-04,Rehabilitation,2,2,0,16.0,34.5,69,450,0.1533,0.0,-381,Underused
2016-05-25,REH-05,Rehabilitation,4,3,1,16.0,33.0,132,450,0.2933,0.25,-318,Underused
2016-05-25,REH-06,Rehabilitation,4,3,1,16.75,36.75,147,450,0.3267,0.25,-303,Underused
2016-05-25,REH-07,Rehabilitation,6,5,1,15.17,35.67,214,450,0.4756,0.1667,-236,Underused
2016-05-25,REH-08,Rehabilitation,4,3,1,16.5,37.0,148,450,0.3289,0.25,-302,Underused
2016-05-25,REH-09,Rehabilitation,6,4,2,15.67,38.83,233,450,0.5178,0.3333,-217,Underused
2016-05-25,REH-10,Rehabilitation,3,1,2,18.67,35.67,107,450,0.2378,0.6667,-343,Underused
2016-05-25,REH-11,Rehabilitation,4,3,1,16.25,36.75,147,450,0.3267,0.25,-303,Underused
2016-05-25,REH-12,Rehabilitation,3,2,1,16.0,32.67,98,450,0.2178,0.3333,-352,Underused
2016-05-25,REH-13,Rehabilitation,4,2,2,13.0,33.5,134,450,0.2978,0.5,-316,Underused
2016-05-25,REH-14,Rehabilitation,2,2,0,20.0,38.5,77,450,0.1711,0.0,-373,Underused
2016-05-25,REH-15,Rehabilitation,3,2,1,15.33,36.0,108,450,0.24,0.3333,-342,Underused
2016-05-25,REH-16,Rehabilitation,2,2,0,16.0,31.0,62,450,0.1378,0.0,-388,Underused
2016-05-25,REH-17,Rehabilitation,3,3,0,18.67,35.67,107,450,0.2378,0.0,-343,Underused
2016-05-25,REH-18,Rehabilitation,4,3,1,19.75,31.0,124,450,0.2756,0.25,-326,Underused
2016-05-25,REH-19,Rehabilitation,5,4,1,16.2,36.2,181,450,0.4022,0.2,-269,Underused
2016-05-25,REH-20,Rehabilitation,1,1,0,22.0,40.0,40,450,0.0889,0.0,-410,Underused
2016-05-25,REH-21,Rehabilitation,3,3,0,15.67,40.0,120,450,0.2667,0.0,-330,Underused
2016-05-25,REH-22,Rehabilitation,6,5,1,18.33,35.83,215,450,0.4778,0.1667,-235,Underused
2016-05-25,REH-23,Rehabilitation,2,1,1,18.5,30.0,60,450,0.1333,0.5,-390,Underused
2016-05-25,REH-24,Rehabilitation,2,2,0,16.5,39.5,79,450,0.1756,0.0,-371,Underused
2016-05-25,WH-01,Women's Health,33,24,9,25.24,18.42,608,540,1.1259,0.2727,68,Overloaded
2016-05-25,WH-02,Women's Health,35,24,11,36.09,18.74,656,540,1.2148,0.3143,116,Overloaded
2016-05-25,WH-03,Women's Health,44,36,8,71.48,18.68,822,540,1.5222,0.1818,282,Overloaded
2016-05-25,WH-04,Women's Health,44,35,9,72.27,18.59,818,540,1.5148,0.2045,278,Overloaded
2016-05-25,WH-05,Women's Health,34,29,5,31.56,18.71,636,540,1.1778,0.1471,96,Overloaded
2016-05-25,WH-06,Women's Health,49,43,6,89.41,18.49,906,540,1.6778,0.1224,366,Overloaded
2016-05-25,WH-07,Women's Health,43,38,5,65.47,18.47,794,540,1.4704,0.1163,254,Overloaded
2016-05-25,WH-08,Women's Health,42,32,10,62.69,18.48,776,540,1.437,0.2381,236,Overloaded
2016-05-25,WH-09,Women's Health,32,26,6,22.03,18.5,592,540,1.0963,0.1875,52,Overloaded
2016-05-25,WH-10,Women's Health,31,20,11,18.61,18.52,574,540,1.063,0.3548,34,Overloaded
2016-05-25,WH-11,Women's Health,26,19,7,11.5,18.54,482,540,0.8926,0.2692,-58,Balanced
2016-05-25,WH-12,Women's Health,43,32,11,68.33,18.65,802,540,1.4852,0.2558,262,Overloaded
2016-05-25,WH-13,Women's Health,38,24,14,46.42,18.68,710,540,1.3148,0.3684,170,Overloaded
2016-05-25,WH-14,Women's Health,35,28,7,33.03,18.23,638,540,1.1815,0.2,98,Overloaded
2016-05-25,WH-15,Women's Health,37,30,7,40.62,18.32,678,540,1.2556,0.1892,138,Overloaded
2016-05-25,WH-16,Women's Health,47,39,8,82.21,18.38,864,540,1.6,0.1702,324,Overloaded
2016-05-25,WH-17,Women's Health,34,27,7,30.41,18.47,628,540,1.163,0.2059,88,Overloaded
2016-05-25,WH-18,Women's Health,39,28,11,52.28,18.62,726,540,1.3444,0.2821,186,Overloaded
2016-05-25,WH-19,Women's Health,39,29,10,49.31,18.41,718,540,1.3296,0.2564,178,Overloaded
2016-05-25,WH-20,Women's Health,35,31,4,33.91,18.17,636,540,1.1778,0.1143,96,Overloaded
2016-05-25,WH-21,Women's Health,51,41,10,94.08,18.55,946,540,1.7519,0.1961,406,Overloaded
2016-05-25,WH-22,Women's Health,33,27,6,26.76,18.48,610,540,1.1296,0.1818,70,Overloaded
2016-05-25,WH-23,Women's Health,48,38,10,86.52,18.71,898,540,1.663,0.2083,358,Overloaded
2016-05-25,WH-24,Women's Health,43,33,10,68.7,18.88,812,540,1.5037,0.2326,272,Overloaded
2016-05-30,BH-01,Behavioral Health,7,5,2,16.71,29.14,204,480,0.425,0.2857,-276,Underused
2016-05-30,BH-02,Behavioral Health,5,4,1,18.8,29.2,146,480,0.3042,0.2,-334,Underused
2016-05-30,BH-03,Behavioral Health,6,6,0,20.0,28.33,170,480,0.3542,0.0,-310,Underused
2016-05-30,BH-04,Behavioral Health,8,5,3,15.12,27.5,220,480,0.4583,0.375,-260,Underused
2016-05-30,BH-05,Behavioral Health,5,4,1,16.8,30.4,152,480,0.3167,0.2,-328,Underused
2016-05-30,BH-06,Behavioral Health,9,7,2,18.33,30.44,274,480,0.5708,0.2222,-206,Underused
2016-05-30,BH-07,Behavioral Health,5,5,0,16.6,26.8,134,480,0.2792,0.0,-346,Underused
2016-05-30,BH-08,Behavioral Health,7,6,1,16.43,28.0,196,480,0.4083,0.1429,-284,Underused
2016-05-30,BH-09,Behavioral Health,4,3,1,15.5,27.0,108,480,0.225,0.25,-372,Underused
2016-05-30,BH-11,Behavioral Health,4,4,0,16.25,28.5,114,480,0.2375,0.0,-366,Underused
2016-05-30,BH-12,Behavioral Health,6,5,1,17.83,28.33,170,480,0.3542,0.1667,-310,Underused
2016-05-30,BH-13,Behavioral Health,9,8,1,17.11,28.22,254,480,0.5292,0.1111,-226,Underused
2016-05-30,BH-14,Behavioral Health,3,3,0,18.67,27.33,82,480,0.1708,0.0,-398,Underused
2016-05-30,BH-15,Behavioral Health,2,2,0,13.5,27.0,54,480,0.1125,0.0,-426,Underused
2016-05-30,BH-16,Behavioral Health,5,4,1,16.2,29.2,146,480,0.3042,0.2,-334,Underused
2016-05-30,BH-17,Behavioral Health,6,4,2,14.33,26.67,160,480,0.3333,0.3333,-320,Underused
2016-05-30,BH-18,Behavioral Health,4,4,0,16.0,27.5,110,480,0.2292,0.0,-370,Underused
2016-05-30,BH-19,Behavioral Health,4,2,2,15.75,31.0,124,480,0.2583,0.5,-356,Underused
2016-05-30,BH-20,Behavioral Health,6,5,1,17.5,28.67,172,480,0.3583,0.1667,-308,Underused
2016-05-30,BH-21,Behavioral Health,4,3,1,16.25,28.0,112,480,0.2333,0.25,-368,Underused
2016-05-30,BH-22,Behavioral Health,4,2,2,15.5,28.0,112,480,0.2333,0.5,-368,Underused
2016-05-30,BH-23,Behavioral Health,4,2,2,15.0,28.0,112,480,0.2333,0.5,-368,Underused
2016-05-30,BH-24,Behavioral Health,3,3,0,16.33,30.67,92,480,0.1917,0.0,-388,Underused
2016-05-30,CHR-01,Chronic Care,13,10,3,15.85,26.31,342,510,0.6706,0.2308,-168,Balanced
2016-05-30,CHR-02,Chronic Care,14,11,3,15.21,26.0,364,510,0.7137,0.2143,-146,Balanced
2016-05-30,CHR-03,Chronic Care,17,11,6,14.65,25.88,440,510,0.8627,0.3529,-70,Balanced
2016-05-30,CHR-04,Chronic Care,27,24,3,46.0,26.15,706,510,1.3843,0.1111,196,Overloaded
2016-05-30,CHR-05,Chronic Care,23,18,5,27.87,26.0,598,510,1.1725,0.2174,88,Overloaded
2016-05-30,CHR-06,Chronic Care,22,16,6,21.41,25.09,552,510,1.0824,0.2727,42,Overloaded
2016-05-30,CHR-07,Chronic Care,25,18,7,33.88,25.68,642,510,1.2588,0.28,132,Overloaded
2016-05-30,CHR-08,Chronic Care,24,16,8,31.88,25.67,616,510,1.2078,0.3333,106,Overloaded
2016-05-30,CHR-09,Chronic Care,23,18,5,27.39,26.0,598,510,1.1725,0.2174,88,Overloaded
2016-05-30,CHR-10,Chronic Care,18,11,7,14.17,25.0,450,510,0.8824,0.3889,-60,Balanced
2016-05-30,CHR-11,Chronic Care,23,22,1,26.78,25.13,578,510,1.1333,0.0435,68,Overloaded
2016-05-30,CHR-12,Chronic Care,22,19,3,21.27,25.27,556,510,1.0902,0.1364,46,Overloaded
2016-05-30,CHR-13,Chronic Care,26,22,4,38.54,25.23,656,510,1.2863,0.1538,146,Overloaded
2016-05-30,CHR-14,Chronic Care,24,20,4,28.88,24.92,598,510,1.1725,0.1667,88,Overloaded
2016-05-30,CHR-15,Chronic Care,29,20,9,51.72,25.86,750,510,1.4706,0.3103,240,Overloaded
2016-05-30,CHR-16,Chronic Care,24,19,5,32.5,25.92,622,510,1.2196,0.2083,112,Overloaded
2016-05-30,CHR-17,Chronic Care,21,19,2,14.14,24.57,516,510,1.0118,0.0952,6,Overloaded
2016-05-30,CHR-18,Chronic Care,20,17,3,17.4,24.9,498,510,0.9765,0.15,-12,Overloaded
2016-05-30,CHR-19,Chronic Care,23,20,3,28.09,25.83,594,510,1.1647,0.1304,84,Overloaded
2016-05-30,CHR-20,Chronic Care,17,13,4,16.24,26.47,450,510,0.8824,0.2353,-60,Balanced
2016-05-30,CHR-21,Chronic Care,23,21,2,27.26,25.74,592,510,1.1608,0.087,82,Overloaded
2016-05-30,CHR-22,Chronic Care,33,27,6,66.7,25.52,842,510,1.651,0.1818,332,Overloaded
2016-05-30,CHR-23,Chronic Care,18,14,4,14.28,25.11,452,510,0.8863,0.2222,-58,Balanced
2016-05-30,CHR-24,Chronic Care,19,19,0,17.26,26.0,494,510,0.9686,0.0,-16,Overloaded
2016-05-30,FM-01,Family Medicine,46,40,6,72.8,17.78,818,540,1.5148,0.1304,278,Overloaded
2016-05-30,FM-02,Family Medicine,58,47,11,95.0,17.55,1018,540,1.8852,0.1897,478,Overloaded
2016-05-30,FM-03,Family Medicine,50,41,9,87.04,17.52,876,540,1.6222,0.18,336,Overloaded
2016-05-30,FM-04,Family Medicine,43,30,13,59.84,17.42,749,540,1.387,0.3023,209,Overloaded
2016-05-30,FM-05,Family Medicine,45,41,4,66.29,17.44,785,540,1.4537,0.0889,245,Overloaded
2016-05-30,FM-06,Family Medicine,46,37,9,72.2,17.7,814,540,1.5074,0.1957,274,Overloaded
2016-05-30,FM-07,Family Medicine,54,45,9,95.0,17.56,948,540,1.7556,0.1667,408,Overloaded
2016-05-30,FM-08,Family Medicine,47,39,8,73.98,17.13,805,540,1.4907,0.1702,265,Overloaded
2016-05-30,FM-09,Family Medicine,53,42,11,94.06,17.45,925,540,1.713,0.2075,385,Overloaded
2016-05-30,FM-10,Family Medicine,49,42,7,84.61,17.65,865,540,1.6019,0.1429,325,Overloaded
2016-05-30,FM-11,Family Medicine,38,31,7,38.05,17.37,660,540,1.2222,0.1842,120,Overloaded
2016-05-30,FM-12,Family Medicine,57,50,7,95.0,17.42,993,540,1.8389,0.1228,453,Overloaded
2016-05-30,FM-13,Family Medicine,45,33,12,67.02,17.49,787,540,1.4574,0.2667,247,Overloaded
2016-05-30,FM-14,Family Medicine,50,41,9,86.28,17.32,866,540,1.6037,0.18,326,Overloaded
2016-05-30,FM-15,Family Medicine,49,36,13,81.82,17.45,855,540,1.5833,0.2653,315,Overloaded
2016-05-30,FM-16,Family Medicine,52,40,12,92.98,17.54,912,540,1.6889,0.2308,372,Overloaded
2016-05-30,FM-17,Family Medicine,47,37,10,75.13,17.6,827,540,1.5315,0.2128,287,Overloaded
2016-05-30,FM-18,Family Medicine,43,37,6,59.93,17.51,753,540,1.3944,0.1395,213,Overloaded
2016-05-30,FM-19,Family Medicine,35,24,11,27.37,17.57,615,540,1.1389,0.3143,75,Overloaded
2016-05-30,FM-20,Family Medicine,53,47,6,94.4,17.57,931,540,1.7241,0.1132,391,Overloaded
2016-05-30,FM-21,Family Medicine,39,34,5,40.87,17.26,673,540,1.2463,0.1282,133,Overloaded
2016-05-30,FM-22,Family Medicine,46,40,6,71.61,17.39,800,540,1.4815,0.1304,260,Overloaded
2016-05-30,FM-23,Family Medicine,37,32,5,34.84,17.43,645,540,1.1944,0.1351,105,Overloaded
2016-05-30,FM-24,Family Medicine,42,30,12,53.81,17.33,728,540,1.3481,0.2857,188,Overloaded
2016-05-30,GER-01,Geriatrics,20,18,2,33.9,32.7,654,480,1.3625,0.1,174,Overloaded
2016-05-30,GER-02,Geriatrics,28,24,4,66.14,32.93,922,480,1.9208,0.1429,442,Overloaded
2016-05-30,GER-03,Geriatrics,26,23,3,57.69,32.77,852,480,1.775,0.1154,372,Overloaded
2016-05-30,GER-04,Geriatrics,16,14,2,16.62,32.0,512,480,1.0667,0.125,32,Overloaded
2016-05-30,GER-05,Geriatrics,26,21,5,55.23,32.38,842,480,1.7542,0.1923,362,Overloaded
2016-05-30,GER-06,Geriatrics,27,20,7,61.81,32.56,879,480,1.8312,0.2593,399,Overloaded
2016-05-30,GER-07,Geriatrics,15,11,4,13.0,31.8,477,480,0.9938,0.2667,-3,Overloaded
2016-05-30,GER-08,Geriatrics,20,15,5,35.0,33.0,660,480,1.375,0.25,180,Overloaded
2016-05-30,GER-09,Geriatrics,22,19,3,39.82,32.18,708,480,1.475,0.1364,228,Overloaded
2016-05-30,GER-10,Geriatrics,22,17,5,42.5,32.64,718,480,1.4958,0.2273,238,Overloaded
2016-05-30,GER-11,Geriatrics,26,23,3,56.15,32.23,838,480,1.7458,0.1154,358,Overloaded
2016-05-30,GER-12,Geriatrics,28,25,3,63.11,31.5,882,480,1.8375,0.1071,402,Overloaded
2016-05-30,GER-13,Geriatrics,15,10,5,16.4,33.27,499,480,1.0396,0.3333,19,Overloaded
2016-05-30,GER-14,Geriatrics,18,16,2,25.89,33.0,594,480,1.2375,0.1111,114,Overloaded
2016-05-30,GER-15,Geriatrics,23,20,3,44.17,32.39,745,480,1.5521,0.1304,265,Overloaded
2016-05-30,GER-16,Geriatrics,16,15,1,19.38,32.38,518,480,1.0792,0.0625,38,Overloaded
2016-05-30,GER-17,Geriatrics,28,24,4,64.5,32.36,906,480,1.8875,0.1429,426,Overloaded
2016-05-30,GER-18,Geriatrics,21,17,4,37.67,32.9,691,480,1.4396,0.1905,211,Overloaded
2016-05-30,GER-19,Geriatrics,22,21,1,41.14,33.0,726,480,1.5125,0.0455,246,Overloaded
2016-05-30,GER-20,Geriatrics,25,20,5,51.64,31.72,793,480,1.6521,0.2,313,Overloaded
2016-05-30,GER-21,Geriatrics,14,9,5,13.86,33.14,464,480,0.9667,0.3571,-16,Overloaded
2016-05-30,GER-22,Geriatrics,26,25,1,57.15,32.92,856,480,1.7833,0.0385,376,Overloaded
2016-05-30,GER-23,Geriatrics,23,22,1,46.57,33.35,767,480,1.5979,0.0435,287,Overloaded
2016-05-30,GER-24,Geriatrics,29,23,6,68.86,32.17,933,480,1.9438,0.2069,453,Overloaded
2016-05-30,PED-01,Pediatrics,52,43,9,77.12,15.21,791,540,1.4648,0.1731,251,Overloaded
2016-05-30,PED-02,Pediatrics,47,36,11,60.15,15.53,730,540,1.3519,0.234,190,Overloaded
2016-05-30,PED-03,Pediatrics,50,36,14,69.46,15.4,770,540,1.4259,0.28,230,Overloaded
2016-05-30,PED-04,Pediatrics,47,37,10,59.85,15.43,725,540,1.3426,0.2128,185,Overloaded
2016-05-30,PED-05,Pediatrics,52,44,8,77.83,15.27,794,540,1.4704,0.1538,254,Overloaded
2016-05-30,PED-06,Pediatrics,38,31,7,21.89,15.37,584,540,1.0815,0.1842,44,Overloaded
2016-05-30,PED-07,Pediatrics,43,33,10,41.37,15.26,656,540,1.2148,0.2326,116,Overloaded
2016-05-30,PED-08,Pediatrics,38,36,2,22.58,15.29,581,540,1.0759,0.0526,41,Overloaded
2016-05-30,PED-09,Pediatrics,44,36,8,45.09,15.3,673,540,1.2463,0.1818,133,Overloaded
2016-05-30,PED-10,Pediatrics,43,32,11,42.44,15.21,654,540,1.2111,0.2558,114,Overloaded
2016-05-30,PED-11,Pediatrics,42,32,10,37.5,15.4,647,540,1.1981,0.2381,107,Overloaded
2016-05-30,PED-12,Pediatrics,38,29,9,23.37,15.47,588,540,1.0889,0.2368,48,Overloaded
2016-05-30,PED-13,Pediatrics,45,38,7,49.67,15.24,686,540,1.2704,0.1556,146,Overloaded
2016-05-30,PED-14,Pediatrics,34,24,10,12.53,15.35,522,540,0.9667,0.2941,-18,Overloaded
2016-05-30,PED-15,Pediatrics,44,37,7,46.66,15.23,670,540,1.2407,0.1591,130,Overloaded
2016-05-30,PED-16,Pediatrics,40,28,12,30.48,15.3,612,540,1.1333,0.3,72,Overloaded
2016-05-30,PED-17,Pediatrics,44,34,10,47.66,15.55,684,540,1.2667,0.2273,144,Overloaded
2016-05-30,PED-18,Pediatrics,44,34,10,49.68,15.57,685,540,1.2685,0.2273,145,Overloaded
2016-05-30,PED-19,Pediatrics,49,37,12,65.37,15.24,747,540,1.3833,0.2449,207,Overloaded
2016-05-30,PED-20,Pediatrics,48,37,11,62.69,15.21,730,540,1.3519,0.2292,190,Overloaded
2016-05-30,PED-21,Pediatrics,41,34,7,35.32,15.49,635,540,1.1759,0.1707,95,Overloaded
2016-05-30,PED-22,Pediatrics,45,40,5,50.09,15.18,683,540,1.2648,0.1111,143,Overloaded
2016-05-30,PED-23,Pediatrics,52,40,12,78.88,15.38,800,540,1.4815,0.2308,260,Overloaded
2016-05-30,PED-24,Pediatrics,54,43,11,85.43,15.31,827,540,1.5315,0.2037,287,Overloaded
2016-05-30,REH-01,Rehabilitation,2,1,1,18.0,43.0,86,450,0.1911,0.5,-364,Underused
2016-05-30,REH-02,Rehabilitation,2,2,0,18.5,33.0,66,450,0.1467,0.0,-384,Underused
2016-05-30,REH-03,Rehabilitation,4,4,0,14.25,34.0,136,450,0.3022,0.0,-314,Underused
2016-05-30,REH-04,Rehabilitation,5,2,3,16.0,35.0,175,450,0.3889,0.6,-275,Underused
2016-05-30,REH-05,Rehabilitation,5,5,0,18.6,41.8,209,450,0.4644,0.0,-241,Underused
2016-05-30,REH-06,Rehabilitation,4,4,0,17.0,35.5,142,450,0.3156,0.0,-308,Underused
2016-05-30,REH-07,Rehabilitation,4,4,0,17.0,35.75,143,450,0.3178,0.0,-307,Underused
2016-05-30,REH-08,Rehabilitation,7,3,4,15.57,37.29,261,450,0.58,0.5714,-189,Underused
2016-05-30,REH-09,Rehabilitation,2,2,0,15.0,39.5,79,450,0.1756,0.0,-371,Underused
2016-05-30,REH-10,Rehabilitation,4,3,1,14.5,36.5,146,450,0.3244,0.25,-304,Underused
2016-05-30,REH-12,Rehabilitation,2,1,1,19.0,38.5,77,450,0.1711,0.5,-373,Underused
2016-05-30,REH-13,Rehabilitation,4,3,1,17.5,36.75,147,450,0.3267,0.25,-303,Underused
2016-05-30,REH-14,Rehabilitation,1,1,0,21.0,32.0,32,450,0.0711,0.0,-418,Underused
2016-05-30,REH-15,Rehabilitation,7,6,1,15.71,34.43,241,450,0.5356,0.1429,-209,Underused
2016-05-30,REH-16,Rehabilitation,1,0,1,11.0,34.0,34,450,0.0756,1.0,-416,Underused
2016-05-30,REH-17,Rehabilitation,2,2,0,16.0,42.0,84,450,0.1867,0.0,-366,Underused
2016-05-30,REH-18,Rehabilitation,3,1,2,14.67,38.33,115,450,0.2556,0.6667,-335,Underused
2016-05-30,REH-19,Rehabilitation,2,2,0,12.0,34.5,69,450,0.1533,0.0,-381,Underused
2016-05-30,REH-20,Rehabilitation,2,1,1,23.0,38.0,76,450,0.1689,0.5,-374,Underused
2016-05-30,REH-21,Rehabilitation,3,2,1,17.33,38.33,115,450,0.2556,0.3333,-335,Underused
2016-05-30,REH-22,Rehabilitation,5,4,1,19.2,36.0,180,450,0.4,0.2,-270,Underused
2016-05-30,REH-23,Rehabilitation,3,3,0,16.67,39.0,117,450,0.26,0.0,-333,Underused
2016-05-30,REH-24,Rehabilitation,2,2,0,21.0,31.0,62,450,0.1378,0.0,-388,Underused
2016-05-30,WH-01,Women's Health,42,32,10,62.36,18.67,784,540,1.4519,0.2381,244,Overloaded
2016-05-30,WH-02,Women's Health,33,23,10,27.33,18.67,616,540,1.1407,0.303,76,Overloaded
2016-05-30,WH-03,Women's Health,41,28,13,60.63,18.98,778,540,1.4407,0.3171,238,Overloaded
2016-05-30,WH-04,Women's Health,57,48,9,95.0,18.56,1058,540,1.9593,0.1579,518,Overloaded
2016-05-30,WH-05,Women's Health,36,30,6,37.44,18.39,662,540,1.2259,0.1667,122,Overloaded
2016-05-30,WH-06,Women's Health,36,29,7,38.78,18.33,660,540,1.2222,0.1944,120,Overloaded
2016-05-30,WH-07,Women's Health,50,38,12,92.2,18.8,940,540,1.7407,0.24,400,Overloaded
2016-05-30,WH-08,Women's Health,43,31,12,68.65,18.84,810,540,1.5,0.2791,270,Overloaded
2016-05-30,WH-09,Women's Health,39,37,2,51.08,18.67,728,540,1.3481,0.0513,188,Overloaded
2016-05-30,WH-10,Women's Health,37,28,9,44.73,18.65,690,540,1.2778,0.2432,150,Overloaded
2016-05-30,WH-11,Women's Health,55,42,13,95.0,18.8,1034,540,1.9148,0.2364,494,Overloaded
2016-05-30,WH-12,Women's Health,39,35,4,52.41,18.77,732,540,1.3556,0.1026,192,Overloaded
2016-05-30,WH-13,Women's Health,54,44,10,95.0,18.74,1012,540,1.8741,0.1852,472,Overloaded
2016-05-30,WH-14,Women's Health,45,36,9,76.02,18.71,842,540,1.5593,0.2,302,Overloaded
2016-05-30,WH-15,Women's Health,44,34,10,71.0,18.64,820,540,1.5185,0.2273,280,Overloaded
2016-05-30,WH-16,Women's Health,52,43,9,95.0,18.65,970,540,1.7963,0.1731,430,Overloaded
2016-05-30,WH-17,Women's Health,37,30,7,43.03,18.81,696,540,1.2889,0.1892,156,Overloaded
2016-05-30,WH-18,Women's Health,38,28,10,49.13,18.89,718,540,1.3296,0.2632,178,Overloaded
2016-05-30,WH-19,Women's Health,39,27,12,49.44,18.46,720,540,1.3333,0.3077,180,Overloaded
2016-05-30,WH-20,Women's Health,35,30,5,35.63,18.63,652,540,1.2074,0.1429,112,Overloaded
2016-05-30,WH-21,Women's Health,54,44,10,95.0,18.74,1012,540,1.8741,0.1852,472,Overloaded
2016-05-30,WH-22,Women's Health,47,35,12,84.79,18.94,890,540,1.6481,0.2553,350,Overloaded
2016-05-30,WH-23,Women's Health,50,37,13,91.5,18.52,926,540,1.7148,0.26,386,Overloaded
2016-05-30,WH-24,Women's Health,53,39,14,95.0,18.68,990,540,1.8333,0.2642,450,Overloaded
2016-05-31,BH-01,Behavioral Health,3,2,1,16.33,28.67,86,480,0.1792,0.3333,-394,Underused
2016-05-31,BH-02,Behavioral Health,4,4,0,15.75,29.5,118,480,0.2458,0.0,-362,Underused
2016-05-31,BH-03,Behavioral Health,6,5,1,17.17,29.33,176,480,0.3667,0.1667,-304,Underused
2016-05-31,BH-04,Behavioral Health,4,4,0,17.25,26.5,106,480,0.2208,0.0,-374,Underused
2016-05-31,BH-05,Behavioral Health,5,3,2,14.6,27.6,138,480,0.2875,0.4,-342,Underused
2016-05-31,BH-06,Behavioral Health,7,5,2,18.14,29.14,204,480,0.425,0.2857,-276,Underused
2016-05-31,BH-07,Behavioral Health,3,2,1,17.67,26.67,80,480,0.1667,0.3333,-400,Underused
2016-05-31,BH-08,Behavioral Health,5,5,0,17.6,27.6,138,480,0.2875,0.0,-342,Underused
2016-05-31,BH-09,Behavioral Health,2,2,0,18.5,27.0,54,480,0.1125,0.0,-426,Underused
2016-05-31,BH-10,Behavioral Health,4,3,1,18.75,28.5,114,480,0.2375,0.25,-366,Underused
2016-05-31,BH-11,Behavioral Health,5,5,0,14.0,27.6,138,480,0.2875,0.0,-342,Underused
2016-05-31,BH-12,Behavioral Health,5,4,1,14.6,27.2,136,480,0.2833,0.2,-344,Underused
2016-05-31,BH-13,Behavioral Health,2,2,0,20.0,28.0,56,480,0.1167,0.0,-424,Underused
2016-05-31,BH-14,Behavioral Health,9,7,2,15.56,28.0,252,480,0.525,0.2222,-228,Underused
2016-05-31,BH-15,Behavioral Health,6,5,1,15.33,28.0,168,480,0.35,0.1667,-312,Underused
2016-05-31,BH-16,Behavioral Health,2,1,1,17.5,29.0,58,480,0.1208,0.5,-422,Underused
2016-05-31,BH-17,Behavioral Health,4,2,2,15.25,26.5,106,480,0.2208,0.5,-374,Underused
2016-05-31,BH-18,Behavioral Health,8,6,2,16.0,26.75,214,480,0.4458,0.25,-266,Underused
2016-05-31,BH-19,Behavioral Health,6,4,2,13.67,28.33,170,480,0.3542,0.3333,-310,Underused
2016-05-31,BH-20,Behavioral Health,5,4,1,18.6,28.0,140,480,0.2917,0.2,-340,Underused
2016-05-31,BH-21,Behavioral Health,6,5,1,14.17,28.33,170,480,0.3542,0.1667,-310,Underused
2016-05-31,BH-22,Behavioral Health,6,6,0,17.83,28.67,172,480,0.3583,0.0,-308,Underused
2016-05-31,BH-23,Behavioral Health,1,1,0,19.0,30.0,30,480,0.0625,0.0,-450,Underused
2016-05-31,BH-24,Behavioral Health,7,7,0,15.57,28.86,202,480,0.4208,0.0,-278,Underused
2016-05-31,CHR-01,Chronic Care,21,18,3,20.9,26.57,558,510,1.0941,0.1429,48,Overloaded
2016-05-31,CHR-02,Chronic Care,26,24,2,40.12,25.62,666,510,1.3059,0.0769,156,Overloaded
2016-05-31,CHR-03,Chronic Care,21,20,1,16.48,24.95,524,510,1.0275,0.0476,14,Overloaded
2016-05-31,CHR-04,Chronic Care,22,20,2,22.41,24.91,548,510,1.0745,0.0909,38,Overloaded
2016-05-31,CHR-05,Chronic Care,30,28,2,55.3,25.4,762,510,1.4941,0.0667,252,Overloaded
2016-05-31,CHR-06,Chronic Care,16,14,2,15.88,24.62,394,510,0.7725,0.125,-116,Balanced
2016-05-31,CHR-07,Chronic Care,14,13,1,14.71,26.0,364,510,0.7137,0.0714,-146,Balanced
2016-05-31,CHR-08,Chronic Care,20,18,2,17.7,25.5,510,510,1.0,0.1,0,Overloaded
2016-05-31,CHR-09,Chronic Care,18,15,3,15.89,25.11,452,510,0.8863,0.1667,-58,Balanced
2016-05-31,CHR-10,Chronic Care,18,14,4,15.89,25.33,456,510,0.8941,0.2222,-54,Balanced
2016-05-31,CHR-11,Chronic Care,18,16,2,16.56,26.22,472,510,0.9255,0.1111,-38,Overloaded
2016-05-31,CHR-12,Chronic Care,19,15,4,18.95,26.32,500,510,0.9804,0.2105,-10,Overloaded
2016-05-31,CHR-13,Chronic Care,19,17,2,16.32,25.16,478,510,0.9373,0.1053,-32,Overloaded
2016-05-31,CHR-14,Chronic Care,21,18,3,21.43,26.1,548,510,1.0745,0.1429,38,Overloaded
2016-05-31,CHR-15,Chronic Care,22,18,4,21.05,24.91,548,510,1.0745,0.1818,38,Overloaded
2016-05-31,CHR-16,Chronic Care,19,14,5,16.37,25.05,476,510,0.9333,0.2632,-34,Overloaded
2016-05-31,CHR-17,Chronic Care,24,19,5,30.38,25.67,616,510,1.2078,0.2083,106,Overloaded
2016-05-31,CHR-18,Chronic Care,19,17,2,15.95,25.47,484,510,0.949,0.1053,-26,Overloaded
2016-05-31,CHR-19,Chronic Care,23,14,9,26.87,25.3,582,510,1.1412,0.3913,72,Overloaded
2016-05-31,CHR-20,Chronic Care,23,19,4,29.78,25.91,596,510,1.1686,0.1739,86,Overloaded
2016-05-31,CHR-21,Chronic Care,17,15,2,14.88,25.53,434,510,0.851,0.1176,-76,Balanced
2016-05-31,CHR-22,Chronic Care,22,18,4,20.14,24.64,542,510,1.0627,0.1818,32,Overloaded
2016-05-31,CHR-23,Chronic Care,26,23,3,37.23,25.15,654,510,1.2824,0.1154,144,Overloaded
2016-05-31,CHR-24,Chronic Care,19,14,5,15.05,25.16,478,510,0.9373,0.2632,-32,Overloaded
2016-05-31,FM-01,Family Medicine,50,46,4,84.7,17.28,864,540,1.6,0.08,324,Overloaded
2016-05-31,FM-02,Family Medicine,38,33,5,38.29,17.26,656,540,1.2148,0.1316,116,Overloaded
2016-05-31,FM-03,Family Medicine,40,35,5,46.65,17.45,698,540,1.2926,0.125,158,Overloaded
2016-05-31,FM-04,Family Medicine,43,31,12,60.49,17.47,751,540,1.3907,0.2791,211,Overloaded
2016-05-31,FM-05,Family Medicine,36,32,4,30.03,17.33,624,540,1.1556,0.1111,84,Overloaded
2016-05-31,FM-06,Family Medicine,34,30,4,22.35,17.35,590,540,1.0926,0.1176,50,Overloaded
2016-05-31,FM-07,Family Medicine,41,30,11,49.07,17.34,711,540,1.3167,0.2683,171,Overloaded
2016-05-31,FM-08,Family Medicine,45,35,10,68.02,17.49,787,540,1.4574,0.2222,247,Overloaded
2016-05-31,FM-09,Family Medicine,41,32,9,50.2,17.39,713,540,1.3204,0.2195,173,Overloaded
2016-05-31,FM-10,Family Medicine,34,31,3,23.97,17.41,592,540,1.0963,0.0882,52,Overloaded
2016-05-31,FM-11,Family Medicine,43,35,8,57.02,17.23,741,540,1.3722,0.186,201,Overloaded
2016-05-31,FM-12,Family Medicine,32,21,11,15.59,17.38,556,540,1.0296,0.3438,16,Overloaded
2016-05-31,FM-13,Family Medicine,46,39,7,71.28,17.48,804,540,1.4889,0.1522,264,Overloaded
2016-05-31,FM-14,Family Medicine,42,33,9,55.93,17.48,734,540,1.3593,0.2143,194,Overloaded
2016-05-31,FM-15,Family Medicine,52,45,7,92.04,17.35,902,540,1.6704,0.1346,362,Overloaded
2016-05-31,FM-16,Family Medicine,26,21,5,12.5,17.08,444,540,0.8222,0.1923,-96,Balanced
2016-05-31,FM-17,Family Medicine,46,42,4,68.61,17.17,790,540,1.463,0.087,250,Overloaded
2016-05-31,FM-18,Family Medicine,37,31,6,37.14,17.54,649,540,1.2019,0.1622,109,Overloaded
2016-05-31,FM-19,Family Medicine,40,32,8,46.42,17.5,700,540,1.2963,0.2,160,Overloaded
2016-05-31,FM-20,Family Medicine,39,33,6,43.56,17.36,677,540,1.2537,0.1538,137,Overloaded
2016-05-31,FM-21,Family Medicine,34,26,8,21.71,17.35,590,540,1.0926,0.2353,50,Overloaded
2016-05-31,FM-22,Family Medicine,51,39,12,90.39,17.35,885,540,1.6389,0.2353,345,Overloaded
2016-05-31,FM-23,Family Medicine,33,24,9,18.03,17.42,575,540,1.0648,0.2727,35,Overloaded
2016-05-31,FM-24,Family Medicine,49,43,6,83.65,17.41,853,540,1.5796,0.1224,313,Overloaded
2016-05-31,GER-01,Geriatrics,25,23,2,52.68,32.36,809,480,1.6854,0.08,329,Overloaded
2016-05-31,GER-02,Geriatrics,22,21,1,44.55,32.91,724,480,1.5083,0.0455,244,Overloaded
2016-05-31,GER-03,Geriatrics,16,15,1,17.06,32.12,514,480,1.0708,0.0625,34,Overloaded
2016-05-31,GER-04,Geriatrics,28,26,2,63.86,31.86,892,480,1.8583,0.0714,412,Overloaded
2016-05-31,GER-05,Geriatrics,24,20,4,50.58,33.42,802,480,1.6708,0.1667,322,Overloaded
2016-05-31,GER-06,Geriatrics,18,17,1,29.33,33.67,606,480,1.2625,0.0556,126,Overloaded
2016-05-31,GER-07,Geriatrics,35,30,5,90.26,33.0,1155,480,2.4062,0.1429,675,Overloaded
2016-05-31,GER-08,Geriatrics,31,26,5,77.65,32.48,1007,480,2.0979,0.1613,527,Overloaded
2016-05-31,GER-09,Geriatrics,21,19,2,39.86,33.38,701,480,1.4604,0.0952,221,Overloaded
2016-05-31,GER-10,Geriatrics,18,17,1,22.11,31.78,572,480,1.1917,0.0556,92,Overloaded
2016-05-31,GER-11,Geriatrics,21,19,2,38.05,32.62,685,480,1.4271,0.0952,205,Overloaded
2016-05-31,GER-12,Geriatrics,24,22,2,50.67,32.5,780,480,1.625,0.0833,300,Overloaded
2016-05-31,GER-13,Geriatrics,26,21,5,58.62,33.15,862,480,1.7958,0.1923,382,Overloaded
2016-05-31,GER-14,Geriatrics,18,15,3,27.22,33.22,598,480,1.2458,0.1667,118,Overloaded
2016-05-31,GER-15,Geriatrics,24,20,4,51.71,33.67,808,480,1.6833,0.1667,328,Overloaded
2016-05-31,GER-16,Geriatrics,18,15,3,30.89,34.11,614,480,1.2792,0.1667,134,Overloaded
2016-05-31,GER-17,Geriatrics,24,21,3,50.96,33.17,796,480,1.6583,0.125,316,Overloaded
2016-05-31,GER-18,Geriatrics,20,16,4,31.8,31.8,636,480,1.325,0.2,156,Overloaded
2016-05-31,GER-19,Geriatrics,27,23,4,61.96,33.22,897,480,1.8688,0.1481,417,Overloaded
2016-05-31,GER-20,Geriatrics,24,20,4,49.25,32.25,774,480,1.6125,0.1667,294,Overloaded
2016-05-31,GER-21,Geriatrics,22,20,2,39.95,32.82,722,480,1.5042,0.0909,242,Overloaded
2016-05-31,GER-22,Geriatrics,30,28,2,72.27,32.4,972,480,2.025,0.0667,492,Overloaded
2016-05-31,GER-23,Geriatrics,16,15,1,16.69,32.5,520,480,1.0833,0.0625,40,Overloaded
2016-05-31,GER-24,Geriatrics,35,29,6,91.14,32.6,1141,480,2.3771,0.1714,661,Overloaded
2016-05-31,PED-01,Pediatrics,54,44,10,85.69,15.37,830,540,1.537,0.1852,290,Overloaded
2016-05-31,PED-02,Pediatrics,36,30,6,13.44,15.19,547,540,1.013,0.1667,7,Overloaded
2016-05-31,PED-03,Pediatrics,45,39,6,49.36,15.16,682,540,1.263,0.1333,142,Overloaded
2016-05-31,PED-04,Pediatrics,38,32,6,22.0,15.29,581,540,1.0759,0.1579,41,Overloaded
2016-05-31,PED-05,Pediatrics,32,22,10,12.5,15.28,489,540,0.9056,0.3125,-51,Overloaded
2016-05-31,PED-06,Pediatrics,42,34,8,36.33,15.07,633,540,1.1722,0.1905,93,Overloaded
2016-05-31,PED-07,Pediatrics,40,36,4,30.22,15.25,610,540,1.1296,0.1,70,Overloaded
2016-05-31,PED-08,Pediatrics,44,34,10,44.86,15.25,671,540,1.2426,0.2273,131,Overloaded
2016-05-31,PED-09,Pediatrics,39,34,5,26.05,15.33,598,540,1.1074,0.1282,58,Overloaded
2016-05-31,PED-10,Pediatrics,39,33,6,25.92,15.15,591,540,1.0944,0.1538,51,Overloaded
2016-05-31,PED-11,Pediatrics,51,44,7,74.16,15.24,777,540,1.4389,0.1373,237,Overloaded
2016-05-31,PED-12,Pediatrics,40,32,8,30.9,15.25,610,540,1.1296,0.2,70,Overloaded
2016-05-31,PED-13,Pediatrics,37,28,9,17.35,15.19,562,540,1.0407,0.2432,22,Overloaded
2016-05-31,PED-14,Pediatrics,45,32,13,51.02,15.24,686,540,1.2704,0.2889,146,Overloaded
2016-05-31,PED-15,Pediatrics,32,27,5,11.69,15.19,486,540,0.9,0.1562,-54,Overloaded
2016-05-31,PED-16,Pediatrics,43,35,8,42.35,15.16,652,540,1.2074,0.186,112,Overloaded
2016-05-31,PED-17,Pediatrics,31,23,8,11.32,15.35,476,540,0.8815,0.2581,-64,Balanced
2016-05-31,PED-18,Pediatrics,53,44,9,84.11,15.4,816,540,1.5111,0.1698,276,Overloaded
2016-05-31,PED-19,Pediatrics,29,26,3,12.24,15.41,447,540,0.8278,0.1034,-93,Balanced
2016-05-31,PED-20,Pediatrics,36,30,6,15.53,15.33,552,540,1.0222,0.1667,12,Overloaded
2016-05-31,PED-21,Pediatrics,51,41,10,74.75,15.31,781,540,1.4463,0.1961,241,Overloaded
2016-05-31,PED-22,Pediatrics,42,36,6,39.26,15.36,645,540,1.1944,0.1429,105,Overloaded
2016-05-31,PED-23,Pediatrics,50,43,7,69.18,15.2,760,540,1.4074,0.14,220,Overloaded
2016-05-31,PED-24,Pediatrics,47,37,10,58.85,15.38,723,540,1.3389,0.2128,183,Overloaded
2016-05-31,REH-01,Rehabilitation,2,2,0,19.0,41.0,82,450,0.1822,0.0,-368,Underused
2016-05-31,REH-02,Rehabilitation,2,2,0,22.5,37.5,75,450,0.1667,0.0,-375,Underused
2016-05-31,REH-03,Rehabilitation,3,2,1,15.33,33.33,100,450,0.2222,0.3333,-350,Underused
2016-05-31,REH-04,Rehabilitation,3,3,0,14.67,34.67,104,450,0.2311,0.0,-346,Underused
2016-05-31,REH-05,Rehabilitation,1,1,0,16.0,32.0,32,450,0.0711,0.0,-418,Underused
2016-05-31,REH-06,Rehabilitation,1,1,0,16.0,32.0,32,450,0.0711,0.0,-418,Underused
2016-05-31,REH-07,Rehabilitation,3,3,0,20.67,39.33,118,450,0.2622,0.0,-332,Underused
2016-05-31,REH-08,Rehabilitation,5,3,2,16.8,35.6,178,450,0.3956,0.4,-272,Underused
2016-05-31,REH-09,Rehabilitation,1,1,0,21.0,32.0,32,450,0.0711,0.0,-418,Underused
2016-05-31,REH-10,Rehabilitation,5,3,2,17.8,34.0,170,450,0.3778,0.4,-280,Underused
2016-05-31,REH-11,Rehabilitation,6,2,4,15.83,36.0,216,450,0.48,0.6667,-234,Underused
2016-05-31,REH-12,Rehabilitation,1,1,0,16.0,32.0,32,450,0.0711,0.0,-418,Underused
2016-05-31,REH-13,Rehabilitation,4,4,0,12.25,34.0,136,450,0.3022,0.0,-314,Underused
2016-05-31,REH-14,Rehabilitation,3,3,0,17.0,36.33,109,450,0.2422,0.0,-341,Underused
2016-05-31,REH-15,Rehabilitation,3,3,0,20.67,38.33,115,450,0.2556,0.0,-335,Underused
2016-05-31,REH-16,Rehabilitation,3,3,0,21.33,34.0,102,450,0.2267,0.0,-348,Underused
2016-05-31,REH-17,Rehabilitation,4,2,2,17.75,37.25,149,450,0.3311,0.5,-301,Underused
2016-05-31,REH-18,Rehabilitation,3,3,0,23.67,45.0,135,450,0.3,0.0,-315,Underused
2016-05-31,REH-19,Rehabilitation,3,3,0,20.33,42.33,127,450,0.2822,0.0,-323,Underused
2016-05-31,REH-20,Rehabilitation,4,3,1,16.75,35.75,143,450,0.3178,0.25,-307,Underused
2016-05-31,REH-21,Rehabilitation,5,4,1,16.4,39.8,199,450,0.4422,0.2,-251,Underused
2016-05-31,REH-22,Rehabilitation,4,3,1,18.0,36.5,146,450,0.3244,0.25,-304,Underused
2016-05-31,REH-23,Rehabilitation,5,4,1,14.2,34.6,173,450,0.3844,0.2,-277,Underused
2016-05-31,REH-24,Rehabilitation,6,5,1,16.17,35.33,212,450,0.4711,0.1667,-238,Underused
2016-05-31,WH-01,Women's Health,45,34,11,75.91,18.8,846,540,1.5667,0.2444,306,Overloaded
2016-05-31,WH-02,Women's Health,46,36,10,80.52,18.91,870,540,1.6111,0.2174,330,Overloaded
2016-05-31,WH-03,Women's Health,47,32,15,83.06,18.68,878,540,1.6259,0.3191,338,Overloaded
2016-05-31,WH-04,Women's Health,43,34,9,65.77,18.42,792,540,1.4667,0.2093,252,Overloaded
2016-05-31,WH-05,Women's Health,59,41,18,95.0,18.78,1108,540,2.0519,0.3051,568,Overloaded
2016-05-31,WH-06,Women's Health,45,36,9,74.33,18.4,828,540,1.5333,0.2,288,Overloaded
2016-05-31,WH-07,Women's Health,47,33,14,83.74,18.85,886,540,1.6407,0.2979,346,Overloaded
2016-05-31,WH-08,Women's Health,41,35,6,60.44,18.83,772,540,1.4296,0.1463,232,Overloaded
2016-05-31,WH-09,Women's Health,58,42,16,95.0,18.62,1080,540,2.0,0.2759,540,Overloaded
2016-05-31,WH-10,Women's Health,49,43,6,90.51,18.78,920,540,1.7037,0.1224,380,Overloaded
2016-05-31,WH-11,Women's Health,30,25,5,14.63,18.67,560,540,1.037,0.1667,20,Overloaded
2016-05-31,WH-12,Women's Health,47,35,12,81.64,18.38,864,540,1.6,0.2553,324,Overloaded
2016-05-31,WH-13,Women's Health,41,32,9,58.93,18.54,760,540,1.4074,0.2195,220,Overloaded
2016-05-31,WH-14,Women's Health,44,34,10,73.0,18.82,828,540,1.5333,0.2273,288,Overloaded
2016-05-31,WH-15,Women's Health,36,28,8,38.94,18.61,670,540,1.2407,0.2222,130,Overloaded
2016-05-31,WH-16,Women's Health,52,40,12,95.0,18.62,968,540,1.7926,0.2308,428,Overloaded
2016-05-31,WH-17,Women's Health,43,33,10,64.86,18.47,794,540,1.4704,0.2326,254,Overloaded
2016-05-31,WH-18,Women's Health,24,22,2,12.96,18.67,448,540,0.8296,0.0833,-92,Balanced
2016-05-31,WH-19,Women's Health,53,42,11,95.0,18.49,980,540,1.8148,0.2075,440,Overloaded
2016-05-31,WH-20,Women's Health,40,32,8,56.52,18.85,754,540,1.3963,0.2,214,Overloaded
2016-05-31,WH-21,Women's Health,47,37,10,82.55,18.72,880,540,1.6296,0.2128,340,Overloaded
2016-05-31,WH-22,Women's Health,46,36,10,79.74,18.7,860,540,1.5926,0.2174,320,Overloaded
2016-05-31,WH-23,Women's Health,29,26,3,14.9,18.9,548,540,1.0148,0.1034,8,Overloaded
2016-05-31,WH-24,Women's Health,40,32,8,55.92,18.75,750,540,1.3889,0.2,210,Overloaded
2016-06-01,BH-01,Behavioral Health,1,1,0,21.0,26.0,26,480,0.0542,0.0,-454,Underused
2016-06-01,BH-02,Behavioral Health,2,1,1,16.0,29.0,58,480,0.1208,0.5,-422,Underused
2016-06-01,BH-03,Behavioral Health,4,3,1,15.5,29.0,116,480,0.2417,0.25,-364,Underused
2016-06-01,BH-04,Behavioral Health,7,7,0,19.57,30.0,210,480,0.4375,0.0,-270,Underused
2016-06-01,BH-05,Behavioral Health,4,4,0,13.5,26.5,106,480,0.2208,0.0,-374,Underused
2016-06-01,BH-06,Behavioral Health,5,3,2,14.0,27.6,138,480,0.2875,0.4,-342,Underused
2016-06-01,BH-07,Behavioral Health,11,10,1,16.18,28.0,308,480,0.6417,0.0909,-172,Balanced
2016-06-01,BH-08,Behavioral Health,8,6,2,16.75,27.75,222,480,0.4625,0.25,-258,Underused
2016-06-01,BH-09,Behavioral Health,5,4,1,17.0,26.4,132,480,0.275,0.2,-348,Underused
2016-06-01,BH-10,Behavioral Health,4,3,1,12.0,27.0,108,480,0.225,0.25,-372,Underused
2016-06-01,BH-11,Behavioral Health,5,4,1,15.4,26.0,130,480,0.2708,0.2,-350,Underused
2016-06-01,BH-12,Behavioral Health,8,7,1,17.75,28.5,228,480,0.475,0.125,-252,Underused
2016-06-01,BH-13,Behavioral Health,6,4,2,14.5,28.33,170,480,0.3542,0.3333,-310,Underused
2016-06-01,BH-14,Behavioral Health,7,7,0,19.57,29.71,208,480,0.4333,0.0,-272,Underused
2016-06-01,BH-15,Behavioral Health,5,4,1,16.4,26.4,132,480,0.275,0.2,-348,Underused
2016-06-01,BH-16,Behavioral Health,4,3,1,15.25,26.5,106,480,0.2208,0.25,-374,Underused
2016-06-01,BH-17,Behavioral Health,4,4,0,18.25,29.0,116,480,0.2417,0.0,-364,Underused
2016-06-01,BH-18,Behavioral Health,3,3,0,20.67,30.0,90,480,0.1875,0.0,-390,Underused
2016-06-01,BH-19,Behavioral Health,8,5,3,14.88,27.75,222,480,0.4625,0.375,-258,Underused
2016-06-01,BH-20,Behavioral Health,5,3,2,18.4,27.2,136,480,0.2833,0.4,-344,Underused
2016-06-01,BH-21,Behavioral Health,5,5,0,18.8,30.0,150,480,0.3125,0.0,-330,Underused
2016-06-01,BH-22,Behavioral Health,5,3,2,18.8,29.6,148,480,0.3083,0.4,-332,Underused
2016-06-01,BH-23,Behavioral Health,6,6,0,15.67,27.33,164,480,0.3417,0.0,-316,Underused
2016-06-01,BH-24,Behavioral Health,5,4,1,15.6,28.8,144,480,0.3,0.2,-336,Underused
2016-06-01,CHR-01,Chronic Care,21,19,2,20.48,26.0,546,510,1.0706,0.0952,36,Overloaded
2016-06-01,CHR-02,Chronic Care,26,22,4,39.42,25.46,662,510,1.298,0.1538,152,Overloaded
2016-06-01,CHR-03,Chronic Care,22,19,3,20.86,24.91,548,510,1.0745,0.1364,38,Overloaded
2016-06-01,CHR-04,Chronic Care,15,15,0,17.93,25.87,388,510,0.7608,0.0,-122,Balanced
2016-06-01,CHR-05,Chronic Care,13,10,3,15.31,25.69,334,510,0.6549,0.2308,-176,Balanced
2016-06-01,CHR-06,Chronic Care,19,17,2,16.47,25.58,486,510,0.9529,0.1053,-24,Overloaded
2016-06-01,CHR-07,Chronic Care,24,18,6,27.5,24.92,598,510,1.1725,0.25,88,Overloaded
2016-06-01,CHR-08,Chronic Care,22,16,6,21.32,24.82,546,510,1.0706,0.2727,36,Overloaded
2016-06-01,CHR-09,Chronic Care,27,21,6,43.81,25.85,698,510,1.3686,0.2222,188,Overloaded
2016-06-01,CHR-10,Chronic Care,23,20,3,26.83,25.48,586,510,1.149,0.1304,76,Overloaded
2016-06-01,CHR-11,Chronic Care,19,19,0,17.37,25.58,486,510,0.9529,0.0,-24,Overloaded
2016-06-01,CHR-12,Chronic Care,25,22,3,35.68,25.76,644,510,1.2627,0.12,134,Overloaded
2016-06-01,CHR-13,Chronic Care,23,16,7,25.17,24.87,572,510,1.1216,0.3043,62,Overloaded
2016-06-01,CHR-14,Chronic Care,18,16,2,16.78,25.78,464,510,0.9098,0.1111,-46,Overloaded
2016-06-01,CHR-15,Chronic Care,29,26,3,51.83,25.66,744,510,1.4588,0.1034,234,Overloaded
2016-06-01,CHR-16,Chronic Care,27,23,4,42.0,25.04,676,510,1.3255,0.1481,166,Overloaded
2016-06-01,CHR-17,Chronic Care,36,32,4,78.14,25.17,906,510,1.7765,0.1111,396,Overloaded
2016-06-01,CHR-18,Chronic Care,21,17,4,20.81,25.43,534,510,1.0471,0.1905,24,Overloaded
2016-06-01,CHR-19,Chronic Care,24,19,5,30.62,25.42,610,510,1.1961,0.2083,100,Overloaded
2016-06-01,CHR-20,Chronic Care,22,19,3,23.77,25.45,560,510,1.098,0.1364,50,Overloaded
2016-06-01,CHR-21,Chronic Care,20,15,5,15.2,24.7,494,510,0.9686,0.25,-16,Overloaded
2016-06-01,CHR-22,Chronic Care,23,19,4,27.17,25.48,586,510,1.149,0.1739,76,Overloaded
2016-06-01,CHR-23,Chronic Care,24,20,4,34.33,26.25,630,510,1.2353,0.1667,120,Overloaded
2016-06-01,CHR-24,Chronic Care,23,22,1,25.52,24.61,566,510,1.1098,0.0435,56,Overloaded
2016-06-01,FM-01,Family Medicine,37,32,5,32.92,17.22,637,540,1.1796,0.1351,97,Overloaded
2016-06-01,FM-02,Family Medicine,47,39,8,75.55,17.43,819,540,1.5167,0.1702,279,Overloaded
2016-06-01,FM-03,Family Medicine,41,32,9,51.41,17.44,715,540,1.3241,0.2195,175,Overloaded
2016-06-01,FM-04,Family Medicine,33,30,3,17.52,17.18,567,540,1.05,0.0909,27,Overloaded
2016-06-01,FM-05,Family Medicine,55,50,5,95.0,17.29,951,540,1.7611,0.0909,411,Overloaded
2016-06-01,FM-06,Family Medicine,38,34,4,39.89,17.53,666,540,1.2333,0.1053,126,Overloaded
2016-06-01,FM-07,Family Medicine,38,31,7,37.0,17.21,654,540,1.2111,0.1842,114,Overloaded
2016-06-01,FM-08,Family Medicine,50,46,4,87.78,17.4,870,540,1.6111,0.08,330,Overloaded
2016-06-01,FM-09,Family Medicine,35,30,5,27.26,17.46,611,540,1.1315,0.1429,71,Overloaded
2016-06-01,FM-10,Family Medicine,39,29,10,42.72,17.36,677,540,1.2537,0.2564,137,Overloaded
2016-06-01,FM-11,Family Medicine,45,34,11,66.76,17.44,785,540,1.4537,0.2444,245,Overloaded
2016-06-01,FM-12,Family Medicine,44,39,5,63.11,17.36,764,540,1.4148,0.1136,224,Overloaded
2016-06-01,FM-13,Family Medicine,38,32,6,37.21,17.16,652,540,1.2074,0.1579,112,Overloaded
2016-06-01,FM-14,Family Medicine,45,36,9,66.89,17.36,781,540,1.4463,0.2,241,Overloaded
2016-06-01,FM-15,Family Medicine,43,36,7,58.81,17.37,747,540,1.3833,0.1628,207,Overloaded
2016-06-01,FM-16,Family Medicine,66,52,14,95.0,17.21,1136,540,2.1037,0.2121,596,Overloaded
2016-06-01,FM-17,Family Medicine,50,40,10,84.52,17.16,858,540,1.5889,0.2,318,Overloaded
2016-06-01,FM-18,Family Medicine,47,39,8,74.43,17.3,813,540,1.5056,0.1702,273,Overloaded
2016-06-01,FM-19,Family Medicine,47,36,11,72.79,17.17,807,540,1.4944,0.234,267,Overloaded
2016-06-01,FM-20,Family Medicine,42,36,6,54.76,17.19,722,540,1.337,0.1429,182,Overloaded
2016-06-01,FM-21,Family Medicine,55,44,11,95.0,17.36,955,540,1.7685,0.2,415,Overloaded
2016-06-01,FM-22,Family Medicine,44,37,7,62.39,17.18,756,540,1.4,0.1591,216,Overloaded
2016-06-01,FM-23,Family Medicine,45,39,6,65.13,17.22,775,540,1.4352,0.1333,235,Overloaded
2016-06-01,FM-24,Family Medicine,59,51,8,95.0,17.37,1025,540,1.8981,0.1356,485,Overloaded
2016-06-01,GER-01,Geriatrics,22,17,5,42.41,33.73,742,480,1.5458,0.2273,262,Overloaded
2016-06-01,GER-02,Geriatrics,22,18,4,39.5,31.18,686,480,1.4292,0.1818,206,Overloaded
2016-06-01,GER-03,Geriatrics,19,15,4,29.47,32.79,623,480,1.2979,0.2105,143,Overloaded
2016-06-01,GER-04,Geriatrics,28,24,4,65.11,32.5,910,480,1.8958,0.1429,430,Overloaded
2016-06-01,GER-05,Geriatrics,26,22,4,55.23,31.77,826,480,1.7208,0.1538,346,Overloaded
2016-06-01,GER-06,Geriatrics,20,17,3,33.2,32.7,654,480,1.3625,0.15,174,Overloaded
2016-06-01,GER-07,Geriatrics,36,32,4,92.72,32.83,1182,480,2.4625,0.1111,702,Overloaded
2016-06-01,GER-08,Geriatrics,26,22,4,57.23,32.0,832,480,1.7333,0.1538,352,Overloaded
2016-06-01,GER-09,Geriatrics,22,21,1,37.86,31.09,684,480,1.425,0.0455,204,Overloaded
2016-06-01,GER-10,Geriatrics,27,23,4,62.22,32.33,873,480,1.8188,0.1481,393,Overloaded
2016-06-01,GER-11,Geriatrics,24,20,4,51.33,33.0,792,480,1.65,0.1667,312,Overloaded
2016-06-01,GER-12,Geriatrics,17,17,0,19.06,31.35,533,480,1.1104,0.0,53,Overloaded
2016-06-01,GER-13,Geriatrics,21,20,1,35.86,32.24,677,480,1.4104,0.0476,197,Overloaded
2016-06-01,GER-14,Geriatrics,22,17,5,43.18,32.73,720,480,1.5,0.2273,240,Overloaded
2016-06-01,GER-15,Geriatrics,17,14,3,25.53,34.18,581,480,1.2104,0.1765,101,Overloaded
2016-06-01,GER-16,Geriatrics,22,17,5,40.73,32.0,704,480,1.4667,0.2273,224,Overloaded
2016-06-01,GER-17,Geriatrics,31,26,5,79.32,33.58,1041,480,2.1688,0.1613,561,Overloaded
2016-06-01,GER-18,Geriatrics,22,19,3,39.14,31.55,694,480,1.4458,0.1364,214,Overloaded
2016-06-01,GER-19,Geriatrics,17,12,5,20.88,32.76,557,480,1.1604,0.2941,77,Overloaded
2016-06-01,GER-20,Geriatrics,24,16,8,49.54,32.08,770,480,1.6042,0.3333,290,Overloaded
2016-06-01,GER-21,Geriatrics,24,22,2,46.92,31.75,762,480,1.5875,0.0833,282,Overloaded
2016-06-01,GER-22,Geriatrics,32,24,8,80.81,32.0,1024,480,2.1333,0.25,544,Overloaded
2016-06-01,GER-23,Geriatrics,18,14,4,24.11,32.22,580,480,1.2083,0.2222,100,Overloaded
2016-06-01,GER-24,Geriatrics,31,26,5,76.29,31.84,987,480,2.0562,0.1613,507,Overloaded
2016-06-01,PED-01,Pediatrics,41,34,7,34.34,15.27,626,540,1.1593,0.1707,86,Overloaded
2016-06-01,PED-02,Pediatrics,43,35,8,42.19,15.14,651,540,1.2056,0.186,111,Overloaded
2016-06-01,PED-03,Pediatrics,41,35,6,33.93,15.15,621,540,1.15,0.1463,81,Overloaded
2016-06-01,PED-04,Pediatrics,50,40,10,69.96,15.14,757,540,1.4019,0.2,217,Overloaded
2016-06-01,PED-05,Pediatrics,45,34,11,49.93,15.2,684,540,1.2667,0.2444,144,Overloaded
2016-06-01,PED-06,Pediatrics,43,34,9,43.47,15.3,658,540,1.2185,0.2093,118,Overloaded
2016-06-01,PED-07,Pediatrics,51,41,10,72.92,15.18,774,540,1.4333,0.1961,234,Overloaded
2016-06-01,PED-08,Pediatrics,56,44,12,92.8,15.25,854,540,1.5815,0.2143,314,Overloaded
2016-06-01,PED-09,Pediatrics,49,41,8,64.63,15.12,741,540,1.3722,0.1633,201,Overloaded
2016-06-01,PED-10,Pediatrics,50,36,14,70.5,15.18,759,540,1.4056,0.28,219,Overloaded
2016-06-01,PED-11,Pediatrics,33,28,5,11.67,15.3,505,540,0.9352,0.1515,-35,Overloaded
2016-06-01,PED-12,Pediatrics,42,33,9,39.69,15.31,643,540,1.1907,0.2143,103,Overloaded
2016-06-01,PED-13,Pediatrics,50,38,12,69.48,15.28,764,540,1.4148,0.24,224,Overloaded
2016-06-01,PED-14,Pediatrics,41,29,12,34.27,15.17,622,540,1.1519,0.2927,82,Overloaded
2016-06-01,PED-15,Pediatrics,28,24,4,11.32,15.21,426,540,0.7889,0.1429,-114,Balanced
2016-06-01,PED-16,Pediatrics,58,46,12,95.0,15.22,883,540,1.6352,0.2069,343,Overloaded
2016-06-01,PED-17,Pediatrics,46,40,6,53.48,15.24,701,540,1.2981,0.1304,161,Overloaded
2016-06-01,PED-18,Pediatrics,40,29,11,30.72,15.25,610,540,1.1296,0.275,70,Overloaded
2016-06-01,PED-19,Pediatrics,39,32,7,25.23,15.18,592,540,1.0963,0.1795,52,Overloaded
2016-06-01,PED-20,Pediatrics,33,26,7,12.7,15.12,499,540,0.9241,0.2121,-41,Overloaded
2016-06-01,PED-21,Pediatrics,47,36,11,57.02,15.19,714,540,1.3222,0.234,174,Overloaded
2016-06-01,PED-22,Pediatrics,40,32,8,30.75,15.2,608,540,1.1259,0.2,68,Overloaded
2016-06-01,PED-23,Pediatrics,44,39,5,46.98,15.3,673,540,1.2463,0.1136,133,Overloaded
2016-06-01,PED-24,Pediatrics,43,38,5,41.56,15.21,654,540,1.2111,0.1163,114,Overloaded
2016-06-01,REH-01,Rehabilitation,4,3,1,17.0,36.75,147,450,0.3267,0.25,-303,Underused
2016-06-01,REH-02,Rehabilitation,5,4,1,19.0,36.0,180,450,0.4,0.2,-270,Underused
2016-06-01,REH-03,Rehabilitation,1,0,1,16.0,30.0,30,450,0.0667,1.0,-420,Underused
2016-06-01,REH-04,Rehabilitation,4,4,0,18.75,35.25,141,450,0.3133,0.0,-309,Underused
2016-06-01,REH-05,Rehabilitation,4,4,0,18.25,36.75,147,450,0.3267,0.0,-303,Underused
2016-06-01,REH-06,Rehabilitation,5,5,0,20.2,36.4,182,450,0.4044,0.0,-268,Underused
2016-06-01,REH-07,Rehabilitation,1,1,0,16.0,34.0,34,450,0.0756,0.0,-416,Underused
2016-06-01,REH-08,Rehabilitation,1,1,0,21.0,32.0,32,450,0.0711,0.0,-418,Underused
2016-06-01,REH-09,Rehabilitation,1,1,0,16.0,34.0,34,450,0.0756,0.0,-416,Underused
2016-06-01,REH-10,Rehabilitation,4,3,1,17.5,35.25,141,450,0.3133,0.25,-309,Underused
2016-06-01,REH-11,Rehabilitation,4,4,0,17.5,34.75,139,450,0.3089,0.0,-311,Underused
2016-06-01,REH-12,Rehabilitation,6,6,0,17.5,37.5,225,450,0.5,0.0,-225,Underused
2016-06-01,REH-13,Rehabilitation,4,3,1,16.75,35.75,143,450,0.3178,0.25,-307,Underused
2016-06-01,REH-14,Rehabilitation,6,5,1,18.17,35.67,214,450,0.4756,0.1667,-236,Underused
2016-06-01,REH-15,Rehabilitation,2,2,0,15.0,37.5,75,450,0.1667,0.0,-375,Underused
2016-06-01,REH-16,Rehabilitation,3,3,0,15.33,36.33,109,450,0.2422,0.0,-341,Underused
2016-06-01,REH-17,Rehabilitation,4,3,1,12.25,34.25,137,450,0.3044,0.25,-313,Underused
2016-06-01,REH-18,Rehabilitation,5,5,0,17.8,36.8,184,450,0.4089,0.0,-266,Underused
2016-06-01,REH-19,Rehabilitation,2,2,0,12.0,32.0,64,450,0.1422,0.0,-386,Underused
2016-06-01,REH-20,Rehabilitation,3,2,1,19.33,31.33,94,450,0.2089,0.3333,-356,Underused
2016-06-01,REH-21,Rehabilitation,5,5,0,19.2,39.2,196,450,0.4356,0.0,-254,Underused
2016-06-01,REH-22,Rehabilitation,4,3,1,16.5,38.5,154,450,0.3422,0.25,-296,Underused
2016-06-01,REH-23,Rehabilitation,4,1,3,16.75,35.25,141,450,0.3133,0.75,-309,Underused
2016-06-01,REH-24,Rehabilitation,2,1,1,16.0,34.0,68,450,0.1511,0.5,-382,Underused
2016-06-01,WH-01,Women's Health,49,34,15,90.61,18.86,924,540,1.7111,0.3061,384,Overloaded
2016-06-01,WH-02,Women's Health,49,38,11,89.78,18.49,906,540,1.6778,0.2245,366,Overloaded
2016-06-01,WH-03,Women's Health,43,33,10,68.72,18.79,808,540,1.4963,0.2326,268,Overloaded
2016-06-01,WH-04,Women's Health,47,36,11,82.55,18.38,864,540,1.6,0.234,324,Overloaded
2016-06-01,WH-05,Women's Health,47,41,6,82.09,18.51,870,540,1.6111,0.1277,330,Overloaded
2016-06-01,WH-06,Women's Health,42,29,13,64.79,18.57,780,540,1.4444,0.3095,240,Overloaded
2016-06-01,WH-07,Women's Health,34,27,7,29.68,18.35,624,540,1.1556,0.2059,84,Overloaded
2016-06-01,WH-08,Women's Health,41,31,10,59.73,18.54,760,540,1.4074,0.2439,220,Overloaded
2016-06-01,WH-09,Women's Health,53,43,10,95.0,18.45,978,540,1.8111,0.1887,438,Overloaded
2016-06-01,WH-10,Women's Health,27,22,5,11.81,18.37,496,540,0.9185,0.1852,-44,Overloaded
2016-06-01,WH-11,Women's Health,43,35,8,65.6,18.47,794,540,1.4704,0.186,254,Overloaded
2016-06-01,WH-12,Women's Health,41,29,12,58.07,18.49,758,540,1.4037,0.2927,218,Overloaded
2016-06-01,WH-13,Women's Health,43,32,11,67.26,18.65,802,540,1.4852,0.2558,262,Overloaded
2016-06-01,WH-14,Women's Health,47,39,8,84.06,18.51,870,540,1.6111,0.1702,330,Overloaded
2016-06-01,WH-15,Women's Health,35,28,7,34.46,18.51,648,540,1.2,0.2,108,Overloaded
2016-06-01,WH-16,Women's Health,38,34,4,46.16,18.37,698,540,1.2926,0.1053,158,Overloaded
2016-06-01,WH-17,Women's Health,33,22,11,26.82,18.67,616,540,1.1407,0.3333,76,Overloaded
2016-06-01,WH-18,Women's Health,46,38,8,79.98,18.61,856,540,1.5852,0.1739,316,Overloaded
2016-06-01,WH-19,Women's Health,41,36,5,58.34,18.49,758,540,1.4037,0.122,218,Overloaded
2016-06-01,WH-20,Women's Health,48,39,9,85.92,18.42,884,540,1.637,0.1875,344,Overloaded
2016-06-01,WH-21,Women's Health,44,35,9,70.16,18.41,810,540,1.5,0.2045,270,Overloaded
2016-06-01,WH-22,Women's Health,33,27,6,27.85,18.61,614,540,1.137,0.1818,74,Overloaded
2016-06-01,WH-23,Women's Health,38,30,8,44.08,18.32,696,540,1.2889,0.2105,156,Overloaded
2016-06-01,WH-24,Women's Health,39,34,5,50.85,18.41,718,540,1.3296,0.1282,178,Overloaded
2016-06-02,BH-01,Behavioral Health,5,5,0,16.8,29.2,146,480,0.3042,0.0,-334,Underused
2016-06-02,BH-02,Behavioral Health,4,3,1,16.0,28.0,112,480,0.2333,0.25,-368,Underused
2016-06-02,BH-03,Behavioral Health,8,6,2,15.62,26.5,212,480,0.4417,0.25,-268,Underused
2016-06-02,BH-04,Behavioral Health,7,4,3,16.71,27.43,192,480,0.4,0.4286,-288,Underused
2016-06-02,BH-05,Behavioral Health,4,1,3,14.5,29.5,118,480,0.2458,0.75,-362,Underused
2016-06-02,BH-06,Behavioral Health,10,7,3,17.7,28.8,288,480,0.6,0.3,-192,Underused
2016-06-02,BH-07,Behavioral Health,3,3,0,18.67,27.33,82,480,0.1708,0.0,-398,Underused
2016-06-02,BH-08,Behavioral Health,6,5,1,15.67,28.33,170,480,0.3542,0.1667,-310,Underused
2016-06-02,BH-09,Behavioral Health,8,6,2,15.88,28.0,224,480,0.4667,0.25,-256,Underused
2016-06-02,BH-10,Behavioral Health,10,7,3,17.2,29.0,290,480,0.6042,0.3,-190,Balanced
2016-06-02,BH-11,Behavioral Health,1,1,0,21.0,26.0,26,480,0.0542,0.0,-454,Underused
2016-06-02,BH-12,Behavioral Health,3,3,0,14.33,26.0,78,480,0.1625,0.0,-402,Underused
2016-06-02,BH-13,Behavioral Health,7,7,0,15.14,27.71,194,480,0.4042,0.0,-286,Underused
2016-06-02,BH-14,Behavioral Health,4,2,2,13.5,26.0,104,480,0.2167,0.5,-376,Underused
2016-06-02,BH-15,Behavioral Health,4,3,1,14.0,27.5,110,480,0.2292,0.25,-370,Underused
2016-06-02,BH-16,Behavioral Health,5,3,2,16.0,27.6,138,480,0.2875,0.4,-342,Underused
2016-06-02,BH-17,Behavioral Health,7,4,3,16.29,29.71,208,480,0.4333,0.4286,-272,Underused
2016-06-02,BH-18,Behavioral Health,5,5,0,19.2,28.4,142,480,0.2958,0.0,-338,Underused
2016-06-02,BH-19,Behavioral Health,4,3,1,16.75,28.0,112,480,0.2333,0.25,-368,Underused
2016-06-02,BH-20,Behavioral Health,2,1,1,17.0,27.0,54,480,0.1125,0.5,-426,Underused
2016-06-02,BH-21,Behavioral Health,5,3,2,15.8,27.6,138,480,0.2875,0.4,-342,Underused
2016-06-02,BH-22,Behavioral Health,7,2,5,14.71,28.86,202,480,0.4208,0.7143,-278,Underused
2016-06-02,BH-23,Behavioral Health,3,3,0,18.0,28.67,86,480,0.1792,0.0,-394,Underused
2016-06-02,BH-24,Behavioral Health,5,5,0,17.2,28.4,142,480,0.2958,0.0,-338,Underused
2016-06-02,CHR-01,Chronic Care,19,16,3,15.16,24.32,462,510,0.9059,0.1579,-48,Overloaded
2016-06-02,CHR-02,Chronic Care,17,14,3,14.94,25.29,430,510,0.8431,0.1765,-80,Balanced
2016-06-02,CHR-03,Chronic Care,21,16,5,21.24,25.81,542,510,1.0627,0.2381,32,Overloaded
2016-06-02,CHR-04,Chronic Care,20,15,5,16.35,24.9,498,510,0.9765,0.25,-12,Overloaded
2016-06-02,CHR-05,Chronic Care,18,15,3,15.78,25.33,456,510,0.8941,0.1667,-54,Balanced
2016-06-02,CHR-06,Chronic Care,20,16,4,19.75,25.4,508,510,0.9961,0.2,-2,Overloaded
2016-06-02,CHR-07,Chronic Care,28,24,4,46.68,25.29,708,510,1.3882,0.1429,198,Overloaded
2016-06-02,CHR-08,Chronic Care,14,13,1,16.07,25.14,352,510,0.6902,0.0714,-158,Balanced
2016-06-02,CHR-09,Chronic Care,23,18,5,25.35,25.13,578,510,1.1333,0.2174,68,Overloaded
2016-06-02,CHR-10,Chronic Care,15,13,2,16.6,25.33,380,510,0.7451,0.1333,-130,Balanced
2016-06-02,CHR-11,Chronic Care,17,12,5,15.06,24.82,422,510,0.8275,0.2941,-88,Balanced
2016-06-02,CHR-12,Chronic Care,19,16,3,17.84,25.05,476,510,0.9333,0.1579,-34,Overloaded
2016-06-02,CHR-13,Chronic Care,19,17,2,16.11,25.26,480,510,0.9412,0.1053,-30,Overloaded
2016-06-02,CHR-14,Chronic Care,15,12,3,15.27,25.2,378,510,0.7412,0.2,-132,Balanced
2016-06-02,CHR-15,Chronic Care,28,22,6,45.57,24.79,694,510,1.3608,0.2143,184,Overloaded
2016-06-02,CHR-16,Chronic Care,25,20,5,36.12,25.68,642,510,1.2588,0.2,132,Overloaded
2016-06-02,CHR-17,Chronic Care,22,18,4,20.86,25.09,552,510,1.0824,0.1818,42,Overloaded
2016-06-02,CHR-18,Chronic Care,21,19,2,20.05,25.33,532,510,1.0431,0.0952,22,Overloaded
2016-06-02,CHR-19,Chronic Care,32,28,4,62.88,25.44,814,510,1.5961,0.125,304,Overloaded
2016-06-02,CHR-20,Chronic Care,18,17,1,16.67,25.0,450,510,0.8824,0.0556,-60,Balanced
2016-06-02,CHR-21,Chronic Care,25,21,4,36.84,25.92,648,510,1.2706,0.16,138,Overloaded
2016-06-02,CHR-22,Chronic Care,21,18,3,21.29,25.81,542,510,1.0627,0.1429,32,Overloaded
2016-06-02,CHR-23,Chronic Care,29,27,2,51.34,25.31,734,510,1.4392,0.069,224,Overloaded
2016-06-02,CHR-24,Chronic Care,17,13,4,16.47,25.41,432,510,0.8471,0.2353,-78,Balanced
2016-06-02,FM-01,Family Medicine,47,42,5,72.91,17.26,811,540,1.5019,0.1064,271,Overloaded
2016-06-02,FM-02,Family Medicine,41,34,7,50.1,17.24,707,540,1.3093,0.1707,167,Overloaded
2016-06-02,FM-03,Family Medicine,50,46,4,85.48,17.28,864,540,1.6,0.08,324,Overloaded
2016-06-02,FM-04,Family Medicine,36,29,7,29.81,17.11,616,540,1.1407,0.1944,76,Overloaded
2016-06-02,FM-05,Family Medicine,41,32,9,48.76,17.2,705,540,1.3056,0.2195,165,Overloaded
2016-06-02,FM-06,Family Medicine,42,35,7,53.38,17.19,722,540,1.337,0.1667,182,Overloaded
2016-06-02,FM-07,Family Medicine,42,36,6,54.48,17.38,730,540,1.3519,0.1429,190,Overloaded
2016-06-02,FM-08,Family Medicine,31,27,4,12.71,17.26,535,540,0.9907,0.129,-5,Overloaded
2016-06-02,FM-09,Family Medicine,31,25,6,14.06,17.39,539,540,0.9981,0.1935,-1,Overloaded
2016-06-02,FM-10,Family Medicine,44,35,9,62.0,17.18,756,540,1.4,0.2045,216,Overloaded
2016-06-02,FM-11,Family Medicine,44,37,7,61.82,17.27,760,540,1.4074,0.1591,220,Overloaded
2016-06-02,FM-12,Family Medicine,59,48,11,95.0,17.2,1015,540,1.8796,0.1864,475,Overloaded
2016-06-02,FM-13,Family Medicine,39,32,7,42.31,17.26,673,540,1.2463,0.1795,133,Overloaded
2016-06-02,FM-14,Family Medicine,36,26,10,29.75,17.22,620,540,1.1481,0.2778,80,Overloaded
2016-06-02,FM-15,Family Medicine,48,40,8,78.21,17.33,832,540,1.5407,0.1667,292,Overloaded
2016-06-02,FM-16,Family Medicine,50,42,8,85.8,17.2,860,540,1.5926,0.16,320,Overloaded
2016-06-02,FM-17,Family Medicine,42,36,6,52.67,17.24,724,540,1.3407,0.1429,184,Overloaded
2016-06-02,FM-18,Family Medicine,48,40,8,79.17,17.38,834,540,1.5444,0.1667,294,Overloaded
2016-06-02,FM-19,Family Medicine,50,40,10,86.2,17.4,870,540,1.6111,0.2,330,Overloaded
2016-06-02,FM-20,Family Medicine,53,40,13,94.34,17.49,927,540,1.7167,0.2453,387,Overloaded
2016-06-02,FM-21,Family Medicine,39,36,3,41.69,17.26,673,540,1.2463,0.0769,133,Overloaded
2016-06-02,FM-22,Family Medicine,42,34,8,56.24,17.52,736,540,1.363,0.1905,196,Overloaded
2016-06-02,FM-23,Family Medicine,42,32,10,55.29,17.52,736,540,1.363,0.2381,196,Overloaded
2016-06-02,FM-24,Family Medicine,44,38,6,64.41,17.45,768,540,1.4222,0.1364,228,Overloaded
2016-06-02,GER-01,Geriatrics,26,18,8,57.88,33.15,862,480,1.7958,0.3077,382,Overloaded
2016-06-02,GER-02,Geriatrics,26,19,7,56.19,31.92,830,480,1.7292,0.2692,350,Overloaded
2016-06-02,GER-03,Geriatrics,36,31,5,92.33,32.22,1160,480,2.4167,0.1389,680,Overloaded
2016-06-02,GER-04,Geriatrics,21,18,3,41.43,33.76,709,480,1.4771,0.1429,229,Overloaded
2016-06-02,GER-05,Geriatrics,20,16,4,34.15,32.8,656,480,1.3667,0.2,176,Overloaded
2016-06-02,GER-06,Geriatrics,25,21,4,51.6,31.56,789,480,1.6438,0.16,309,Overloaded
2016-06-02,GER-07,Geriatrics,27,22,5,60.52,31.81,859,480,1.7896,0.1852,379,Overloaded
2016-06-02,GER-08,Geriatrics,23,20,3,47.52,32.74,753,480,1.5688,0.1304,273,Overloaded
2016-06-02,GER-09,Geriatrics,24,17,7,50.46,33.42,802,480,1.6708,0.2917,322,Overloaded
2016-06-02,GER-10,Geriatrics,24,22,2,50.12,32.25,774,480,1.6125,0.0833,294,Overloaded
2016-06-02,GER-11,Geriatrics,27,21,6,65.04,33.74,911,480,1.8979,0.2222,431,Overloaded
2016-06-02,GER-12,Geriatrics,30,26,4,77.5,33.6,1008,480,2.1,0.1333,528,Overloaded
2016-06-02,GER-13,Geriatrics,28,27,1,65.46,32.5,910,480,1.8958,0.0357,430,Overloaded
2016-06-02,GER-14,Geriatrics,24,16,8,48.33,31.83,764,480,1.5917,0.3333,284,Overloaded
2016-06-02,GER-15,Geriatrics,14,11,3,14.64,32.0,448,480,0.9333,0.2143,-32,Overloaded
2016-06-02,GER-16,Geriatrics,31,27,4,78.97,33.0,1023,480,2.1312,0.129,543,Overloaded
2016-06-02,GER-17,Geriatrics,17,14,3,19.18,32.41,551,480,1.1479,0.1765,71,Overloaded
2016-06-02,GER-18,Geriatrics,18,17,1,25.28,31.89,574,480,1.1958,0.0556,94,Overloaded
2016-06-02,GER-19,Geriatrics,21,18,3,37.38,32.71,687,480,1.4312,0.1429,207,Overloaded
2016-06-02,GER-20,Geriatrics,22,20,2,43.27,32.82,722,480,1.5042,0.0909,242,Overloaded
2016-06-02,GER-21,Geriatrics,20,19,1,32.0,32.4,648,480,1.35,0.05,168,Overloaded
2016-06-02,GER-22,Geriatrics,25,25,0,55.64,33.08,827,480,1.7229,0.0,347,Overloaded
2016-06-02,GER-23,Geriatrics,33,30,3,85.7,32.82,1083,480,2.2562,0.0909,603,Overloaded
2016-06-02,GER-24,Geriatrics,24,21,3,50.12,32.5,780,480,1.625,0.125,300,Overloaded
2016-06-02,PED-01,Pediatrics,41,34,7,33.95,15.22,624,540,1.1556,0.1707,84,Overloaded
2016-06-02,PED-02,Pediatrics,49,34,15,66.47,15.41,755,540,1.3981,0.3061,215,Overloaded
2016-06-02,PED-03,Pediatrics,37,28,9,17.84,15.38,569,540,1.0537,0.2432,29,Overloaded
2016-06-02,PED-04,Pediatrics,35,25,10,12.63,15.17,531,540,0.9833,0.2857,-9,Overloaded
2016-06-02,PED-05,Pediatrics,41,33,8,34.0,15.32,628,540,1.163,0.1951,88,Overloaded
2016-06-02,PED-06,Pediatrics,47,35,12,57.51,15.17,713,540,1.3204,0.2553,173,Overloaded
2016-06-02,PED-07,Pediatrics,33,28,5,12.67,15.24,503,540,0.9315,0.1515,-37,Overloaded
2016-06-02,PED-08,Pediatrics,53,45,8,82.77,15.26,809,540,1.4981,0.1509,269,Overloaded
2016-06-02,PED-09,Pediatrics,39,26,13,25.0,15.23,594,540,1.1,0.3333,54,Overloaded
2016-06-02,PED-10,Pediatrics,47,37,10,58.02,15.21,715,540,1.3241,0.2128,175,Overloaded
2016-06-02,PED-11,Pediatrics,31,26,5,11.61,15.03,466,540,0.863,0.1613,-74,Balanced
2016-06-02,PED-12,Pediatrics,33,28,5,12.76,15.27,504,540,0.9333,0.1515,-36,Overloaded
2016-06-02,PED-13,Pediatrics,53,42,11,81.74,15.26,809,540,1.4981,0.2075,269,Overloaded
2016-06-02,PED-14,Pediatrics,43,34,9,43.23,15.3,658,540,1.2185,0.2093,118,Overloaded
2016-06-02,PED-15,Pediatrics,30,22,8,11.67,15.47,464,540,0.8593,0.2667,-76,Balanced
2016-06-02,PED-16,Pediatrics,38,34,4,22.63,15.24,579,540,1.0722,0.1053,39,Overloaded
2016-06-02,PED-17,Pediatrics,45,37,8,49.36,15.18,683,540,1.2648,0.1778,143,Overloaded
2016-06-02,PED-18,Pediatrics,39,33,6,28.51,15.44,602,540,1.1148,0.1538,62,Overloaded
2016-06-02,PED-19,Pediatrics,30,26,4,11.73,15.1,453,540,0.8389,0.1333,-87,Balanced
2016-06-02,PED-20,Pediatrics,35,26,9,14.37,15.29,535,540,0.9907,0.2571,-5,Overloaded
2016-06-02,PED-21,Pediatrics,38,30,8,21.55,15.26,580,540,1.0741,0.2105,40,Overloaded
2016-06-02,PED-22,Pediatrics,34,28,6,14.06,15.29,520,540,0.963,0.1765,-20,Overloaded
2016-06-02,PED-23,Pediatrics,58,48,10,95.0,15.28,886,540,1.6407,0.1724,346,Overloaded
2016-06-02,PED-24,Pediatrics,52,40,12,78.06,15.15,788,540,1.4593,0.2308,248,Overloaded
2016-06-02,REH-01,Rehabilitation,8,6,2,15.12,35.25,282,450,0.6267,0.25,-168,Balanced
2016-06-02,REH-02,Rehabilitation,2,1,1,15.0,38.5,77,450,0.1711,0.5,-373,Underused
2016-06-02,REH-03,Rehabilitation,5,3,2,16.8,37.0,185,450,0.4111,0.4,-265,Underused
2016-06-02,REH-04,Rehabilitation,3,3,0,18.67,35.0,105,450,0.2333,0.0,-345,Underused
2016-06-02,REH-05,Rehabilitation,8,6,2,15.38,36.38,291,450,0.6467,0.25,-159,Balanced
2016-06-02,REH-06,Rehabilitation,2,1,1,17.5,38.5,77,450,0.1711,0.5,-373,Underused
2016-06-02,REH-07,Rehabilitation,3,1,2,17.0,37.67,113,450,0.2511,0.6667,-337,Underused
2016-06-02,REH-08,Rehabilitation,3,3,0,17.67,36.67,110,450,0.2444,0.0,-340,Underused
2016-06-02,REH-09,Rehabilitation,4,3,1,14.75,34.75,139,450,0.3089,0.25,-311,Underused
2016-06-02,REH-10,Rehabilitation,4,4,0,20.0,37.0,148,450,0.3289,0.0,-302,Underused
2016-06-02,REH-11,Rehabilitation,1,1,0,21.0,32.0,32,450,0.0711,0.0,-418,Underused
2016-06-02,REH-12,Rehabilitation,1,0,1,11.0,32.0,32,450,0.0711,1.0,-418,Underused
2016-06-02,REH-13,Rehabilitation,3,3,0,17.33,42.0,126,450,0.28,0.0,-324,Underused
2016-06-02,REH-15,Rehabilitation,5,5,0,17.4,37.2,186,450,0.4133,0.0,-264,Underused
2016-06-02,REH-16,Rehabilitation,3,3,0,17.0,34.67,104,450,0.2311,0.0,-346,Underused
2016-06-02,REH-17,Rehabilitation,3,1,2,13.67,34.0,102,450,0.2267,0.6667,-348,Underused
2016-06-02,REH-18,Rehabilitation,4,4,0,19.25,35.75,143,450,0.3178,0.0,-307,Underused
2016-06-02,REH-19,Rehabilitation,3,3,0,14.33,35.0,105,450,0.2333,0.0,-345,Underused
2016-06-02,REH-20,Rehabilitation,4,3,1,18.5,39.75,159,450,0.3533,0.25,-291,Underused
2016-06-02,REH-21,Rehabilitation,3,2,1,14.33,36.33,109,450,0.2422,0.3333,-341,Underused
2016-06-02,REH-22,Rehabilitation,5,5,0,18.6,35.4,177,450,0.3933,0.0,-273,Underused
2016-06-02,REH-23,Rehabilitation,6,4,2,18.17,33.83,203,450,0.4511,0.3333,-247,Underused
2016-06-02,REH-24,Rehabilitation,5,5,0,20.8,37.0,185,450,0.4111,0.0,-265,Underused
2016-06-02,WH-01,Women's Health,29,22,7,14.03,18.83,546,540,1.0111,0.2414,6,Overloaded
2016-06-02,WH-02,Women's Health,42,34,8,63.45,18.43,774,540,1.4333,0.1905,234,Overloaded
2016-06-02,WH-03,Women's Health,34,28,6,30.53,18.53,630,540,1.1667,0.1765,90,Overloaded
2016-06-02,WH-04,Women's Health,42,34,8,63.62,18.57,780,540,1.4444,0.1905,240,Overloaded
2016-06-02,WH-05,Women's Health,43,35,8,66.86,18.6,800,540,1.4815,0.186,260,Overloaded
2016-06-02,WH-06,Women's Health,59,49,10,95.0,18.47,1090,540,2.0185,0.1695,550,Overloaded
2016-06-02,WH-07,Women's Health,30,22,8,14.1,18.47,554,540,1.0259,0.2667,14,Overloaded
2016-06-02,WH-08,Women's Health,41,37,4,59.71,18.68,766,540,1.4185,0.0976,226,Overloaded
2016-06-02,WH-09,Women's Health,48,40,8,85.04,18.33,880,540,1.6296,0.1667,340,Overloaded
2016-06-02,WH-10,Women's Health,42,33,9,65.6,18.71,786,540,1.4556,0.2143,246,Overloaded
2016-06-02,WH-11,Women's Health,44,37,7,71.23,18.64,820,540,1.5185,0.1591,280,Overloaded
2016-06-02,WH-12,Women's Health,37,26,11,42.0,18.32,678,540,1.2556,0.2973,138,Overloaded
2016-06-02,WH-13,Women's Health,43,33,10,68.12,18.84,810,540,1.5,0.2326,270,Overloaded
2016-06-02,WH-14,Women's Health,39,29,10,51.64,18.46,720,540,1.3333,0.2564,180,Overloaded
2016-06-02,WH-15,Women's Health,48,39,9,85.69,18.38,882,540,1.6333,0.1875,342,Overloaded
2016-06-02,WH-16,Women's Health,43,30,13,68.67,18.79,808,540,1.4963,0.3023,268,Overloaded
2016-06-02,WH-17,Women's Health,39,33,6,50.77,18.56,724,540,1.3407,0.1538,184,Overloaded
2016-06-02,WH-18,Women's Health,24,20,4,13.54,18.25,438,540,0.8111,0.1667,-102,Balanced
2016-06-02,WH-19,Women's Health,36,30,6,39.03,18.67,672,540,1.2444,0.1667,132,Overloaded
2016-06-02,WH-20,Women's Health,52,44,8,95.0,18.69,972,540,1.8,0.1538,432,Overloaded
2016-06-02,WH-21,Women's Health,35,25,10,34.89,18.63,652,540,1.2074,0.2857,112,Overloaded
2016-06-02,WH-22,Women's Health,37,31,6,45.57,18.76,694,540,1.2852,0.1622,154,Overloaded
2016-06-02,WH-23,Women's Health,44,33,11,69.39,18.55,816,540,1.5111,0.25,276,Overloaded
2016-06-02,WH-24,Women's Health,53,45,8,95.0,18.42,976,540,1.8074,0.1509,436,Overloaded
2016-06-03,BH-01,Behavioral Health,10,8,2,16.9,28.2,282,480,0.5875,0.2,-198,Underused
2016-06-03,BH-02,Behavioral Health,6,6,0,16.83,27.33,164,480,0.3417,0.0,-316,Underused
2016-06-03,BH-03,Behavioral Health,4,3,1,19.25,28.5,114,480,0.2375,0.25,-366,Underused
2016-06-03,BH-04,Behavioral Health,1,0,1,13.0,28.0,28,480,0.0583,1.0,-452,Underused
2016-06-03,BH-05,Behavioral Health,4,4,0,14.5,26.0,104,480,0.2167,0.0,-376,Underused
2016-06-03,BH-06,Behavioral Health,2,2,0,20.0,30.0,60,480,0.125,0.0,-420,Underused
2016-06-03,BH-07,Behavioral Health,1,1,0,16.0,28.0,28,480,0.0583,0.0,-452,Underused
2016-06-03,BH-08,Behavioral Health,5,4,1,15.4,27.6,138,480,0.2875,0.2,-342,Underused
2016-06-03,BH-09,Behavioral Health,4,2,2,13.0,27.5,110,480,0.2292,0.5,-370,Underused
2016-06-03,BH-10,Behavioral Health,7,6,1,18.29,28.0,196,480,0.4083,0.1429,-284,Underused
2016-06-03,BH-11,Behavioral Health,7,7,0,17.57,27.14,190,480,0.3958,0.0,-290,Underused
2016-06-03,BH-12,Behavioral Health,3,2,1,19.67,29.33,88,480,0.1833,0.3333,-392,Underused
2016-06-03,BH-13,Behavioral Health,4,3,1,16.75,29.0,116,480,0.2417,0.25,-364,Underused
2016-06-03,BH-14,Behavioral Health,7,6,1,15.71,28.0,196,480,0.4083,0.1429,-284,Underused
2016-06-03,BH-15,Behavioral Health,4,4,0,19.5,30.0,120,480,0.25,0.0,-360,Underused
2016-06-03,BH-16,Behavioral Health,9,9,0,18.11,28.67,258,480,0.5375,0.0,-222,Underused
2016-06-03,BH-17,Behavioral Health,2,2,0,17.5,28.0,56,480,0.1167,0.0,-424,Underused
2016-06-03,BH-18,Behavioral Health,4,3,1,17.5,29.0,116,480,0.2417,0.25,-364,Underused
2016-06-03,BH-19,Behavioral Health,7,6,1,17.0,28.0,196,480,0.4083,0.1429,-284,Underused
2016-06-03,BH-20,Behavioral Health,3,3,0,18.67,27.33,82,480,0.1708,0.0,-398,Underused
2016-06-03,BH-21,Behavioral Health,4,4,0,17.5,29.0,116,480,0.2417,0.0,-364,Underused
2016-06-03,BH-22,Behavioral Health,7,6,1,18.0,28.57,200,480,0.4167,0.1429,-280,Underused
2016-06-03,BH-23,Behavioral Health,6,6,0,16.17,28.67,172,480,0.3583,0.0,-308,Underused
2016-06-03,BH-24,Behavioral Health,4,3,1,14.75,28.0,112,480,0.2333,0.25,-368,Underused
2016-06-03,CHR-01,Chronic Care,17,15,2,14.35,24.71,420,510,0.8235,0.1176,-90,Balanced
2016-06-03,CHR-02,Chronic Care,17,13,4,16.76,25.18,428,510,0.8392,0.2353,-82,Balanced
2016-06-03,CHR-03,Chronic Care,21,15,6,22.1,26.0,546,510,1.0706,0.2857,36,Overloaded
2016-06-03,CHR-04,Chronic Care,21,19,2,19.1,25.05,526,510,1.0314,0.0952,16,Overloaded
2016-06-03,CHR-05,Chronic Care,21,15,6,21.29,26.19,550,510,1.0784,0.2857,40,Overloaded
2016-06-03,CHR-06,Chronic Care,23,16,7,27.61,25.22,580,510,1.1373,0.3043,70,Overloaded
2016-06-03,CHR-07,Chronic Care,19,15,4,16.68,25.47,484,510,0.949,0.2105,-26,Overloaded
2016-06-03,CHR-08,Chronic Care,15,10,5,15.4,25.47,382,510,0.749,0.3333,-128,Balanced
2016-06-03,CHR-09,Chronic Care,21,18,3,20.24,25.81,542,510,1.0627,0.1429,32,Overloaded
2016-06-03,CHR-10,Chronic Care,19,15,4,15.11,24.95,474,510,0.9294,0.2105,-36,Overloaded
2016-06-03,CHR-11,Chronic Care,28,20,8,44.25,24.64,690,510,1.3529,0.2857,180,Overloaded
2016-06-03,CHR-12,Chronic Care,20,17,3,17.35,25.6,512,510,1.0039,0.15,2,Overloaded
2016-06-03,CHR-13,Chronic Care,18,12,6,15.56,26.56,478,510,0.9373,0.3333,-32,Overloaded
2016-06-03,CHR-14,Chronic Care,18,15,3,17.17,25.44,458,510,0.898,0.1667,-52,Balanced
2016-06-03,CHR-15,Chronic Care,15,15,0,15.2,25.2,378,510,0.7412,0.0,-132,Balanced
2016-06-03,CHR-16,Chronic Care,20,15,5,19.45,26.0,520,510,1.0196,0.25,10,Overloaded
2016-06-03,CHR-17,Chronic Care,14,14,0,15.64,25.71,360,510,0.7059,0.0,-150,Balanced
2016-06-03,CHR-18,Chronic Care,15,14,1,16.53,25.47,382,510,0.749,0.0667,-128,Balanced
2016-06-03,CHR-19,Chronic Care,25,22,3,34.44,25.2,630,510,1.2353,0.12,120,Overloaded
2016-06-03,CHR-20,Chronic Care,22,21,1,22.05,25.0,550,510,1.0784,0.0455,40,Overloaded
2016-06-03,CHR-21,Chronic Care,34,25,9,71.03,25.41,864,510,1.6941,0.2647,354,Overloaded
2016-06-03,CHR-22,Chronic Care,19,17,2,15.74,24.74,470,510,0.9216,0.1053,-40,Overloaded
2016-06-03,CHR-23,Chronic Care,18,14,4,15.06,25.44,458,510,0.898,0.2222,-52,Balanced
2016-06-03,CHR-24,Chronic Care,22,14,8,23.18,25.36,558,510,1.0941,0.3636,48,Overloaded
2016-06-03,FM-01,Family Medicine,42,37,5,54.14,17.33,728,540,1.3481,0.119,188,Overloaded
2016-06-03,FM-02,Family Medicine,36,30,6,30.36,17.22,620,540,1.1481,0.1667,80,Overloaded
2016-06-03,FM-03,Family Medicine,47,37,10,74.87,17.43,819,540,1.5167,0.2128,279,Overloaded
2016-06-03,FM-04,Family Medicine,38,30,8,37.37,17.11,650,540,1.2037,0.2105,110,Overloaded
2016-06-03,FM-05,Family Medicine,35,28,7,25.51,17.29,605,540,1.1204,0.2,65,Overloaded
2016-06-03,FM-06,Family Medicine,42,33,9,55.36,17.38,730,540,1.3519,0.2143,190,Overloaded
2016-06-03,FM-07,Family Medicine,41,29,12,49.22,17.24,707,540,1.3093,0.2927,167,Overloaded
2016-06-03,FM-08,Family Medicine,47,43,4,74.32,17.17,807,540,1.4944,0.0851,267,Overloaded
2016-06-03,FM-09,Family Medicine,45,38,7,66.44,17.36,781,540,1.4463,0.1556,241,Overloaded
2016-06-03,FM-10,Family Medicine,30,26,4,14.13,17.27,518,540,0.9593,0.1333,-22,Overloaded
2016-06-03,FM-11,Family Medicine,40,33,7,45.58,17.3,692,540,1.2815,0.175,152,Overloaded
2016-06-03,FM-12,Family Medicine,32,27,5,13.56,17.12,548,540,1.0148,0.1562,8,Overloaded
2016-06-03,FM-13,Family Medicine,46,34,12,69.3,17.3,796,540,1.4741,0.2609,256,Overloaded
2016-06-03,FM-14,Family Medicine,46,38,8,72.46,17.57,808,540,1.4963,0.1739,268,Overloaded
2016-06-03,FM-15,Family Medicine,43,36,7,59.47,17.42,749,540,1.387,0.1628,209,Overloaded
2016-06-03,FM-16,Family Medicine,31,22,9,15.77,17.45,541,540,1.0019,0.2903,1,Overloaded
2016-06-03,FM-17,Family Medicine,48,41,7,78.04,17.21,826,540,1.5296,0.1458,286,Overloaded
2016-06-03,FM-18,Family Medicine,35,30,5,26.54,17.29,605,540,1.1204,0.1429,65,Overloaded
2016-06-03,FM-19,Family Medicine,38,28,10,39.0,17.47,664,540,1.2296,0.2632,124,Overloaded
2016-06-03,FM-20,Family Medicine,37,29,8,34.73,17.38,643,540,1.1907,0.2162,103,Overloaded
2016-06-03,FM-21,Family Medicine,44,30,14,63.7,17.64,776,540,1.437,0.3182,236,Overloaded
2016-06-03,FM-22,Family Medicine,44,37,7,62.25,17.27,760,540,1.4074,0.1591,220,Overloaded
2016-06-03,FM-23,Family Medicine,39,29,10,43.54,17.51,683,540,1.2648,0.2564,143,Overloaded
2016-06-03,FM-24,Family Medicine,36,33,3,30.75,17.44,628,540,1.163,0.0833,88,Overloaded
2016-06-03,GER-01,Geriatrics,21,20,1,38.57,33.19,697,480,1.4521,0.0476,217,Overloaded
2016-06-03,GER-02,Geriatrics,24,18,6,52.12,33.08,794,480,1.6542,0.25,314,Overloaded
2016-06-03,GER-03,Geriatrics,25,19,6,52.92,32.28,807,480,1.6812,0.24,327,Overloaded
2016-06-03,GER-04,Geriatrics,29,21,8,70.59,33.07,959,480,1.9979,0.2759,479,Overloaded
2016-06-03,GER-05,Geriatrics,31,29,2,76.77,32.42,1005,480,2.0938,0.0645,525,Overloaded
2016-06-03,GER-06,Geriatrics,31,29,2,78.48,32.48,1007,480,2.0979,0.0645,527,Overloaded
2016-06-03,GER-07,Geriatrics,26,21,5,56.31,31.85,828,480,1.725,0.1923,348,Overloaded
2016-06-03,GER-08,Geriatrics,34,28,6,89.47,33.06,1124,480,2.3417,0.1765,644,Overloaded
2016-06-03,GER-09,Geriatrics,25,22,3,54.44,33.08,827,480,1.7229,0.12,347,Overloaded
2016-06-03,GER-10,Geriatrics,28,21,7,68.89,33.5,938,480,1.9542,0.25,458,Overloaded
2016-06-03,GER-11,Geriatrics,14,11,3,15.36,32.14,450,480,0.9375,0.2143,-30,Overloaded
2016-06-03,GER-12,Geriatrics,26,22,4,58.65,32.54,846,480,1.7625,0.1538,366,Overloaded
2016-06-03,GER-13,Geriatrics,21,19,2,38.19,32.9,691,480,1.4396,0.0952,211,Overloaded
2016-06-03,GER-14,Geriatrics,25,23,2,57.2,33.72,843,480,1.7562,0.08,363,Overloaded
2016-06-03,GER-15,Geriatrics,16,13,3,20.69,33.75,540,480,1.125,0.1875,60,Overloaded
2016-06-03,GER-16,Geriatrics,28,27,1,68.29,33.14,928,480,1.9333,0.0357,448,Overloaded
2016-06-03,GER-17,Geriatrics,25,23,2,55.76,33.72,843,480,1.7562,0.08,363,Overloaded
2016-06-03,GER-18,Geriatrics,29,27,2,70.28,32.59,945,480,1.9688,0.069,465,Overloaded
2016-06-03,GER-19,Geriatrics,15,11,4,16.2,32.2,483,480,1.0062,0.2667,3,Overloaded
2016-06-03,GER-20,Geriatrics,28,22,6,66.04,32.57,912,480,1.9,0.2143,432,Overloaded
2016-06-03,GER-21,Geriatrics,20,16,4,32.75,32.2,644,480,1.3417,0.2,164,Overloaded
2016-06-03,GER-22,Geriatrics,28,24,4,66.32,32.79,918,480,1.9125,0.1429,438,Overloaded
2016-06-03,GER-23,Geriatrics,27,25,2,61.93,32.7,883,480,1.8396,0.0741,403,Overloaded
2016-06-03,GER-24,Geriatrics,24,21,3,51.79,33.17,796,480,1.6583,0.125,316,Overloaded
2016-06-03,PED-01,Pediatrics,42,40,2,36.98,15.19,638,540,1.1815,0.0476,98,Overloaded
2016-06-03,PED-02,Pediatrics,43,35,8,43.23,15.3,658,540,1.2185,0.186,118,Overloaded
2016-06-03,PED-03,Pediatrics,34,31,3,11.21,15.24,518,540,0.9593,0.0882,-22,Overloaded
2016-06-03,PED-04,Pediatrics,45,30,15,51.44,15.22,685,540,1.2685,0.3333,145,Overloaded
2016-06-03,PED-05,Pediatrics,47,36,11,58.21,15.3,719,540,1.3315,0.234,179,Overloaded
2016-06-03,PED-06,Pediatrics,40,31,9,31.9,15.35,614,540,1.137,0.225,74,Overloaded
2016-06-03,PED-07,Pediatrics,39,28,11,25.38,15.26,595,540,1.1019,0.2821,55,Overloaded
2016-06-03,PED-08,Pediatrics,49,41,8,67.33,15.37,753,540,1.3944,0.1633,213,Overloaded
2016-06-03,PED-09,Pediatrics,45,37,8,50.18,15.31,689,540,1.2759,0.1778,149,Overloaded
2016-06-03,PED-10,Pediatrics,43,37,6,42.95,15.3,658,540,1.2185,0.1395,118,Overloaded
2016-06-03,PED-11,Pediatrics,48,37,11,61.06,15.21,730,540,1.3519,0.2292,190,Overloaded
2016-06-03,PED-12,Pediatrics,40,33,7,30.65,15.3,612,540,1.1333,0.175,72,Overloaded
2016-06-03,PED-13,Pediatrics,44,37,7,46.11,15.2,669,540,1.2389,0.1591,129,Overloaded
2016-06-03,PED-14,Pediatrics,32,24,8,14.0,15.28,489,540,0.9056,0.25,-51,Overloaded
2016-06-03,PED-15,Pediatrics,46,39,7,54.24,15.26,702,540,1.3,0.1522,162,Overloaded
2016-06-03,PED-16,Pediatrics,36,20,16,15.11,15.31,551,540,1.0204,0.4444,11,Overloaded
2016-06-03,PED-17,Pediatrics,34,25,9,11.76,15.29,520,540,0.963,0.2647,-20,Overloaded
2016-06-03,PED-18,Pediatrics,42,32,10,38.88,15.26,641,540,1.187,0.2381,101,Overloaded
2016-06-03,PED-19,Pediatrics,41,32,9,34.22,15.32,628,540,1.163,0.2195,88,Overloaded
2016-06-03,PED-20,Pediatrics,50,37,13,69.78,15.24,762,540,1.4111,0.26,222,Overloaded
2016-06-03,PED-21,Pediatrics,41,32,9,32.66,15.15,621,540,1.15,0.2195,81,Overloaded
2016-06-03,PED-22,Pediatrics,33,26,7,13.09,15.27,504,540,0.9333,0.2121,-36,Overloaded
2016-06-03,PED-23,Pediatrics,37,31,6,17.73,15.22,563,540,1.0426,0.1622,23,Overloaded
2016-06-03,PED-24,Pediatrics,28,22,6,12.79,15.32,429,540,0.7944,0.2143,-111,Balanced
2016-06-03,REH-01,Rehabilitation,4,4,0,16.0,32.0,128,450,0.2844,0.0,-322,Underused
2016-06-03,REH-02,Rehabilitation,3,3,0,20.33,33.33,100,450,0.2222,0.0,-350,Underused
2016-06-03,REH-03,Rehabilitation,2,2,0,15.0,36.0,72,450,0.16,0.0,-378,Underused
2016-06-03,REH-04,Rehabilitation,5,5,0,20.0,40.8,204,450,0.4533,0.0,-246,Underused
2016-06-03,REH-05,Rehabilitation,2,2,0,20.5,40.0,80,450,0.1778,0.0,-370,Underused
2016-06-03,REH-06,Rehabilitation,5,4,1,15.6,34.2,171,450,0.38,0.2,-279,Underused
2016-06-03,REH-07,Rehabilitation,2,1,1,19.0,41.0,82,450,0.1822,0.5,-368,Underused
2016-06-03,REH-08,Rehabilitation,5,4,1,17.2,37.2,186,450,0.4133,0.2,-264,Underused
2016-06-03,REH-09,Rehabilitation,4,4,0,14.75,33.5,134,450,0.2978,0.0,-316,Underused
2016-06-03,REH-10,Rehabilitation,5,4,1,16.0,36.8,184,450,0.4089,0.2,-266,Underused
2016-06-03,REH-11,Rehabilitation,2,2,0,16.0,33.5,67,450,0.1489,0.0,-383,Underused
2016-06-03,REH-12,Rehabilitation,4,4,0,17.0,36.0,144,450,0.32,0.0,-306,Underused
2016-06-03,REH-13,Rehabilitation,4,4,0,15.0,36.25,145,450,0.3222,0.0,-305,Underused
2016-06-03,REH-14,Rehabilitation,3,3,0,20.33,35.0,105,450,0.2333,0.0,-345,Underused
2016-06-03,REH-15,Rehabilitation,4,4,0,21.5,40.5,162,450,0.36,0.0,-288,Underused
2016-06-03,REH-16,Rehabilitation,4,4,0,19.5,38.5,154,450,0.3422,0.0,-296,Underused
2016-06-03,REH-17,Rehabilitation,5,4,1,17.6,37.4,187,450,0.4156,0.2,-263,Underused
2016-06-03,REH-18,Rehabilitation,2,1,1,21.0,34.0,68,450,0.1511,0.5,-382,Underused
2016-06-03,REH-19,Rehabilitation,3,3,0,15.67,39.33,118,450,0.2622,0.0,-332,Underused
2016-06-03,REH-20,Rehabilitation,5,4,1,16.6,34.2,171,450,0.38,0.2,-279,Underused
2016-06-03,REH-21,Rehabilitation,5,5,0,16.8,34.0,170,450,0.3778,0.0,-280,Underused
2016-06-03,REH-22,Rehabilitation,3,3,0,14.33,32.67,98,450,0.2178,0.0,-352,Underused
2016-06-03,REH-23,Rehabilitation,2,2,0,23.0,40.5,81,450,0.18,0.0,-369,Underused
2016-06-03,REH-24,Rehabilitation,6,6,0,19.33,37.17,223,450,0.4956,0.0,-227,Underused
2016-06-03,WH-01,Women's Health,33,25,8,28.09,18.79,620,540,1.1481,0.2424,80,Overloaded
2016-06-03,WH-02,Women's Health,33,26,7,27.88,18.55,612,540,1.1333,0.2121,72,Overloaded
2016-06-03,WH-03,Women's Health,36,29,7,36.94,18.28,658,540,1.2185,0.1944,118,Overloaded
2016-06-03,WH-04,Women's Health,43,29,14,65.49,18.33,788,540,1.4593,0.3256,248,Overloaded
2016-06-03,WH-05,Women's Health,50,33,17,92.04,18.52,926,540,1.7148,0.34,386,Overloaded
2016-06-03,WH-06,Women's Health,35,28,7,35.0,18.51,648,540,1.2,0.2,108,Overloaded
2016-06-03,WH-07,Women's Health,38,27,11,46.97,18.63,708,540,1.3111,0.2895,168,Overloaded
2016-06-03,WH-08,Women's Health,33,28,5,28.97,18.91,624,540,1.1556,0.1515,84,Overloaded
2016-06-03,WH-09,Women's Health,29,22,7,14.17,18.76,544,540,1.0074,0.2414,4,Overloaded
2016-06-03,WH-10,Women's Health,32,25,7,23.06,18.38,588,540,1.0889,0.2188,48,Overloaded
2016-06-03,WH-11,Women's Health,31,26,5,17.48,18.39,570,540,1.0556,0.1613,30,Overloaded
2016-06-03,WH-12,Women's Health,30,23,7,16.0,18.73,562,540,1.0407,0.2333,22,Overloaded
2016-06-03,WH-13,Women's Health,33,21,12,27.24,18.61,614,540,1.137,0.3636,74,Overloaded
2016-06-03,WH-14,Women's Health,36,28,8,38.94,18.44,664,540,1.2296,0.2222,124,Overloaded
2016-06-03,WH-15,Women's Health,36,31,5,38.69,18.61,670,540,1.2407,0.1389,130,Overloaded
2016-06-03,WH-16,Women's Health,31,21,10,20.1,18.71,580,540,1.0741,0.3226,40,Overloaded
2016-06-03,WH-17,Women's Health,42,27,15,62.79,18.62,782,540,1.4481,0.3571,242,Overloaded
2016-06-03,WH-18,Women's Health,39,30,9,52.36,18.56,724,540,1.3407,0.2308,184,Overloaded
2016-06-03,WH-19,Women's Health,39,28,11,49.62,18.41,718,540,1.3296,0.2821,178,Overloaded
2016-06-03,WH-20,Women's Health,29,23,6,13.62,18.34,532,540,0.9852,0.2069,-8,Overloaded
2016-06-03,WH-21,Women's Health,41,31,10,56.95,18.29,750,540,1.3889,0.2439,210,Overloaded
2016-06-03,WH-22,Women's Health,29,25,4,14.9,18.69,542,540,1.0037,0.1379,2,Overloaded
2016-06-03,WH-23,Women's Health,42,33,9,63.4,18.71,786,540,1.4556,0.2143,246,Overloaded
2016-06-03,WH-24,Women's Health,43,35,8,66.88,18.37,790,540,1.463,0.186,250,Overloaded
2016-06-06,BH-01,Behavioral Health,2,2,0,19.0,30.0,60,480,0.125,0.0,-420,Underused
2016-06-06,BH-02,Behavioral Health,5,5,0,18.2,28.4,142,480,0.2958,0.0,-338,Underused
2016-06-06,BH-03,Behavioral Health,5,3,2,16.2,29.2,146,480,0.3042,0.4,-334,Underused
2016-06-06,BH-04,Behavioral Health,3,1,2,15.67,31.33,94,480,0.1958,0.6667,-386,Underused
2016-06-06,BH-05,Behavioral Health,6,5,1,15.17,26.67,160,480,0.3333,0.1667,-320,Underused
2016-06-06,BH-06,Behavioral Health,7,5,2,17.43,27.14,190,480,0.3958,0.2857,-290,Underused
2016-06-06,BH-07,Behavioral Health,6,5,1,15.5,26.67,160,480,0.3333,0.1667,-320,Underused
2016-06-06,BH-08,Behavioral Health,6,4,2,15.83,28.0,168,480,0.35,0.3333,-312,Underused
2016-06-06,BH-09,Behavioral Health,7,5,2,15.57,27.71,194,480,0.4042,0.2857,-286,Underused
2016-06-06,BH-10,Behavioral Health,6,4,2,16.83,27.67,166,480,0.3458,0.3333,-314,Underused
2016-06-06,BH-11,Behavioral Health,6,3,3,16.5,27.33,164,480,0.3417,0.5,-316,Underused
2016-06-06,BH-12,Behavioral Health,2,1,1,17.0,27.0,54,480,0.1125,0.5,-426,Underused
2016-06-06,BH-13,Behavioral Health,5,5,0,15.6,28.0,140,480,0.2917,0.0,-340,Underused
2016-06-06,BH-14,Behavioral Health,4,3,1,16.75,27.5,110,480,0.2292,0.25,-370,Underused
2016-06-06,BH-15,Behavioral Health,4,4,0,15.75,30.0,120,480,0.25,0.0,-360,Underused
2016-06-06,BH-16,Behavioral Health,3,2,1,21.0,28.67,86,480,0.1792,0.3333,-394,Underused
2016-06-06,BH-17,Behavioral Health,3,1,2,14.33,26.67,80,480,0.1667,0.6667,-400,Underused
2016-06-06,BH-18,Behavioral Health,7,6,1,17.86,27.14,190,480,0.3958,0.1429,-290,Underused
2016-06-06,BH-19,Behavioral Health,4,4,0,11.75,27.0,108,480,0.225,0.0,-372,Underused
2016-06-06,BH-20,Behavioral Health,6,6,0,15.33,27.67,166,480,0.3458,0.0,-314,Underused
2016-06-06,BH-21,Behavioral Health,3,2,1,12.67,28.67,86,480,0.1792,0.3333,-394,Underused
2016-06-06,BH-22,Behavioral Health,5,4,1,18.0,27.2,136,480,0.2833,0.2,-344,Underused
2016-06-06,BH-23,Behavioral Health,1,1,0,19.0,30.0,30,480,0.0625,0.0,-450,Underused
2016-06-06,BH-24,Behavioral Health,8,7,1,18.0,28.0,224,480,0.4667,0.125,-256,Underused
2016-06-06,CHR-01,Chronic Care,20,18,2,18.5,26.2,524,510,1.0275,0.1,14,Overloaded
2016-06-06,CHR-02,Chronic Care,21,16,5,19.14,25.33,532,510,1.0431,0.2381,22,Overloaded
2016-06-06,CHR-03,Chronic Care,25,21,4,34.68,25.52,638,510,1.251,0.16,128,Overloaded
2016-06-06,CHR-04,Chronic Care,24,18,6,31.83,25.75,618,510,1.2118,0.25,108,Overloaded
2016-06-06,CHR-05,Chronic Care,14,10,4,13.71,25.29,354,510,0.6941,0.2857,-156,Balanced
2016-06-06,CHR-06,Chronic Care,22,18,4,23.95,25.64,564,510,1.1059,0.1818,54,Overloaded
2016-06-06,CHR-07,Chronic Care,21,15,6,16.67,25.05,526,510,1.0314,0.2857,16,Overloaded
2016-06-06,CHR-08,Chronic Care,20,19,1,19.15,26.0,520,510,1.0196,0.05,10,Overloaded
2016-06-06,CHR-09,Chronic Care,17,16,1,14.12,25.18,428,510,0.8392,0.0588,-82,Balanced
2016-06-06,CHR-10,Chronic Care,12,10,2,15.08,24.33,292,510,0.5725,0.1667,-218,Underused
2016-06-06,CHR-11,Chronic Care,26,22,4,39.42,25.69,668,510,1.3098,0.1538,158,Overloaded
2016-06-06,CHR-12,Chronic Care,23,20,3,28.96,25.83,594,510,1.1647,0.1304,84,Overloaded
2016-06-06,CHR-13,Chronic Care,17,14,3,13.94,24.71,420,510,0.8235,0.1765,-90,Balanced
2016-06-06,CHR-14,Chronic Care,21,18,3,20.29,26.19,550,510,1.0784,0.1429,40,Overloaded
2016-06-06,CHR-15,Chronic Care,20,16,4,15.9,25.2,504,510,0.9882,0.2,-6,Overloaded
2016-06-06,CHR-16,Chronic Care,21,19,2,22.52,26.57,558,510,1.0941,0.0952,48,Overloaded
2016-06-06,CHR-17,Chronic Care,28,25,3,47.46,25.43,712,510,1.3961,0.1071,202,Overloaded
2016-06-06,CHR-18,Chronic Care,18,14,4,16.44,25.67,462,510,0.9059,0.2222,-48,Overloaded
2016-06-06,CHR-19,Chronic Care,23,19,4,27.3,25.74,592,510,1.1608,0.1739,82,Overloaded
2016-06-06,CHR-20,Chronic Care,19,16,3,15.68,25.05,476,510,0.9333,0.1579,-34,Overloaded
2016-06-06,CHR-21,Chronic Care,19,15,4,15.84,25.37,482,510,0.9451,0.2105,-28,Overloaded
2016-06-06,CHR-22,Chronic Care,16,14,2,14.94,24.75,396,510,0.7765,0.125,-114,Balanced
2016-06-06,CHR-23,Chronic Care,16,14,2,14.0,25.62,410,510,0.8039,0.125,-100,Balanced
2016-06-06,CHR-24,Chronic Care,19,16,3,16.79,24.84,472,510,0.9255,0.1579,-38,Overloaded
2016-06-06,FM-01,Family Medicine,52,41,11,91.0,17.27,898,540,1.663,0.2115,358,Overloaded
2016-06-06,FM-02,Family Medicine,55,41,14,95.0,17.44,959,540,1.7759,0.2545,419,Overloaded
2016-06-06,FM-03,Family Medicine,42,35,7,54.93,17.52,736,540,1.363,0.1667,196,Overloaded
2016-06-06,FM-04,Family Medicine,47,31,16,74.77,17.3,813,540,1.5056,0.3404,273,Overloaded
2016-06-06,FM-05,Family Medicine,52,39,13,91.21,17.19,894,540,1.6556,0.25,354,Overloaded
2016-06-06,FM-06,Family Medicine,48,46,2,77.44,17.25,828,540,1.5333,0.0417,288,Overloaded
2016-06-06,FM-07,Family Medicine,44,40,4,61.55,17.36,764,540,1.4148,0.0909,224,Overloaded
2016-06-06,FM-08,Family Medicine,42,35,7,52.86,17.19,722,540,1.337,0.1667,182,Overloaded
2016-06-06,FM-09,Family Medicine,48,40,8,77.08,17.25,828,540,1.5333,0.1667,288,Overloaded
2016-06-06,FM-10,Family Medicine,37,30,7,34.41,17.38,643,540,1.1907,0.1892,103,Overloaded
2016-06-06,FM-11,Family Medicine,54,42,12,95.0,17.41,940,540,1.7407,0.2222,400,Overloaded
2016-06-06,FM-12,Family Medicine,50,42,8,86.12,17.24,862,540,1.5963,0.16,322,Overloaded
2016-06-06,FM-13,Family Medicine,54,50,4,95.0,17.26,932,540,1.7259,0.0741,392,Overloaded
2016-06-06,FM-14,Family Medicine,39,27,12,40.82,17.15,669,540,1.2389,0.3077,129,Overloaded
2016-06-06,FM-15,Family Medicine,32,26,6,13.78,17.38,556,540,1.0296,0.1875,16,Overloaded
2016-06-06,FM-16,Family Medicine,58,50,8,95.0,17.38,1008,540,1.8667,0.1379,468,Overloaded
2016-06-06,FM-17,Family Medicine,55,38,17,95.0,17.4,957,540,1.7722,0.3091,417,Overloaded
2016-06-06,FM-18,Family Medicine,60,45,15,95.0,17.33,1040,540,1.9259,0.25,500,Overloaded
2016-06-06,FM-19,Family Medicine,44,34,10,61.39,17.27,760,540,1.4074,0.2273,220,Overloaded
2016-06-06,FM-20,Family Medicine,43,35,8,59.47,17.42,749,540,1.387,0.186,209,Overloaded
2016-06-06,FM-21,Family Medicine,57,41,16,95.0,17.28,985,540,1.8241,0.2807,445,Overloaded
2016-06-06,FM-22,Family Medicine,48,40,8,77.98,17.25,828,540,1.5333,0.1667,288,Overloaded
2016-06-06,FM-23,Family Medicine,55,46,9,95.0,17.44,959,540,1.7759,0.1636,419,Overloaded
2016-06-06,FM-24,Family Medicine,52,43,9,91.94,17.38,904,540,1.6741,0.1731,364,Overloaded
2016-06-06,GER-01,Geriatrics,25,24,1,53.24,32.76,819,480,1.7062,0.04,339,Overloaded
2016-06-06,GER-02,Geriatrics,25,19,6,51.0,31.72,793,480,1.6521,0.24,313,Overloaded
2016-06-06,GER-03,Geriatrics,19,17,2,26.68,32.05,609,480,1.2688,0.1053,129,Overloaded
2016-06-06,GER-04,Geriatrics,30,26,4,73.17,32.67,980,480,2.0417,0.1333,500,Overloaded
2016-06-06,GER-05,Geriatrics,28,26,2,65.25,32.36,906,480,1.8875,0.0714,426,Overloaded
2016-06-06,GER-06,Geriatrics,15,14,1,13.2,31.67,475,480,0.9896,0.0667,-5,Overloaded
2016-06-06,GER-07,Geriatrics,25,19,6,55.68,33.88,847,480,1.7646,0.24,367,Overloaded
2016-06-06,GER-08,Geriatrics,30,24,6,72.63,32.6,978,480,2.0375,0.2,498,Overloaded
2016-06-06,GER-09,Geriatrics,21,19,2,35.81,32.62,685,480,1.4271,0.0952,205,Overloaded
2016-06-06,GER-10,Geriatrics,19,15,4,28.68,32.05,609,480,1.2688,0.2105,129,Overloaded
2016-06-06,GER-11,Geriatrics,26,23,3,56.88,32.69,850,480,1.7708,0.1154,370,Overloaded
2016-06-06,GER-12,Geriatrics,20,17,3,36.25,33.1,662,480,1.3792,0.15,182,Overloaded
2016-06-06,GER-13,Geriatrics,26,20,6,55.42,32.31,840,480,1.75,0.2308,360,Overloaded
2016-06-06,GER-14,Geriatrics,27,24,3,60.63,31.89,861,480,1.7938,0.1111,381,Overloaded
2016-06-06,GER-15,Geriatrics,25,23,2,55.68,33.24,831,480,1.7312,0.08,351,Overloaded
2016-06-06,GER-16,Geriatrics,29,23,6,70.55,33.21,963,480,2.0062,0.2069,483,Overloaded
2016-06-06,GER-17,Geriatrics,20,17,3,31.25,32.3,646,480,1.3458,0.15,166,Overloaded
2016-06-06,GER-18,Geriatrics,26,24,2,57.42,32.85,854,480,1.7792,0.0769,374,Overloaded
2016-06-06,GER-19,Geriatrics,32,28,4,77.81,31.69,1014,480,2.1125,0.125,534,Overloaded
2016-06-06,GER-20,Geriatrics,19,17,2,28.0,32.26,613,480,1.2771,0.1053,133,Overloaded
2016-06-06,GER-21,Geriatrics,13,13,0,13.69,33.0,429,480,0.8938,0.0,-51,Balanced
2016-06-06,GER-22,Geriatrics,28,24,4,63.07,32.0,896,480,1.8667,0.1429,416,Overloaded
2016-06-06,GER-23,Geriatrics,28,24,4,63.64,32.29,904,480,1.8833,0.1429,424,Overloaded
2016-06-06,GER-24,Geriatrics,20,15,5,33.45,32.8,656,480,1.3667,0.25,176,Overloaded
2016-06-06,PED-01,Pediatrics,61,47,14,95.0,15.3,933,540,1.7278,0.2295,393,Overloaded
2016-06-06,PED-02,Pediatrics,42,33,9,38.5,15.21,639,540,1.1833,0.2143,99,Overloaded
2016-06-06,PED-03,Pediatrics,53,45,8,82.0,15.43,818,540,1.5148,0.1509,278,Overloaded
2016-06-06,PED-04,Pediatrics,48,38,10,62.02,15.29,734,540,1.3593,0.2083,194,Overloaded
2016-06-06,PED-05,Pediatrics,54,43,11,83.65,15.13,817,540,1.513,0.2037,277,Overloaded
2016-06-06,PED-06,Pediatrics,49,37,12,65.49,15.2,745,540,1.3796,0.2449,205,Overloaded
2016-06-06,PED-07,Pediatrics,61,47,14,95.0,15.33,935,540,1.7315,0.2295,395,Overloaded
2016-06-06,PED-08,Pediatrics,44,37,7,45.84,15.27,672,540,1.2444,0.1591,132,Overloaded
2016-06-06,PED-09,Pediatrics,52,44,8,76.19,15.15,788,540,1.4593,0.1538,248,Overloaded
2016-06-06,PED-10,Pediatrics,46,37,9,52.65,15.09,694,540,1.2852,0.1957,154,Overloaded
2016-06-06,PED-11,Pediatrics,49,38,11,65.43,15.31,750,540,1.3889,0.2245,210,Overloaded
2016-06-06,PED-12,Pediatrics,50,43,7,71.18,15.18,759,540,1.4056,0.14,219,Overloaded
2016-06-06,PED-13,Pediatrics,54,40,14,85.48,15.28,825,540,1.5278,0.2593,285,Overloaded
2016-06-06,PED-14,Pediatrics,41,36,5,34.63,15.29,627,540,1.1611,0.122,87,Overloaded
2016-06-06,PED-15,Pediatrics,46,43,3,53.3,15.3,704,540,1.3037,0.0652,164,Overloaded
2016-06-06,PED-16,Pediatrics,58,43,15,95.0,15.19,881,540,1.6315,0.2586,341,Overloaded
2016-06-06,PED-17,Pediatrics,51,45,6,73.22,15.25,778,540,1.4407,0.1176,238,Overloaded
2016-06-06,PED-18,Pediatrics,51,43,8,72.88,15.16,773,540,1.4315,0.1569,233,Overloaded
2016-06-06,PED-19,Pediatrics,65,56,9,95.0,15.12,983,540,1.8204,0.1385,443,Overloaded
2016-06-06,PED-20,Pediatrics,46,32,14,54.22,15.3,704,540,1.3037,0.3043,164,Overloaded
2016-06-06,PED-21,Pediatrics,53,40,13,80.19,15.21,806,540,1.4926,0.2453,266,Overloaded
2016-06-06,PED-22,Pediatrics,51,39,12,74.29,15.22,776,540,1.437,0.2353,236,Overloaded
2016-06-06,PED-23,Pediatrics,43,37,6,42.58,15.37,661,540,1.2241,0.1395,121,Overloaded
2016-06-06,PED-24,Pediatrics,54,51,3,86.48,15.33,828,540,1.5333,0.0556,288,Overloaded
2016-06-06,REH-01,Rehabilitation,7,6,1,12.86,33.0,231,450,0.5133,0.1429,-219,Underused
2016-06-06,REH-02,Rehabilitation,8,7,1,15.38,36.62,293,450,0.6511,0.125,-157,Balanced
2016-06-06,REH-03,Rehabilitation,4,4,0,16.0,33.5,134,450,0.2978,0.0,-316,Underused
2016-06-06,REH-04,Rehabilitation,4,2,2,17.25,35.25,141,450,0.3133,0.5,-309,Underused
2016-06-06,REH-05,Rehabilitation,3,1,2,15.33,32.67,98,450,0.2178,0.6667,-352,Underused
2016-06-06,REH-06,Rehabilitation,4,4,0,17.0,38.0,152,450,0.3378,0.0,-298,Underused
2016-06-06,REH-07,Rehabilitation,3,2,1,18.67,36.33,109,450,0.2422,0.3333,-341,Underused
2016-06-06,REH-08,Rehabilitation,4,3,1,18.0,39.75,159,450,0.3533,0.25,-291,Underused
2016-06-06,REH-09,Rehabilitation,3,3,0,16.67,34.0,102,450,0.2267,0.0,-348,Underused
2016-06-06,REH-10,Rehabilitation,3,3,0,17.67,33.33,100,450,0.2222,0.0,-350,Underused
2016-06-06,REH-11,Rehabilitation,7,5,2,15.43,35.71,250,450,0.5556,0.2857,-200,Underused
2016-06-06,REH-12,Rehabilitation,1,1,0,18.0,34.0,34,450,0.0756,0.0,-416,Underused
2016-06-06,REH-13,Rehabilitation,4,3,1,17.5,38.0,152,450,0.3378,0.25,-298,Underused
2016-06-06,REH-14,Rehabilitation,4,4,0,18.0,36.5,146,450,0.3244,0.0,-304,Underused
2016-06-06,REH-15,Rehabilitation,6,4,2,15.33,36.33,218,450,0.4844,0.3333,-232,Underused
2016-06-06,REH-16,Rehabilitation,5,3,2,16.2,35.8,179,450,0.3978,0.4,-271,Underused
2016-06-06,REH-17,Rehabilitation,4,4,0,16.5,32.75,131,450,0.2911,0.0,-319,Underused
2016-06-06,REH-18,Rehabilitation,5,5,0,14.8,39.8,199,450,0.4422,0.0,-251,Underused
2016-06-06,REH-19,Rehabilitation,4,4,0,13.5,35.0,140,450,0.3111,0.0,-310,Underused
2016-06-06,REH-20,Rehabilitation,5,5,0,16.8,36.4,182,450,0.4044,0.0,-268,Underused
2016-06-06,REH-21,Rehabilitation,3,2,1,15.33,33.33,100,450,0.2222,0.3333,-350,Underused
2016-06-06,REH-22,Rehabilitation,3,3,0,19.67,36.33,109,450,0.2422,0.0,-341,Underused
2016-06-06,REH-23,Rehabilitation,3,1,2,14.67,36.33,109,450,0.2422,0.6667,-341,Underused
2016-06-06,REH-24,Rehabilitation,1,1,0,27.0,40.0,40,450,0.0889,0.0,-410,Underused
2016-06-06,WH-01,Women's Health,39,30,9,50.62,18.67,728,540,1.3481,0.2308,188,Overloaded
2016-06-06,WH-02,Women's Health,38,30,8,48.34,18.63,708,540,1.3111,0.2105,168,Overloaded
2016-06-06,WH-03,Women's Health,38,33,5,47.5,18.68,710,540,1.3148,0.1316,170,Overloaded
2016-06-06,WH-04,Women's Health,45,40,5,75.78,18.62,838,540,1.5519,0.1111,298,Overloaded
2016-06-06,WH-05,Women's Health,41,30,11,58.34,18.54,760,540,1.4074,0.2683,220,Overloaded
2016-06-06,WH-06,Women's Health,35,25,10,32.4,18.17,636,540,1.1778,0.2857,96,Overloaded
2016-06-06,WH-07,Women's Health,31,22,9,18.97,18.71,580,540,1.0741,0.2903,40,Overloaded
2016-06-06,WH-08,Women's Health,50,40,10,92.4,18.48,924,540,1.7111,0.2,384,Overloaded
2016-06-06,WH-09,Women's Health,33,27,6,26.79,18.67,616,540,1.1407,0.1818,76,Overloaded
2016-06-06,WH-10,Women's Health,44,35,9,71.23,18.59,818,540,1.5148,0.2045,278,Overloaded
2016-06-06,WH-11,Women's Health,49,41,8,89.02,18.41,902,540,1.6704,0.1633,362,Overloaded
2016-06-06,WH-12,Women's Health,49,40,9,89.76,18.57,910,540,1.6852,0.1837,370,Overloaded
2016-06-06,WH-13,Women's Health,46,35,11,77.46,18.39,846,540,1.5667,0.2391,306,Overloaded
2016-06-06,WH-14,Women's Health,57,48,9,95.0,18.56,1058,540,1.9593,0.1579,518,Overloaded
2016-06-06,WH-15,Women's Health,42,29,13,61.29,18.43,774,540,1.4333,0.3095,234,Overloaded
2016-06-06,WH-16,Women's Health,31,28,3,18.23,18.45,572,540,1.0593,0.0968,32,Overloaded
2016-06-06,WH-17,Women's Health,55,44,11,95.0,18.58,1022,540,1.8926,0.2,482,Overloaded
2016-06-06,WH-18,Women's Health,41,33,8,59.41,18.49,758,540,1.4037,0.1951,218,Overloaded
2016-06-06,WH-19,Women's Health,28,24,4,12.07,18.43,516,540,0.9556,0.1429,-24,Overloaded
2016-06-06,WH-20,Women's Health,51,43,8,94.51,18.59,948,540,1.7556,0.1569,408,Overloaded
2016-06-06,WH-21,Women's Health,41,35,6,60.1,18.73,768,540,1.4222,0.1463,228,Overloaded
2016-06-06,WH-22,Women's Health,45,34,11,74.04,18.49,832,540,1.5407,0.2444,292,Overloaded
2016-06-06,WH-23,Women's Health,56,45,11,95.0,18.46,1034,540,1.9148,0.1964,494,Overloaded
2016-06-06,WH-24,Women's Health,47,31,16,84.17,18.6,874,540,1.6185,0.3404,334,Overloaded
2016-06-07,BH-01,Behavioral Health,10,8,2,15.0,28.8,288,480,0.6,0.2,-192,Underused
2016-06-07,BH-02,Behavioral Health,4,2,2,19.25,27.5,110,480,0.2292,0.5,-370,Underused
2016-06-07,BH-03,Behavioral Health,4,4,0,15.25,26.0,104,480,0.2167,0.0,-376,Underused
2016-06-07,BH-04,Behavioral Health,1,1,0,21.0,26.0,26,480,0.0542,0.0,-454,Underused
2016-06-07,BH-05,Behavioral Health,4,2,2,16.75,28.5,114,480,0.2375,0.5,-366,Underused
2016-06-07,BH-06,Behavioral Health,4,3,1,16.75,28.5,114,480,0.2375,0.25,-366,Underused
2016-06-07,BH-07,Behavioral Health,3,3,0,15.33,28.0,84,480,0.175,0.0,-396,Underused
2016-06-07,BH-08,Behavioral Health,5,1,4,15.4,27.2,136,480,0.2833,0.8,-344,Underused
2016-06-07,BH-09,Behavioral Health,6,3,3,14.83,27.67,166,480,0.3458,0.5,-314,Underused
2016-06-07,BH-10,Behavioral Health,4,3,1,20.75,29.5,118,480,0.2458,0.25,-362,Underused
2016-06-07,BH-11,Behavioral Health,3,3,0,18.33,26.67,80,480,0.1667,0.0,-400,Underused
2016-06-07,BH-12,Behavioral Health,3,3,0,19.67,29.33,88,480,0.1833,0.0,-392,Underused
2016-06-07,BH-13,Behavioral Health,3,3,0,19.0,31.33,94,480,0.1958,0.0,-386,Underused
2016-06-07,BH-14,Behavioral Health,7,4,3,17.86,29.71,208,480,0.4333,0.4286,-272,Underused
2016-06-07,BH-15,Behavioral Health,6,6,0,15.67,28.0,168,480,0.35,0.0,-312,Underused
2016-06-07,BH-16,Behavioral Health,5,4,1,17.2,30.8,154,480,0.3208,0.2,-326,Underused
2016-06-07,BH-17,Behavioral Health,4,3,1,17.75,30.5,122,480,0.2542,0.25,-358,Underused
2016-06-07,BH-18,Behavioral Health,6,5,1,15.67,28.33,170,480,0.3542,0.1667,-310,Underused
2016-06-07,BH-19,Behavioral Health,5,4,1,17.8,28.4,142,480,0.2958,0.2,-338,Underused
2016-06-07,BH-21,Behavioral Health,4,3,1,15.5,27.0,108,480,0.225,0.25,-372,Underused
2016-06-07,BH-22,Behavioral Health,4,4,0,19.5,29.0,116,480,0.2417,0.0,-364,Underused
2016-06-07,BH-23,Behavioral Health,6,2,4,13.0,27.33,164,480,0.3417,0.6667,-316,Underused
2016-06-07,BH-24,Behavioral Health,5,4,1,14.8,29.6,148,480,0.3083,0.2,-332,Underused
2016-06-07,CHR-01,Chronic Care,16,14,2,15.5,26.12,418,510,0.8196,0.125,-92,Balanced
2016-06-07,CHR-02,Chronic Care,16,14,2,14.44,24.12,386,510,0.7569,0.125,-124,Balanced
2016-06-07,CHR-03,Chronic Care,24,20,4,28.25,24.75,594,510,1.1647,0.1667,84,Overloaded
2016-06-07,CHR-04,Chronic Care,16,13,3,16.69,25.38,406,510,0.7961,0.1875,-104,Balanced
2016-06-07,CHR-05,Chronic Care,20,19,1,16.25,25.1,502,510,0.9843,0.05,-8,Overloaded
2016-06-07,CHR-06,Chronic Care,22,20,2,26.59,26.27,578,510,1.1333,0.0909,68,Overloaded
2016-06-07,CHR-07,Chronic Care,24,19,5,30.88,25.33,608,510,1.1922,0.2083,98,Overloaded
2016-06-07,CHR-08,Chronic Care,21,19,2,20.05,25.33,532,510,1.0431,0.0952,22,Overloaded
2016-06-07,CHR-09,Chronic Care,24,22,2,29.46,25.08,602,510,1.1804,0.0833,92,Overloaded
2016-06-07,CHR-10,Chronic Care,21,20,1,21.57,25.52,536,510,1.051,0.0476,26,Overloaded
2016-06-07,CHR-11,Chronic Care,23,18,5,26.7,25.65,590,510,1.1569,0.2174,80,Overloaded
2016-06-07,CHR-12,Chronic Care,27,24,3,44.48,25.33,684,510,1.3412,0.1111,174,Overloaded
2016-06-07,CHR-13,Chronic Care,25,20,5,32.44,25.12,628,510,1.2314,0.2,118,Overloaded
2016-06-07,CHR-14,Chronic Care,17,12,5,14.41,25.29,430,510,0.8431,0.2941,-80,Balanced
2016-06-07,CHR-15,Chronic Care,29,23,6,49.69,25.24,732,510,1.4353,0.2069,222,Overloaded
2016-06-07,CHR-16,Chronic Care,28,26,2,46.71,24.93,698,510,1.3686,0.0714,188,Overloaded
2016-06-07,CHR-17,Chronic Care,21,15,6,18.86,25.43,534,510,1.0471,0.2857,24,Overloaded
2016-06-07,CHR-18,Chronic Care,27,23,4,41.56,24.96,674,510,1.3216,0.1481,164,Overloaded
2016-06-07,CHR-19,Chronic Care,18,16,2,16.72,25.89,466,510,0.9137,0.1111,-44,Overloaded
2016-06-07,CHR-20,Chronic Care,23,19,4,27.17,25.48,586,510,1.149,0.1739,76,Overloaded
2016-06-07,CHR-21,Chronic Care,24,18,6,29.42,24.92,598,510,1.1725,0.25,88,Overloaded
2016-06-07,CHR-22,Chronic Care,20,17,3,19.05,25.6,512,510,1.0039,0.15,2,Overloaded
2016-06-07,CHR-23,Chronic Care,25,20,5,37.56,25.92,648,510,1.2706,0.2,138,Overloaded
2016-06-07,CHR-24,Chronic Care,25,24,1,34.24,24.72,618,510,1.2118,0.04,108,Overloaded
2016-06-07,FM-01,Family Medicine,41,36,5,47.98,17.2,705,540,1.3056,0.122,165,Overloaded
2016-06-07,FM-02,Family Medicine,49,42,7,81.9,17.2,843,540,1.5611,0.1429,303,Overloaded
2016-06-07,FM-03,Family Medicine,25,21,4,10.08,17.24,431,540,0.7981,0.16,-109,Balanced
2016-06-07,FM-04,Family Medicine,39,30,9,43.59,17.41,679,540,1.2574,0.2308,139,Overloaded
2016-06-07,FM-05,Family Medicine,39,31,8,41.15,17.31,675,540,1.25,0.2051,135,Overloaded
2016-06-07,FM-06,Family Medicine,42,32,10,54.12,17.14,720,540,1.3333,0.2381,180,Overloaded
2016-06-07,FM-07,Family Medicine,42,35,7,53.9,17.33,728,540,1.3481,0.1667,188,Overloaded
2016-06-07,FM-08,Family Medicine,32,29,3,14.41,17.19,550,540,1.0185,0.0938,10,Overloaded
2016-06-07,FM-09,Family Medicine,42,36,6,54.48,17.38,730,540,1.3519,0.1429,190,Overloaded
2016-06-07,FM-10,Family Medicine,40,34,6,45.08,17.15,686,540,1.2704,0.15,146,Overloaded
2016-06-07,FM-11,Family Medicine,44,36,8,63.16,17.45,768,540,1.4222,0.1818,228,Overloaded
2016-06-07,FM-12,Family Medicine,34,27,7,21.79,17.06,580,540,1.0741,0.2059,40,Overloaded
2016-06-07,FM-13,Family Medicine,38,33,5,38.0,17.37,660,540,1.2222,0.1316,120,Overloaded
2016-06-07,FM-14,Family Medicine,37,29,8,35.73,17.49,647,540,1.1981,0.2162,107,Overloaded
2016-06-07,FM-15,Family Medicine,47,32,15,73.3,17.26,811,540,1.5019,0.3191,271,Overloaded
2016-06-07,FM-16,Family Medicine,44,32,12,62.23,17.36,764,540,1.4148,0.2727,224,Overloaded
2016-06-07,FM-17,Family Medicine,40,29,11,45.95,17.35,694,540,1.2852,0.275,154,Overloaded
2016-06-07,FM-18,Family Medicine,38,34,4,37.95,17.21,654,540,1.2111,0.1053,114,Overloaded
2016-06-07,FM-19,Family Medicine,36,29,7,29.28,17.22,620,540,1.1481,0.1944,80,Overloaded
2016-06-07,FM-20,Family Medicine,47,37,10,74.7,17.34,815,540,1.5093,0.2128,275,Overloaded
2016-06-07,FM-21,Family Medicine,36,32,4,27.89,17.06,614,540,1.137,0.1111,74,Overloaded
2016-06-07,FM-22,Family Medicine,41,36,5,51.15,17.2,705,540,1.3056,0.122,165,Overloaded
2016-06-07,FM-23,Family Medicine,43,38,5,57.53,17.33,745,540,1.3796,0.1163,205,Overloaded
2016-06-07,FM-24,Family Medicine,33,25,8,18.73,17.3,571,540,1.0574,0.2424,31,Overloaded
2016-06-07,GER-01,Geriatrics,25,23,2,51.48,31.96,799,480,1.6646,0.08,319,Overloaded
2016-06-07,GER-02,Geriatrics,29,24,5,67.86,31.83,923,480,1.9229,0.1724,443,Overloaded
2016-06-07,GER-03,Geriatrics,16,14,2,20.62,33.25,532,480,1.1083,0.125,52,Overloaded
2016-06-07,GER-04,Geriatrics,22,17,5,42.0,32.73,720,480,1.5,0.2273,240,Overloaded
2016-06-07,GER-05,Geriatrics,26,22,4,57.58,32.38,842,480,1.7542,0.1538,362,Overloaded
2016-06-07,GER-06,Geriatrics,31,27,4,76.87,32.1,995,480,2.0729,0.129,515,Overloaded
2016-06-07,GER-07,Geriatrics,28,23,5,64.46,32.57,912,480,1.9,0.1786,432,Overloaded
2016-06-07,GER-08,Geriatrics,20,15,5,33.2,32.7,654,480,1.3625,0.25,174,Overloaded
2016-06-07,GER-09,Geriatrics,31,25,6,76.32,32.68,1013,480,2.1104,0.1935,533,Overloaded
2016-06-07,GER-10,Geriatrics,25,19,6,51.6,31.4,785,480,1.6354,0.24,305,Overloaded
2016-06-07,GER-11,Geriatrics,19,17,2,31.05,33.21,631,480,1.3146,0.1053,151,Overloaded
2016-06-07,GER-12,Geriatrics,16,12,4,20.81,33.0,528,480,1.1,0.25,48,Overloaded
2016-06-07,GER-13,Geriatrics,29,23,6,68.17,32.66,947,480,1.9729,0.2069,467,Overloaded
2016-06-07,GER-14,Geriatrics,32,28,4,79.06,31.44,1006,480,2.0958,0.125,526,Overloaded
2016-06-07,GER-15,Geriatrics,22,19,3,42.5,32.91,724,480,1.5083,0.1364,244,Overloaded
2016-06-07,GER-16,Geriatrics,22,20,2,42.14,32.91,724,480,1.5083,0.0909,244,Overloaded
2016-06-07,GER-17,Geriatrics,29,21,8,66.31,31.97,927,480,1.9312,0.2759,447,Overloaded
2016-06-07,GER-18,Geriatrics,29,22,7,68.34,31.69,919,480,1.9146,0.2414,439,Overloaded
2016-06-07,GER-19,Geriatrics,22,19,3,41.36,32.82,722,480,1.5042,0.1364,242,Overloaded
2016-06-07,GER-20,Geriatrics,17,13,4,19.24,31.47,535,480,1.1146,0.2353,55,Overloaded
2016-06-07,GER-21,Geriatrics,15,13,2,17.0,33.0,495,480,1.0312,0.1333,15,Overloaded
2016-06-07,GER-22,Geriatrics,25,20,5,52.0,32.12,803,480,1.6729,0.2,323,Overloaded
2016-06-07,GER-23,Geriatrics,24,22,2,48.0,32.25,774,480,1.6125,0.0833,294,Overloaded
2016-06-07,GER-24,Geriatrics,22,19,3,39.77,31.64,696,480,1.45,0.1364,216,Overloaded
2016-06-07,PED-01,Pediatrics,42,36,6,36.67,15.1,634,540,1.1741,0.1429,94,Overloaded
2016-06-07,PED-02,Pediatrics,49,36,13,65.88,15.27,748,540,1.3852,0.2653,208,Overloaded
2016-06-07,PED-03,Pediatrics,51,45,6,74.65,15.31,781,540,1.4463,0.1176,241,Overloaded
2016-06-07,PED-04,Pediatrics,54,45,9,86.26,15.13,817,540,1.513,0.1667,277,Overloaded
2016-06-07,PED-05,Pediatrics,40,33,7,28.78,15.15,606,540,1.1222,0.175,66,Overloaded
2016-06-07,PED-06,Pediatrics,43,35,8,41.23,15.16,652,540,1.2074,0.186,112,Overloaded
2016-06-07,PED-07,Pediatrics,38,29,9,20.92,15.18,577,540,1.0685,0.2368,37,Overloaded
2016-06-07,PED-08,Pediatrics,38,30,8,23.39,15.26,580,540,1.0741,0.2105,40,Overloaded
2016-06-07,PED-09,Pediatrics,53,45,8,82.28,15.36,814,540,1.5074,0.1509,274,Overloaded
2016-06-07,PED-10,Pediatrics,53,42,11,81.04,15.09,800,540,1.4815,0.2075,260,Overloaded
2016-06-07,PED-11,Pediatrics,52,37,15,76.98,15.27,794,540,1.4704,0.2885,254,Overloaded
2016-06-07,PED-12,Pediatrics,52,46,6,77.75,15.23,792,540,1.4667,0.1154,252,Overloaded
2016-06-07,PED-13,Pediatrics,44,38,6,45.86,15.16,667,540,1.2352,0.1364,127,Overloaded
2016-06-07,PED-14,Pediatrics,42,35,7,37.95,15.21,639,540,1.1833,0.1667,99,Overloaded
2016-06-07,PED-15,Pediatrics,53,37,16,80.83,15.19,805,540,1.4907,0.3019,265,Overloaded
2016-06-07,PED-16,Pediatrics,48,35,13,61.79,15.29,734,540,1.3593,0.2708,194,Overloaded
2016-06-07,PED-17,Pediatrics,42,34,8,37.83,15.21,639,540,1.1833,0.1905,99,Overloaded
2016-06-07,PED-18,Pediatrics,48,42,6,61.52,15.17,728,540,1.3481,0.125,188,Overloaded
2016-06-07,PED-19,Pediatrics,49,36,13,65.69,15.37,753,540,1.3944,0.2653,213,Overloaded
2016-06-07,PED-20,Pediatrics,43,32,11,40.72,15.12,650,540,1.2037,0.2558,110,Overloaded
2016-06-07,PED-21,Pediatrics,47,35,12,56.62,15.13,711,540,1.3167,0.2553,171,Overloaded
2016-06-07,PED-22,Pediatrics,43,32,11,42.63,15.21,654,540,1.2111,0.2558,114,Overloaded
2016-06-07,PED-23,Pediatrics,43,37,6,41.56,15.21,654,540,1.2111,0.1395,114,Overloaded
2016-06-07,PED-24,Pediatrics,46,38,8,53.98,15.17,698,540,1.2926,0.1739,158,Overloaded
2016-06-07,REH-01,Rehabilitation,3,3,0,12.67,32.0,96,450,0.2133,0.0,-354,Underused
2016-06-07,REH-02,Rehabilitation,3,3,0,18.67,34.33,103,450,0.2289,0.0,-347,Underused
2016-06-07,REH-03,Rehabilitation,3,2,1,15.0,35.0,105,450,0.2333,0.3333,-345,Underused
2016-06-07,REH-04,Rehabilitation,3,3,0,17.33,37.67,113,450,0.2511,0.0,-337,Underused
2016-06-07,REH-05,Rehabilitation,1,1,0,16.0,32.0,32,450,0.0711,0.0,-418,Underused
2016-06-07,REH-06,Rehabilitation,2,2,0,21.5,38.5,77,450,0.1711,0.0,-373,Underused
2016-06-07,REH-07,Rehabilitation,4,4,0,19.75,38.25,153,450,0.34,0.0,-297,Underused
2016-06-07,REH-08,Rehabilitation,5,3,2,18.8,35.4,177,450,0.3933,0.4,-273,Underused
2016-06-07,REH-09,Rehabilitation,4,3,1,18.0,33.0,132,450,0.2933,0.25,-318,Underused
2016-06-07,REH-10,Rehabilitation,5,4,1,19.8,37.2,186,450,0.4133,0.2,-264,Underused
2016-06-07,REH-11,Rehabilitation,7,4,3,15.86,38.43,269,450,0.5978,0.4286,-181,Underused
2016-06-07,REH-12,Rehabilitation,3,3,0,20.0,40.67,122,450,0.2711,0.0,-328,Underused
2016-06-07,REH-13,Rehabilitation,3,3,0,19.67,38.0,114,450,0.2533,0.0,-336,Underused
2016-06-07,REH-14,Rehabilitation,5,3,2,13.6,34.8,174,450,0.3867,0.4,-276,Underused
2016-06-07,REH-15,Rehabilitation,2,2,0,19.0,38.5,77,450,0.1711,0.0,-373,Underused
2016-06-07,REH-16,Rehabilitation,5,5,0,16.8,34.4,172,450,0.3822,0.0,-278,Underused
2016-06-07,REH-17,Rehabilitation,3,3,0,15.33,34.67,104,450,0.2311,0.0,-346,Underused
2016-06-07,REH-18,Rehabilitation,7,7,0,18.0,35.57,249,450,0.5533,0.0,-201,Underused
2016-06-07,REH-19,Rehabilitation,3,3,0,18.0,34.0,102,450,0.2267,0.0,-348,Underused
2016-06-07,REH-20,Rehabilitation,3,3,0,17.67,35.0,105,450,0.2333,0.0,-345,Underused
2016-06-07,REH-21,Rehabilitation,1,1,0,11.0,32.0,32,450,0.0711,0.0,-418,Underused
2016-06-07,REH-22,Rehabilitation,3,3,0,16.33,34.67,104,450,0.2311,0.0,-346,Underused
2016-06-07,REH-23,Rehabilitation,4,3,1,14.75,32.5,130,450,0.2889,0.25,-320,Underused
2016-06-07,REH-24,Rehabilitation,5,5,0,20.8,36.6,183,450,0.4067,0.0,-267,Underused
2016-06-07,WH-01,Women's Health,44,37,7,69.16,18.36,808,540,1.4963,0.1591,268,Overloaded
2016-06-07,WH-02,Women's Health,37,32,5,42.22,18.43,682,540,1.263,0.1351,142,Overloaded
2016-06-07,WH-03,Women's Health,33,29,4,26.55,18.61,614,540,1.137,0.1212,74,Overloaded
2016-06-07,WH-04,Women's Health,44,38,6,70.2,18.41,810,540,1.5,0.1364,270,Overloaded
2016-06-07,WH-05,Women's Health,49,43,6,89.1,18.45,904,540,1.6741,0.1224,364,Overloaded
2016-06-07,WH-06,Women's Health,53,45,8,95.0,18.49,980,540,1.8148,0.1509,440,Overloaded
2016-06-07,WH-07,Women's Health,48,40,8,84.48,18.21,874,540,1.6185,0.1667,334,Overloaded
2016-06-07,WH-08,Women's Health,47,36,11,83.02,18.47,868,540,1.6074,0.234,328,Overloaded
2016-06-07,WH-09,Women's Health,39,29,10,50.49,18.46,720,540,1.3333,0.2564,180,Overloaded
2016-06-07,WH-10,Women's Health,55,41,14,95.0,18.58,1022,540,1.8926,0.2545,482,Overloaded
2016-06-07,WH-11,Women's Health,35,25,10,34.89,18.63,652,540,1.2074,0.2857,112,Overloaded
2016-06-07,WH-12,Women's Health,39,30,9,50.74,18.51,722,540,1.337,0.2308,182,Overloaded
2016-06-07,WH-13,Women's Health,42,27,15,62.48,18.57,780,540,1.4444,0.3571,240,Overloaded
2016-06-07,WH-14,Women's Health,42,32,10,63.71,18.52,778,540,1.4407,0.2381,238,Overloaded
2016-06-07,WH-15,Women's Health,44,32,12,70.98,18.68,822,540,1.5222,0.2727,282,Overloaded
2016-06-07,WH-16,Women's Health,30,25,5,16.27,18.73,562,540,1.0407,0.1667,22,Overloaded
2016-06-07,WH-17,Women's Health,53,45,8,95.0,18.49,980,540,1.8148,0.1509,440,Overloaded
2016-06-07,WH-18,Women's Health,46,38,8,78.17,18.35,844,540,1.563,0.1739,304,Overloaded
2016-06-07,WH-19,Women's Health,50,41,9,92.5,18.68,934,540,1.7296,0.18,394,Overloaded
2016-06-07,WH-20,Women's Health,44,38,6,73.59,18.82,828,540,1.5333,0.1364,288,Overloaded
2016-06-07,WH-21,Women's Health,52,45,7,95.0,18.54,964,540,1.7852,0.1346,424,Overloaded
2016-06-07,WH-22,Women's Health,38,30,8,45.21,18.32,696,540,1.2889,0.2105,156,Overloaded
2016-06-07,WH-23,Women's Health,46,39,7,78.09,18.48,850,540,1.5741,0.1522,310,Overloaded
2016-06-07,WH-24,Women's Health,39,32,7,53.15,18.82,734,540,1.3593,0.1795,194,Overloaded
2016-06-08,BH-01,Behavioral Health,5,4,1,15.2,27.6,138,480,0.2875,0.2,-342,Underused
2016-06-08,BH-02,Behavioral Health,10,9,1,18.1,28.8,288,480,0.6,0.1,-192,Underused
2016-06-08,BH-03,Behavioral Health,5,5,0,15.6,26.8,134,480,0.2792,0.0,-346,Underused
2016-06-08,BH-04,Behavioral Health,11,10,1,16.27,27.27,300,480,0.625,0.0909,-180,Balanced
2016-06-08,BH-05,Behavioral Health,3,2,1,16.67,26.0,78,480,0.1625,0.3333,-402,Underused
2016-06-08,BH-06,Behavioral Health,6,6,0,15.67,29.0,174,480,0.3625,0.0,-306,Underused
2016-06-08,BH-07,Behavioral Health,4,3,1,18.25,30.0,120,480,0.25,0.25,-360,Underused
2016-06-08,BH-08,Behavioral Health,8,7,1,17.38,28.0,224,480,0.4667,0.125,-256,Underused
2016-06-08,BH-09,Behavioral Health,6,6,0,13.83,26.0,156,480,0.325,0.0,-324,Underused
2016-06-08,BH-10,Behavioral Health,5,5,0,16.8,28.8,144,480,0.3,0.0,-336,Underused
2016-06-08,BH-11,Behavioral Health,1,1,0,11.0,28.0,28,480,0.0583,0.0,-452,Underused
2016-06-08,BH-12,Behavioral Health,6,3,3,16.33,27.67,166,480,0.3458,0.5,-314,Underused
2016-06-08,BH-13,Behavioral Health,7,6,1,18.0,29.71,208,480,0.4333,0.1429,-272,Underused
2016-06-08,BH-14,Behavioral Health,5,4,1,18.2,29.2,146,480,0.3042,0.2,-334,Underused
2016-06-08,BH-15,Behavioral Health,4,3,1,14.75,26.0,104,480,0.2167,0.25,-376,Underused
2016-06-08,BH-16,Behavioral Health,9,9,0,15.89,29.33,264,480,0.55,0.0,-216,Underused
2016-06-08,BH-17,Behavioral Health,5,5,0,18.6,27.6,138,480,0.2875,0.0,-342,Underused
2016-06-08,BH-18,Behavioral Health,11,10,1,18.55,28.91,318,480,0.6625,0.0909,-162,Balanced
2016-06-08,BH-19,Behavioral Health,9,7,2,15.33,28.44,256,480,0.5333,0.2222,-224,Underused
2016-06-08,BH-20,Behavioral Health,4,3,1,17.5,28.0,112,480,0.2333,0.25,-368,Underused
2016-06-08,BH-21,Behavioral Health,2,1,1,15.0,28.0,56,480,0.1167,0.5,-424,Underused
2016-06-08,BH-22,Behavioral Health,3,2,1,12.67,26.0,78,480,0.1625,0.3333,-402,Underused
2016-06-08,BH-23,Behavioral Health,9,8,1,15.56,28.44,256,480,0.5333,0.1111,-224,Underused
2016-06-08,BH-24,Behavioral Health,7,7,0,17.86,26.57,186,480,0.3875,0.0,-294,Underused
2016-06-08,CHR-01,Chronic Care,19,17,2,17.26,25.58,486,510,0.9529,0.1053,-24,Overloaded
2016-06-08,CHR-02,Chronic Care,20,17,3,17.65,25.0,500,510,0.9804,0.15,-10,Overloaded
2016-06-08,CHR-03,Chronic Care,27,22,5,43.78,25.41,686,510,1.3451,0.1852,176,Overloaded
2016-06-08,CHR-04,Chronic Care,16,14,2,17.0,25.5,408,510,0.8,0.125,-102,Balanced
2016-06-08,CHR-05,Chronic Care,15,15,0,15.53,25.33,380,510,0.7451,0.0,-130,Balanced
2016-06-08,CHR-06,Chronic Care,29,23,6,50.31,25.03,726,510,1.4235,0.2069,216,Overloaded
2016-06-08,CHR-07,Chronic Care,26,24,2,40.31,25.92,674,510,1.3216,0.0769,164,Overloaded
2016-06-08,CHR-08,Chronic Care,25,20,5,36.88,25.28,632,510,1.2392,0.2,122,Overloaded
2016-06-08,CHR-09,Chronic Care,17,16,1,16.06,25.06,426,510,0.8353,0.0588,-84,Balanced
2016-06-08,CHR-10,Chronic Care,23,19,4,26.78,25.04,576,510,1.1294,0.1739,66,Overloaded
2016-06-08,CHR-11,Chronic Care,33,25,8,66.7,25.45,840,510,1.6471,0.2424,330,Overloaded
2016-06-08,CHR-12,Chronic Care,28,20,8,48.0,25.5,714,510,1.4,0.2857,204,Overloaded
2016-06-08,CHR-13,Chronic Care,16,14,2,15.62,24.75,396,510,0.7765,0.125,-114,Balanced
2016-06-08,CHR-14,Chronic Care,23,22,1,27.09,25.3,582,510,1.1412,0.0435,72,Overloaded
2016-06-08,CHR-15,Chronic Care,29,25,4,49.83,25.03,726,510,1.4235,0.1379,216,Overloaded
2016-06-08,CHR-16,Chronic Care,21,19,2,20.9,25.81,542,510,1.0627,0.0952,32,Overloaded
2016-06-08,CHR-17,Chronic Care,18,14,4,14.11,25.56,460,510,0.902,0.2222,-50,Overloaded
2016-06-08,CHR-18,Chronic Care,18,17,1,17.56,26.22,472,510,0.9255,0.0556,-38,Overloaded
2016-06-08,CHR-19,Chronic Care,25,18,7,35.28,25.6,640,510,1.2549,0.28,130,Overloaded
2016-06-08,CHR-20,Chronic Care,19,19,0,16.74,24.95,474,510,0.9294,0.0,-36,Overloaded
2016-06-08,CHR-21,Chronic Care,20,15,5,14.85,24.9,498,510,0.9765,0.25,-12,Overloaded
2016-06-08,CHR-22,Chronic Care,16,11,5,17.25,25.25,404,510,0.7922,0.3125,-106,Balanced
2016-06-08,CHR-23,Chronic Care,23,22,1,26.09,25.13,578,510,1.1333,0.0435,68,Overloaded
2016-06-08,CHR-24,Chronic Care,21,20,1,20.0,25.33,532,510,1.0431,0.0476,22,Overloaded
2016-06-08,FM-01,Family Medicine,43,37,6,57.88,17.37,747,540,1.3833,0.1395,207,Overloaded
2016-06-08,FM-02,Family Medicine,27,18,9,12.19,17.15,463,540,0.8574,0.3333,-77,Balanced
2016-06-08,FM-03,Family Medicine,50,44,6,85.3,17.28,864,540,1.6,0.12,324,Overloaded
2016-06-08,FM-04,Family Medicine,49,41,8,83.65,17.41,853,540,1.5796,0.1633,313,Overloaded
2016-06-08,FM-05,Family Medicine,39,30,9,41.05,17.26,673,540,1.2463,0.2308,133,Overloaded
2016-06-08,FM-06,Family Medicine,39,34,5,42.92,17.31,675,540,1.25,0.1282,135,Overloaded
2016-06-08,FM-07,Family Medicine,48,45,3,78.77,17.42,836,540,1.5481,0.0625,296,Overloaded
2016-06-08,FM-08,Family Medicine,51,46,5,90.0,17.51,893,540,1.6537,0.098,353,Overloaded
2016-06-08,FM-09,Family Medicine,42,38,4,54.02,17.38,730,540,1.3519,0.0952,190,Overloaded
2016-06-08,FM-10,Family Medicine,45,39,6,65.93,17.18,773,540,1.4315,0.1333,233,Overloaded
2016-06-08,FM-11,Family Medicine,44,39,5,62.36,17.41,766,540,1.4185,0.1136,226,Overloaded
2016-06-08,FM-12,Family Medicine,38,31,7,39.82,17.37,660,540,1.2222,0.1842,120,Overloaded
2016-06-08,FM-13,Family Medicine,43,31,12,57.53,17.23,741,540,1.3722,0.2791,201,Overloaded
2016-06-08,FM-14,Family Medicine,43,35,8,58.81,17.42,749,540,1.387,0.186,209,Overloaded
2016-06-08,FM-15,Family Medicine,37,32,5,33.3,17.22,637,540,1.1796,0.1351,97,Overloaded
2016-06-08,FM-16,Family Medicine,44,32,12,63.36,17.36,764,540,1.4148,0.2727,224,Overloaded
2016-06-08,FM-17,Family Medicine,40,30,10,45.02,17.2,688,540,1.2741,0.25,148,Overloaded
2016-06-08,FM-18,Family Medicine,42,32,10,52.33,17.19,722,540,1.337,0.2381,182,Overloaded
2016-06-08,FM-19,Family Medicine,39,30,9,42.15,17.31,675,540,1.25,0.2308,135,Overloaded
2016-06-08,FM-20,Family Medicine,30,24,6,12.83,17.27,518,540,0.9593,0.2,-22,Overloaded
2016-06-08,FM-21,Family Medicine,41,37,4,48.88,17.24,707,540,1.3093,0.0976,167,Overloaded
2016-06-08,FM-22,Family Medicine,52,43,9,92.17,17.27,898,540,1.663,0.1731,358,Overloaded
2016-06-08,FM-23,Family Medicine,49,37,12,80.61,17.16,841,540,1.5574,0.2449,301,Overloaded
2016-06-08,FM-24,Family Medicine,36,32,4,31.14,17.33,624,540,1.1556,0.1111,84,Overloaded
2016-06-08,GER-01,Geriatrics,20,16,4,32.2,32.7,654,480,1.3625,0.2,174,Overloaded
2016-06-08,GER-02,Geriatrics,29,26,3,67.72,32.03,929,480,1.9354,0.1034,449,Overloaded
2016-06-08,GER-03,Geriatrics,32,27,5,81.38,32.75,1048,480,2.1833,0.1562,568,Overloaded
2016-06-08,GER-04,Geriatrics,22,21,1,39.55,31.73,698,480,1.4542,0.0455,218,Overloaded
2016-06-08,GER-05,Geriatrics,12,11,1,14.17,32.83,394,480,0.8208,0.0833,-86,Balanced
2016-06-08,GER-06,Geriatrics,21,17,4,35.81,31.67,665,480,1.3854,0.1905,185,Overloaded
2016-06-08,GER-07,Geriatrics,30,29,1,73.6,32.8,984,480,2.05,0.0333,504,Overloaded
2016-06-08,GER-08,Geriatrics,31,30,1,77.26,32.55,1009,480,2.1021,0.0323,529,Overloaded
2016-06-08,GER-09,Geriatrics,18,16,2,19.89,30.78,554,480,1.1542,0.1111,74,Overloaded
2016-06-08,GER-10,Geriatrics,22,22,0,40.86,32.18,708,480,1.475,0.0,228,Overloaded
2016-06-08,GER-11,Geriatrics,24,23,1,47.12,32.0,768,480,1.6,0.0417,288,Overloaded
2016-06-08,GER-12,Geriatrics,19,18,1,30.21,32.68,621,480,1.2938,0.0526,141,Overloaded
2016-06-08,GER-13,Geriatrics,27,25,2,59.37,31.67,855,480,1.7812,0.0741,375,Overloaded
2016-06-08,GER-14,Geriatrics,22,21,1,41.27,31.91,702,480,1.4625,0.0455,222,Overloaded
2016-06-08,GER-15,Geriatrics,28,24,4,65.0,32.64,914,480,1.9042,0.1429,434,Overloaded
2016-06-08,GER-16,Geriatrics,27,24,3,65.67,33.96,917,480,1.9104,0.1111,437,Overloaded
2016-06-08,GER-17,Geriatrics,29,28,1,69.34,32.31,937,480,1.9521,0.0345,457,Overloaded
2016-06-08,GER-18,Geriatrics,25,18,7,54.08,32.92,823,480,1.7146,0.28,343,Overloaded
2016-06-08,GER-19,Geriatrics,22,17,5,43.5,33.45,736,480,1.5333,0.2273,256,Overloaded
2016-06-08,GER-20,Geriatrics,23,22,1,47.09,32.65,751,480,1.5646,0.0435,271,Overloaded
2016-06-08,GER-21,Geriatrics,27,23,4,62.19,33.0,891,480,1.8562,0.1481,411,Overloaded
2016-06-08,GER-22,Geriatrics,16,15,1,21.0,33.12,530,480,1.1042,0.0625,50,Overloaded
2016-06-08,GER-23,Geriatrics,27,23,4,62.89,33.3,899,480,1.8729,0.1481,419,Overloaded
2016-06-08,GER-24,Geriatrics,21,19,2,37.52,32.43,681,480,1.4188,0.0952,201,Overloaded
2016-06-08,PED-01,Pediatrics,47,38,9,56.89,15.15,712,540,1.3185,0.1915,172,Overloaded
2016-06-08,PED-02,Pediatrics,50,40,10,70.62,15.18,759,540,1.4056,0.2,219,Overloaded
2016-06-08,PED-03,Pediatrics,42,36,6,36.83,15.14,636,540,1.1778,0.1429,96,Overloaded
2016-06-08,PED-04,Pediatrics,40,32,8,29.72,15.15,606,540,1.1222,0.2,66,Overloaded
2016-06-08,PED-05,Pediatrics,48,37,11,62.67,15.42,740,540,1.3704,0.2292,200,Overloaded
2016-06-08,PED-06,Pediatrics,51,42,9,73.94,15.33,782,540,1.4481,0.1765,242,Overloaded
2016-06-08,PED-07,Pediatrics,41,35,6,33.95,15.24,625,540,1.1574,0.1463,85,Overloaded
2016-06-08,PED-08,Pediatrics,44,27,17,46.36,15.25,671,540,1.2426,0.3864,131,Overloaded
2016-06-08,PED-09,Pediatrics,51,41,10,72.75,15.18,774,540,1.4333,0.1961,234,Overloaded
2016-06-08,PED-10,Pediatrics,41,31,10,34.17,15.2,623,540,1.1537,0.2439,83,Overloaded
2016-06-08,PED-11,Pediatrics,38,28,10,21.63,15.24,579,540,1.0722,0.2632,39,Overloaded
2016-06-08,PED-12,Pediatrics,50,40,10,69.88,15.22,761,540,1.4093,0.2,221,Overloaded
2016-06-08,PED-13,Pediatrics,44,35,9,44.55,15.18,668,540,1.237,0.2045,128,Overloaded
2016-06-08,PED-14,Pediatrics,42,31,11,39.6,15.31,643,540,1.1907,0.2619,103,Overloaded
2016-06-08,PED-15,Pediatrics,51,46,5,72.27,15.18,774,540,1.4333,0.098,234,Overloaded
2016-06-08,PED-16,Pediatrics,46,34,12,53.37,15.22,700,540,1.2963,0.2609,160,Overloaded
2016-06-08,PED-17,Pediatrics,45,38,7,51.11,15.38,692,540,1.2815,0.1556,152,Overloaded
2016-06-08,PED-18,Pediatrics,56,45,11,93.11,15.38,861,540,1.5944,0.1964,321,Overloaded
2016-06-08,PED-19,Pediatrics,43,35,8,42.33,15.35,660,540,1.2222,0.186,120,Overloaded
2016-06-08,PED-20,Pediatrics,33,28,5,13.21,15.09,498,540,0.9222,0.1515,-42,Overloaded
2016-06-08,PED-21,Pediatrics,56,47,9,92.73,15.54,870,540,1.6111,0.1607,330,Overloaded
2016-06-08,PED-22,Pediatrics,49,42,7,67.37,15.24,747,540,1.3833,0.1429,207,Overloaded
2016-06-08,PED-23,Pediatrics,42,32,10,39.33,15.33,644,540,1.1926,0.2381,104,Overloaded
2016-06-08,PED-24,Pediatrics,48,38,10,63.46,15.4,739,540,1.3685,0.2083,199,Overloaded
2016-06-08,REH-01,Rehabilitation,2,1,1,12.0,32.0,64,450,0.1422,0.5,-386,Underused
2016-06-08,REH-02,Rehabilitation,2,2,0,14.5,32.0,64,450,0.1422,0.0,-386,Underused
2016-06-08,REH-03,Rehabilitation,1,1,0,16.0,30.0,30,450,0.0667,0.0,-420,Underused
2016-06-08,REH-04,Rehabilitation,5,4,1,19.0,38.0,190,450,0.4222,0.2,-260,Underused
2016-06-08,REH-05,Rehabilitation,7,5,2,16.57,35.29,247,450,0.5489,0.2857,-203,Underused
2016-06-08,REH-06,Rehabilitation,4,4,0,20.0,36.75,147,450,0.3267,0.0,-303,Underused
2016-06-08,REH-07,Rehabilitation,2,1,1,15.0,36.5,73,450,0.1622,0.5,-377,Underused
2016-06-08,REH-08,Rehabilitation,1,1,0,27.0,45.0,45,450,0.1,0.0,-405,Underused
2016-06-08,REH-09,Rehabilitation,1,1,0,16.0,32.0,32,450,0.0711,0.0,-418,Underused
2016-06-08,REH-10,Rehabilitation,6,4,2,19.67,35.33,212,450,0.4711,0.3333,-238,Underused
2016-06-08,REH-11,Rehabilitation,5,5,0,18.0,37.8,189,450,0.42,0.0,-261,Underused
2016-06-08,REH-12,Rehabilitation,4,4,0,20.5,33.0,132,450,0.2933,0.0,-318,Underused
2016-06-08,REH-13,Rehabilitation,3,2,1,17.0,35.67,107,450,0.2378,0.3333,-343,Underused
2016-06-08,REH-14,Rehabilitation,3,3,0,18.0,34.67,104,450,0.2311,0.0,-346,Underused
2016-06-08,REH-15,Rehabilitation,3,2,1,15.0,34.0,102,450,0.2267,0.3333,-348,Underused
2016-06-08,REH-16,Rehabilitation,4,3,1,19.25,34.25,137,450,0.3044,0.25,-313,Underused
2016-06-08,REH-17,Rehabilitation,3,2,1,21.33,36.0,108,450,0.24,0.3333,-342,Underused
2016-06-08,REH-18,Rehabilitation,3,3,0,18.67,35.0,105,450,0.2333,0.0,-345,Underused
2016-06-08,REH-19,Rehabilitation,2,2,0,17.5,36.5,73,450,0.1622,0.0,-377,Underused
2016-06-08,REH-20,Rehabilitation,5,5,0,18.2,37.8,189,450,0.42,0.0,-261,Underused
2016-06-08,REH-21,Rehabilitation,2,2,0,13.5,36.0,72,450,0.16,0.0,-378,Underused
2016-06-08,REH-22,Rehabilitation,4,4,0,16.25,36.5,146,450,0.3244,0.0,-304,Underused
2016-06-08,REH-23,Rehabilitation,4,3,1,16.75,35.25,141,450,0.3133,0.25,-309,Underused
2016-06-08,REH-24,Rehabilitation,3,2,1,16.0,33.33,100,450,0.2222,0.3333,-350,Underused
2016-06-08,WH-01,Women's Health,37,29,8,41.97,18.49,684,540,1.2667,0.2162,144,Overloaded
2016-06-08,WH-02,Women's Health,39,33,6,51.77,18.62,726,540,1.3444,0.1538,186,Overloaded
2016-06-08,WH-03,Women's Health,55,45,10,95.0,18.51,1018,540,1.8852,0.1818,478,Overloaded
2016-06-08,WH-04,Women's Health,39,32,7,50.08,18.41,718,540,1.3296,0.1795,178,Overloaded
2016-06-08,WH-05,Women's Health,60,48,12,95.0,18.37,1102,540,2.0407,0.2,562,Overloaded
2016-06-08,WH-06,Women's Health,33,25,8,26.3,18.48,610,540,1.1296,0.2424,70,Overloaded
2016-06-08,WH-07,Women's Health,40,34,6,54.35,18.5,740,540,1.3704,0.15,200,Overloaded
2016-06-08,WH-08,Women's Health,41,37,4,59.59,18.68,766,540,1.4185,0.0976,226,Overloaded
2016-06-08,WH-09,Women's Health,49,36,13,89.39,18.57,910,540,1.6852,0.2653,370,Overloaded
2016-06-08,WH-10,Women's Health,34,27,7,30.68,18.41,626,540,1.1593,0.2059,86,Overloaded
2016-06-08,WH-11,Women's Health,32,26,6,24.12,18.88,604,540,1.1185,0.1875,64,Overloaded
2016-06-08,WH-12,Women's Health,55,44,11,95.0,18.65,1026,540,1.9,0.2,486,Overloaded
2016-06-08,WH-13,Women's Health,42,35,7,61.26,18.38,772,540,1.4296,0.1667,232,Overloaded
2016-06-08,WH-14,Women's Health,43,35,8,66.4,18.33,788,540,1.4593,0.186,248,Overloaded
2016-06-08,WH-15,Women's Health,51,37,14,94.16,18.9,964,540,1.7852,0.2745,424,Overloaded
2016-06-08,WH-16,Women's Health,52,37,15,95.0,18.46,960,540,1.7778,0.2885,420,Overloaded
2016-06-08,WH-17,Women's Health,40,33,7,55.18,18.5,740,540,1.3704,0.175,200,Overloaded
2016-06-08,WH-18,Women's Health,50,39,11,92.24,18.6,930,540,1.7222,0.22,390,Overloaded
2016-06-08,WH-19,Women's Health,47,39,8,82.26,18.55,872,540,1.6148,0.1702,332,Overloaded
2016-06-08,WH-20,Women's Health,52,44,8,95.0,18.5,962,540,1.7815,0.1538,422,Overloaded
2016-06-08,WH-21,Women's Health,45,32,13,73.67,18.49,832,540,1.5407,0.2889,292,Overloaded
2016-06-08,WH-22,Women's Health,40,28,12,55.1,18.6,744,540,1.3778,0.3,204,Overloaded
2016-06-08,WH-23,Women's Health,33,26,7,25.18,18.36,606,540,1.1222,0.2121,66,Overloaded
2016-06-08,WH-24,Women's Health,36,34,2,40.39,18.72,674,540,1.2481,0.0556,134,Overloaded
